mapping,channels,period_us,scenario,lookup_us,outstanding,mean_request_latency_us,p95_request_latency_us,mean_request_service_us,mean_first_data_latency_us,mean_burst_latency_us,throughput_gbps,completion_span_us,peak_outstanding,buffer_peak_bytes,ready_hit_at_ar,ready_hit_at_lookup,late_hit_at_ar,r_idle_us,hol_idle_us,nand_bytes
single,1,0.0,none,0.0,1,739.2440000002971,1388.8826666672248,44.80266666668467,704.6200000002791,2.800166666667792,1.46277007320934,1433.6853333339095,1,16384,0.0,0.0,0.0,1302.6133333332837,0.0,2097152
single,1,0.0,none,0.0,2,722.6040000002176,1357.3946666670745,44.034666666681005,688.7480000002033,5.472829427084974,1.4967113276487587,1401.1733333337543,2,32768,0.0,0.0,0.0,1270.1013333331284,0.0,2097152
single,1,0.0,none,0.0,4,689.3240000000587,1294.4186666667738,42.49866666667367,657.0040000000517,10.43564322916751,1.5695491122747458,1336.1493333334438,4,32768,0.0,0.0,0.0,1205.077333332818,0.0,2097152
single,1,0.0,none,0.0,8,458.1840000000266,857.0306666667129,35.04756250000537,436.53200000002107,13.76106250000069,2.370902754434206,884.537333333381,8,49152,0.0,0.0,0.0,753.4653333327551,0.0,2097152
single,1,0.0,none,0.0,16,458.1840000000266,857.0306666667129,48.371104166672694,436.53200000002107,27.306979166667986,2.370902754434206,884.537333333381,16,81920,0.0,0.0,0.0,753.4653333327551,0.0,2097152
single,1,0.0,none,0.0,32,458.1840000000266,857.0306666667129,74.48362500000712,436.53200000002107,53.75337500000239,2.370902754434206,884.537333333381,32,147456,0.0,0.0,0.0,753.4653333327551,0.0,2097152
single,1,0.0,none,0.0,64,458.1840000000266,857.0306666667129,124.12691666667524,436.53200000002107,104.06441666667047,2.370902754434206,884.537333333381,64,278528,0.0,0.0,0.0,753.4653333327551,0.0,2097152
single,1,0.0,none,0.5,1,871.2440000002971,1636.8826666672248,52.80266666668467,829.1200000002791,3.300166666667792,1.2411494368967033,1689.6853333339095,1,16384,0.0,0.0,0.0,1558.6133333332837,0.0,2097152
single,1,0.0,none,0.5,2,771.708000000137,1449.650666666923,47.010666666676116,735.3760000001275,5.844829427084363,1.4014598540143508,1496.4053333335978,2,16384,0.0,0.0,0.0,1365.333333332972,0.0,2097152
single,1,0.0,none,0.5,4,722.3240000000587,1356.4186666667738,44.49866666667367,688.5040000000517,10.93564322916751,1.4978059483177755,1400.1493333334438,4,32768,0.0,0.0,0.0,1269.077333332818,0.0,2097152
single,1,0.0,none,0.5,8,458.6840000000266,857.5306666667129,35.06318750000537,437.03200000002107,13.76887500000069,2.369563317856144,885.037333333381,8,49152,0.0,0.0,0.0,753.9653333327551,0.0,2097152
single,1,0.0,none,0.5,16,458.6840000000266,857.5306666667129,48.386729166672694,437.03200000002107,27.322604166667986,2.369563317856144,885.037333333381,16,81920,0.0,0.0,0.0,753.9653333327551,0.0,2097152
single,1,0.0,none,0.5,32,458.6840000000266,857.5306666667129,74.51487500000712,437.03200000002107,53.78462500000239,2.369563317856144,885.037333333381,32,147456,0.0,0.0,0.0,753.9653333327551,0.0,2097152
single,1,0.0,none,0.5,64,458.6840000000266,857.5306666667129,124.18941666667524,437.03200000002107,104.12691666667047,2.369563317856144,885.037333333381,64,278528,0.0,0.0,0.0,753.9653333327551,0.0,2097152
single,1,0.0,none,1.0,1,1003.2440000002971,1884.8826666672248,60.80266666668467,953.6200000002791,3.800166666667792,1.0778474628302583,1945.6853333339095,1,16384,0.0,0.0,0.0,1814.6133333332837,0.0,2097152
single,1,0.0,none,1.0,2,837.708000000137,1573.650666666923,51.010666666676116,797.8760000001275,6.344829427084363,1.2910275267911324,1624.4053333335978,2,16384,0.0,0.0,0.0,1493.333333332972,0.0,2097152
single,1,0.0,none,1.0,4,755.3240000000587,1418.4186666667738,46.49866666667367,720.0040000000517,11.43564322916751,1.4323347709522174,1464.1493333334438,4,16384,0.0,0.0,0.0,1333.077333332818,0.0,2097152
single,1,0.0,none,1.0,8,459.1840000000266,858.0306666667129,35.07881250000537,437.53200000002107,13.77668750000069,2.3682253938473745,885.537333333381,8,32768,0.0,0.0,0.0,754.4653333327551,0.0,2097152
single,1,0.0,none,1.0,16,459.1840000000266,858.0306666667129,48.402354166672694,437.53200000002107,27.338229166667986,2.3682253938473745,885.537333333381,16,65536,0.0,0.0,0.0,754.4653333327551,0.0,2097152
single,1,0.0,none,1.0,32,459.1840000000266,858.0306666667129,74.54612500000712,437.53200000002107,53.81587500000239,2.3682253938473745,885.537333333381,32,131072,0.0,0.0,0.0,754.4653333327551,0.0,2097152
single,1,0.0,none,1.0,64,459.1840000000266,858.0306666667129,124.25191666667524,437.53200000002107,104.18941666667047,2.3682253938473745,885.537333333381,64,262144,0.0,0.0,0.0,754.4653333327551,0.0,2097152
single,1,0.0,none,2.0,1,1267.244000000297,2380.882666667225,76.80266666668467,1202.620000000279,4.800166666667792,0.8533037047322745,2457.6853333339095,1,16384,0.0,0.0,0.0,2326.6133333332837,0.0,2097152
single,1,0.0,none,2.0,2,969.708000000137,1821.650666666923,59.010666666676116,922.8760000001275,7.344829427084363,1.115265928480511,1880.4053333335978,2,16384,0.0,0.0,0.0,1749.333333332972,0.0,2097152
single,1,0.0,none,2.0,4,821.3240000000587,1542.4186666667738,50.49866666667367,783.0040000000517,12.43564322916751,1.3171829778110353,1592.1493333334438,4,16384,0.0,0.0,0.0,1461.077333332818,0.0,2097152
single,1,0.0,none,2.0,8,460.1840000000266,859.0306666667129,35.11006250000537,438.53200000002107,13.79231250000069,2.3655540733007907,886.537333333381,8,32768,0.0,0.0,0.0,755.4653333327551,0.0,2097152
single,1,0.0,none,2.0,16,460.1840000000266,859.0306666667129,48.433604166672694,438.53200000002107,27.369479166667986,2.3655540733007907,886.537333333381,16,65536,0.0,0.0,0.0,755.4653333327551,0.0,2097152
single,1,0.0,none,2.0,32,460.1840000000266,859.0306666667129,74.60862500000712,438.53200000002107,53.87837500000239,2.3655540733007907,886.537333333381,32,131072,0.0,0.0,0.0,755.4653333327551,0.0,2097152
single,1,0.0,none,2.0,64,460.1840000000266,859.0306666667129,124.37691666667524,438.53200000002107,104.31441666667047,2.3655540733007907,886.537333333381,64,262144,0.0,0.0,0.0,755.4653333327551,0.0,2097152
single,1,0.0,none,3.0,1,1531.244000000297,2876.882666667225,92.80266666668467,1451.620000000279,5.800166666667792,0.7061866038330862,2969.6853333339095,1,16384,0.0,0.0,0.0,2838.6133333332837,0.0,2097152
single,1,0.0,none,3.0,2,1101.708000000137,2069.650666666923,67.01066666667612,1047.8760000001275,8.344829427084363,0.9816264579005016,2136.405333333598,2,16384,0.0,0.0,0.0,2005.333333332972,0.0,2097152
single,1,0.0,none,3.0,4,887.3240000000587,1666.4186666667738,54.49866666667367,846.0040000000517,13.43564322916751,1.2191685683102698,1720.1493333334438,4,16384,0.0,0.0,0.0,1589.077333332818,0.0,2097152
single,1,0.0,none,3.0,8,461.1840000000266,860.0306666667129,35.14131250000537,439.53200000002107,13.80793750000069,2.3628887723782745,887.537333333381,8,32768,0.0,0.0,0.0,756.4653333327551,0.0,2097152
single,1,0.0,none,3.0,16,461.1840000000266,860.0306666667129,48.464854166672694,439.53200000002107,27.400729166667986,2.3628887723782745,887.537333333381,16,65536,0.0,0.0,0.0,756.4653333327551,0.0,2097152
single,1,0.0,none,3.0,32,461.1840000000266,860.0306666667129,74.67112500000712,439.53200000002107,53.94087500000239,2.3628887723782745,887.537333333381,32,131072,0.0,0.0,0.0,756.4653333327551,0.0,2097152
single,1,0.0,none,3.0,64,461.1840000000266,860.0306666667129,124.50191666667524,439.53200000002107,104.43941666667047,2.3628887723782745,887.537333333381,64,262144,0.0,0.0,0.0,756.4653333327551,0.0,2097152
single,1,0.0,none,5.0,1,2059.244000000297,3868.882666667225,124.80266666668467,1949.620000000279,7.800166666667792,0.5251169846797388,3993.6853333339095,1,16384,0.0,0.0,0.0,3862.6133333332837,0.0,2097152
single,1,0.0,none,5.0,2,1365.708000000137,2565.650666666923,83.01066666667612,1297.8760000001275,10.344829427084363,0.7918546204406993,2648.405333333598,2,16384,0.0,0.0,0.0,2517.333333332972,0.0,2097152
single,1,0.0,none,5.0,4,1019.3240000000587,1914.4186666667738,62.49866666667367,972.0040000000517,15.43564322916751,1.0612315398565777,1976.1493333334438,4,16384,0.0,0.0,0.0,1845.077333332818,0.0,2097152
single,1,0.0,none,5.0,8,516.9226666666982,964.4700000000557,38.510000000005675,493.5913333333592,15.492281250000843,2.106980361057425,995.3353333333907,8,32768,0.0,0.0,0.0,864.2633333327649,0.0,2097152
single,1,0.0,none,5.0,16,463.1840000000266,862.0306666667129,48.527354166672694,441.53200000002107,27.463229166667986,2.357576148199762,889.537333333381,16,65536,0.0,0.0,0.0,758.4653333327551,0.0,2097152
single,1,0.0,none,5.0,32,463.1840000000266,862.0306666667129,74.79612500000712,441.53200000002107,54.06587500000239,2.357576148199762,889.537333333381,32,131072,0.0,0.0,0.0,758.4653333327551,0.0,2097152
single,1,0.0,none,5.0,64,463.1840000000266,862.0306666667129,124.75191666667524,441.53200000002107,104.68941666667047,2.357576148199762,889.537333333381,64,262144,0.0,0.0,0.0,758.4653333327551,0.0,2097152
single,1,0.0,none,10.0,1,3379.244000000297,6348.882666667225,204.80266666668467,3194.620000000279,12.800166666667792,0.319995833387558,6553.6853333339095,1,16384,0.0,0.0,0.0,6422.613333333284,0.0,2097152
single,1,0.0,none,10.0,2,2025.708000000137,3805.650666666923,123.01066666667612,1922.8760000001275,15.344829427084363,0.5338430793291846,3928.405333333598,2,16384,0.0,0.0,0.0,3797.333333332972,0.0,2097152
single,1,0.0,none,10.0,4,1349.3240000000587,2534.418666666774,82.49866666667367,1287.0040000000517,20.43564322916751,0.8016178485223746,2616.149333333444,4,16384,0.0,0.0,0.0,2485.077333332818,0.0,2097152
single,1,0.0,none,10.0,8,681.9226666666982,1274.4700000000557,48.510000000005675,653.5913333333592,20.492281250000843,1.5943858169500313,1315.3353333333907,8,32768,0.0,0.0,0.0,1184.263333332765,0.0,2097152
single,1,0.0,none,10.0,16,468.1840000000266,867.0306666667129,48.683604166672694,446.53200000002107,27.619479166667986,2.3443985196070316,894.537333333381,16,65536,0.0,0.0,0.0,763.4653333327551,0.0,2097152
single,1,0.0,none,10.0,32,468.1840000000266,867.0306666667129,75.10862500000712,446.53200000002107,54.37837500000239,2.3443985196070316,894.537333333381,32,131072,0.0,0.0,0.0,763.4653333327551,0.0,2097152
single,1,0.0,none,10.0,64,468.1840000000266,867.0306666667129,125.37691666667524,446.53200000002107,105.31441666667047,2.3443985196070316,894.537333333381,64,262144,0.0,0.0,0.0,763.4653333327551,0.0,2097152
single,1,0.0,ready,0.0,1,67.5840000003227,126.97600000060629,4.096000000019558,63.49000000030355,0.25600000000122236,15.999999999923602,131.07200000062585,1,2097152,1.0,1.0,0.0,0.0,0.0,2097152
single,1,0.0,ready,0.0,2,67.5840000003227,126.97600000060629,4.344000000020742,63.49000000030355,0.5114960937524415,15.999999999923602,131.07200000062585,2,2097152,1.0,1.0,0.0,0.0,0.0,2097152
single,1,0.0,ready,0.0,4,67.5840000003227,126.97600000060629,4.84000000002311,63.49000000030355,1.0209765625048703,15.999999999923602,131.07200000062585,4,2097152,1.0,1.0,0.0,0.0,0.0,2097152
single,1,0.0,ready,0.0,8,67.5840000003227,126.97600000060629,5.832000000027847,63.49000000030355,2.0338906250096898,15.999999999923602,131.07200000062585,8,2097152,1.0,1.0,0.0,0.0,0.0,2097152
single,1,0.0,ready,0.0,16,67.5840000003227,126.97600000060629,7.81600000003732,63.49000000030355,4.035531250019176,15.999999999923602,131.07200000062585,16,2097152,1.0,1.0,0.0,0.0,0.0,2097152
single,1,0.0,ready,0.0,32,67.5840000003227,126.97600000060629,11.66300000005549,63.49000000030355,7.942062500037537,15.999999999923602,131.07200000062585,32,2097152,1.0,1.0,0.0,0.0,0.0,2097152
single,1,0.0,ready,0.0,64,67.5840000003227,126.97600000060629,18.970000000089385,63.49000000030355,15.368125000071814,15.999999999923602,131.07200000062585,64,2097152,1.0,1.0,0.0,0.0,0.0,2097152
single,1,0.0,ready,0.5,1,199.5840000003227,374.9760000006063,12.096000000019558,187.99000000030355,0.7560000000012224,5.417989417980658,387.07200000062585,1,2097152,1.0,1.0,0.0,256.0,0.0,2097152
single,1,0.0,ready,0.5,2,100.04800000016257,187.74400000030437,6.304000000011001,94.24600000015198,0.756496093751224,10.821664464975854,193.79200000031415,2,2097152,1.0,1.0,0.0,62.7199999996883,0.0,2097152
single,1,0.0,ready,0.5,4,68.0840000003227,127.47600000060629,4.85562500002311,63.99000000030355,1.0248828125048703,15.939196789514671,131.57200000062585,4,2097152,1.0,1.0,0.0,0.5,0.0,2097152
single,1,0.0,ready,0.5,8,68.0840000003227,127.47600000060629,5.847625000027847,63.99000000030355,2.0417031250096898,15.939196789514671,131.57200000062585,8,2097152,1.0,1.0,0.0,0.5,0.0,2097152
single,1,0.0,ready,0.5,16,68.0840000003227,127.47600000060629,7.83162500003732,63.99000000030355,4.051156250019176,15.939196789514671,131.57200000062585,16,2097152,1.0,1.0,0.0,0.5,0.0,2097152
single,1,0.0,ready,0.5,32,68.0840000003227,127.47600000060629,11.69425000005549,63.99000000030355,7.973312500037537,15.939196789514671,131.57200000062585,32,2097152,1.0,1.0,0.0,0.5,0.0,2097152
single,1,0.0,ready,0.5,64,68.0840000003227,127.47600000060629,19.032500000089385,63.99000000030355,15.430625000071814,15.939196789514671,131.57200000062585,64,2097152,1.0,1.0,0.0,0.5,0.0,2097152
single,1,0.0,ready,1.0,1,331.5840000003227,622.9760000006063,20.096000000019558,312.49000000030355,1.2560000000012224,3.261146496812113,643.0720000006258,1,2097152,1.0,1.0,0.0,512.0,0.0,2097152
single,1,0.0,ready,1.0,2,166.04800000016257,311.74400000030437,10.304000000011001,156.74600000015198,1.256496093751224,6.517104216381864,321.79200000031415,2,2097152,1.0,1.0,0.0,190.7199999996883,0.0,2097152
single,1,0.0,ready,1.0,4,83.66400000008434,156.51200000015524,5.7920000000085565,78.8740000000762,1.258976562501232,12.98256735339442,161.53600000016013,4,2097152,1.0,1.0,0.0,30.46399999953428,0.0,2097152
single,1,0.0,ready,1.0,8,68.5840000003227,127.97600000060629,5.863250000027847,64.49000000030355,2.0495156250096898,15.878853958371662,132.07200000062585,8,2097152,1.0,1.0,0.0,1.0,0.0,2097152
single,1,0.0,ready,1.0,16,68.5840000003227,127.97600000060629,7.84725000003732,64.49000000030355,4.066781250019176,15.878853958371662,132.07200000062585,16,2097152,1.0,1.0,0.0,1.0,0.0,2097152
single,1,0.0,ready,1.0,32,68.5840000003227,127.97600000060629,11.72550000005549,64.49000000030355,8.004562500037537,15.878853958371662,132.07200000062585,32,2097152,1.0,1.0,0.0,1.0,0.0,2097152
single,1,0.0,ready,1.0,64,68.5840000003227,127.97600000060629,19.095000000089385,64.49000000030355,15.493125000071814,15.878853958371662,132.07200000062585,64,2097152,1.0,1.0,0.0,1.0,0.0,2097152
single,1,0.0,ready,2.0,1,595.5840000003227,1118.9760000006063,36.09600000001956,561.4900000003036,2.2560000000012224,1.815602836878449,1155.0720000006258,1,2097152,1.0,1.0,0.0,1024.0,0.0,2097152
single,1,0.0,ready,2.0,2,298.0480000001626,559.7440000003044,18.304000000011,281.746000000152,2.256496093751224,3.629596809922705,577.7920000003141,2,2097152,1.0,1.0,0.0,446.7199999996883,0.0,2097152
single,1,0.0,ready,2.0,4,149.66400000008434,280.51200000015524,9.792000000008557,141.8740000000762,2.258976562501232,7.243147656936754,289.53600000016013,4,2097152,1.0,1.0,0.0,158.46399999953428,0.0,2097152
single,1,0.0,ready,2.0,8,76.2400000000489,141.66400000008434,6.304000000011001,71.9380000000383,2.269890625001267,14.346760070044022,146.1760000000868,8,2097152,1.0,1.0,0.0,15.103999999460939,0.0,2097152
single,1,0.0,ready,2.0,16,69.5840000003227,128.9760000006063,7.87850000003732,65.49000000030355,4.098031250019176,15.759528676131243,133.07200000062585,16,2097152,1.0,1.0,0.0,2.0,0.0,2097152
single,1,0.0,ready,2.0,32,69.5840000003227,128.9760000006063,11.78800000005549,65.49000000030355,8.067062500037537,15.759528676131243,133.07200000062585,32,2097152,1.0,1.0,0.0,2.0,0.0,2097152
single,1,0.0,ready,2.0,64,69.5840000003227,128.9760000006063,19.220000000089385,65.49000000030355,15.618125000071814,15.759528676131243,133.07200000062585,64,2097152,1.0,1.0,0.0,2.0,0.0,2097152
single,1,0.0,ready,3.0,1,859.5840000003227,1614.9760000006063,52.09600000001956,810.4900000003036,3.2560000000012224,1.2579852579847857,1667.0720000006258,1,2097152,1.0,1.0,0.0,1536.0,0.0,2097152
single,1,0.0,ready,3.0,2,430.0480000001626,807.7440000003044,26.304000000011,406.746000000152,3.256496093751224,2.5151980350005876,833.7920000003141,2,2097152,1.0,1.0,0.0,702.7199999996883,0.0,2097152
single,1,0.0,ready,3.0,4,215.66400000008434,404.51200000015524,13.792000000008557,204.8740000000762,3.258976562501232,5.022685469035474,417.53600000016013,4,2097152,1.0,1.0,0.0,286.4639999995343,0.0,2097152
single,1,0.0,ready,3.0,8,109.2400000000489,203.66400000008434,8.304000000011001,103.9380000000383,3.269890625001267,9.978075517657267,210.1760000000868,8,2097152,1.0,1.0,0.0,79.10399999946094,0.0,2097152
single,1,0.0,ready,3.0,16,70.5840000003227,129.9760000006063,7.90975000003732,66.49000000030355,4.129281250019176,15.641983411825068,134.07200000062585,16,2097152,1.0,1.0,0.0,3.0,0.0,2097152
single,1,0.0,ready,3.0,32,70.5840000003227,129.9760000006063,11.85050000005549,66.49000000030355,8.129562500037537,15.641983411825068,134.07200000062585,32,2097152,1.0,1.0,0.0,3.0,0.0,2097152
single,1,0.0,ready,3.0,64,70.5840000003227,129.9760000006063,19.345000000089385,66.49000000030355,15.743125000071814,15.641983411825068,134.07200000062585,64,2097152,1.0,1.0,0.0,3.0,0.0,2097152
single,1,0.0,ready,5.0,1,1387.5840000003227,2606.9760000006063,84.09600000001956,1308.4900000003036,5.256000000001222,0.7792998477928172,2691.072000000626,1,2097152,1.0,1.0,0.0,2560.0,0.0,2097152
single,1,0.0,ready,5.0,2,694.0480000001626,1303.7440000003044,42.304000000011,656.746000000152,5.256496093751224,1.5583032147609068,1345.7920000003141,2,2097152,1.0,1.0,0.0,1214.7199999996883,0.0,2097152
single,1,0.0,ready,5.0,4,347.66400000008434,652.5120000001552,21.792000000008557,330.8740000000762,5.258976562501232,3.1136450018996777,673.5360000001601,4,2097152,1.0,1.0,0.0,542.4639999995343,0.0,2097152
single,1,0.0,ready,5.0,8,175.2400000000489,327.66400000008434,12.304000000011001,167.9380000000383,5.269890625001267,6.201362604086221,338.1760000000868,8,2097152,1.0,1.0,0.0,207.10399999946094,0.0,2097152
single,1,0.0,ready,5.0,16,90.5640000000385,166.77600000005623,9.096000000019558,86.47000000001935,5.315531250001413,12.19047619047212,172.03200000005745,16,2097152,1.0,1.0,0.0,40.9599999994316,0.0,2097152
single,1,0.0,ready,5.0,32,72.5840000003227,131.9760000006063,11.97550000005549,68.49000000030355,8.254562500037537,15.41207595971511,136.07200000062585,32,2097152,1.0,1.0,0.0,5.0,0.0,2097152
single,1,0.0,ready,5.0,64,72.5840000003227,131.9760000006063,19.595000000089385,68.49000000030355,15.993125000071814,15.41207595971511,136.07200000062585,64,2097152,1.0,1.0,0.0,5.0,0.0,2097152
single,1,0.0,ready,10.0,1,2707.5840000003227,5086.976000000606,164.09600000001956,2553.4900000003036,10.256000000001222,0.399375975038954,5251.072000000626,1,2097152,1.0,1.0,0.0,5120.0,0.0,2097152
single,1,0.0,ready,10.0,2,1354.0480000001626,2543.7440000003044,82.304000000011,1281.746000000152,10.256496093751224,0.7986740762405207,2625.792000000314,2,2097152,1.0,1.0,0.0,2494.7199999996883,0.0,2097152
single,1,0.0,ready,10.0,4,677.6640000000843,1272.5120000001552,41.79200000000856,645.8740000000762,10.258976562501232,1.596569869420971,1313.5360000001601,4,2097152,1.0,1.0,0.0,1182.4639999995343,0.0,2097152
single,1,0.0,ready,10.0,8,340.2400000000489,637.6640000000843,22.304000000011,327.9380000000383,10.269890625001267,3.1863088292488992,658.1760000000868,8,2097152,1.0,1.0,0.0,527.1039999994609,0.0,2097152
single,1,0.0,ready,10.0,16,173.0640000000385,321.77600000005623,14.096000000019558,168.97000000001935,10.315531250001413,6.3161141094823305,332.03200000005745,16,2097152,1.0,1.0,0.0,200.9599999994316,0.0,2097152
single,1,0.0,ready,10.0,32,93.0640000000385,167.9360000000379,14.223000000019965,88.97000000001935,10.502062500002012,12.19047619047212,172.03200000005745,32,2097152,1.0,1.0,0.0,40.9599999994316,0.0,2097152
single,1,0.0,ready,10.0,64,77.5840000003227,136.9760000006063,20.220000000089385,73.49000000030355,16.618125000071814,14.865827378861121,141.07200000062585,64,2097152,1.0,1.0,0.0,10.0,0.0,2097152
single,1,0.0,late,0.0,1,456.6840000000266,855.5306666667129,27.594916666668155,435.03200000002107,1.7246822916667597,2.374930165277897,883.037333333381,1,278528,0.75,0.75,0.25,751.9653333327551,0.0,2097152
single,1,0.0,late,0.0,2,456.6840000000266,855.5306666667129,27.84291666666934,435.03200000002107,3.448860677083516,2.374930165277897,883.037333333381,2,278528,0.5,0.5,0.5,751.9653333327551,0.0,2097152
single,1,0.0,late,0.0,4,456.6840000000266,855.5306666667129,28.338916666671707,435.03200000002107,6.89570572916702,2.374930165277897,883.037333333381,4,278528,0.0,0.0,1.0,751.9653333327551,0.0,2097152
single,1,0.0,late,0.0,8,456.6840000000266,855.5306666667129,35.00068750000537,435.03200000002107,13.73762500000069,2.374930165277897,883.037333333381,8,278528,0.0,0.0,1.0,751.9653333327551,0.0,2097152
single,1,0.0,late,0.0,16,456.6840000000266,855.5306666667129,48.324229166672694,435.03200000002107,27.260104166667986,2.374930165277897,883.037333333381,16,278528,0.0,0.0,1.0,751.9653333327551,0.0,2097152
single,1,0.0,late,0.0,32,456.6840000000266,855.5306666667129,74.38987500000712,435.03200000002107,53.65962500000239,2.374930165277897,883.037333333381,32,278528,0.0,0.0,1.0,751.9653333327551,0.0,2097152
single,1,0.0,late,0.0,64,456.6840000000266,855.5306666667129,123.93941666667524,435.03200000002107,103.87691666667047,2.374930165277897,883.037333333381,64,278528,0.0,0.0,1.0,751.9653333327551,0.0,2097152
single,1,0.0,late,0.5,1,458.1840000000266,857.0306666667129,27.641791666668155,435.03200000002107,1.7276119791667597,2.370902754434206,884.537333333381,1,278528,0.75,0.75,0.25,753.4653333327551,0.0,2097152
single,1,0.0,late,0.5,2,456.92800000002535,855.7746666667117,27.8505416666693,435.03200000002107,3.4498138020835114,2.3742741082115284,883.2813333333797,2,278528,0.5,0.5,0.5,752.2093333327539,0.0,2097152
single,1,0.0,late,0.5,4,456.6840000000266,855.5306666667129,28.338916666671707,435.03200000002107,6.89570572916702,2.374930165277897,883.037333333381,4,278528,0.0,0.0,1.0,751.9653333327551,0.0,2097152
single,1,0.0,late,0.5,8,456.6840000000266,855.5306666667129,35.00068750000537,435.03200000002107,13.73762500000069,2.374930165277897,883.037333333381,8,278528,0.0,0.0,1.0,751.9653333327551,0.0,2097152
single,1,0.0,late,0.5,16,456.6840000000266,855.5306666667129,48.324229166672694,435.03200000002107,27.260104166667986,2.374930165277897,883.037333333381,16,278528,0.0,0.0,1.0,751.9653333327551,0.0,2097152
single,1,0.0,late,0.5,32,456.6840000000266,855.5306666667129,74.38987500000712,435.03200000002107,53.65962500000239,2.374930165277897,883.037333333381,32,278528,0.0,0.0,1.0,751.9653333327551,0.0,2097152
single,1,0.0,late,0.5,64,456.6840000000266,855.5306666667129,123.93941666667524,435.03200000002107,103.87691666667047,2.374930165277897,883.037333333381,64,278528,0.0,0.0,1.0,751.9653333327551,0.0,2097152
single,1,0.0,late,1.0,1,459.6840000000266,858.5306666667129,27.688666666668155,435.03200000002107,1.7305416666667597,2.3668889798472232,886.037333333381,1,278528,0.75,0.75,0.25,754.9653333327551,0.0,2097152
single,1,0.0,late,1.0,2,457.42800000002535,856.2746666667117,27.8661666666693,435.03200000002107,3.4517669270835114,2.372930860725605,883.7813333333797,2,278528,0.5,0.5,0.5,752.7093333327539,0.0,2097152
single,1,0.0,late,1.0,4,456.6840000000266,855.5306666667129,28.338916666671707,435.03200000002107,6.89570572916702,2.374930165277897,883.037333333381,4,278528,0.0,0.0,1.0,751.9653333327551,0.0,2097152
single,1,0.0,late,1.0,8,456.6840000000266,855.5306666667129,35.00068750000537,435.03200000002107,13.73762500000069,2.374930165277897,883.037333333381,8,278528,0.0,0.0,1.0,751.9653333327551,0.0,2097152
single,1,0.0,late,1.0,16,456.6840000000266,855.5306666667129,48.324229166672694,435.03200000002107,27.260104166667986,2.374930165277897,883.037333333381,16,278528,0.0,0.0,1.0,751.9653333327551,0.0,2097152
single,1,0.0,late,1.0,32,456.6840000000266,855.5306666667129,74.38987500000712,435.03200000002107,53.65962500000239,2.374930165277897,883.037333333381,32,278528,0.0,0.0,1.0,751.9653333327551,0.0,2097152
single,1,0.0,late,1.0,64,456.6840000000266,855.5306666667129,123.93941666667524,435.03200000002107,103.87691666667047,2.374930165277897,883.037333333381,64,278528,0.0,0.0,1.0,751.9653333327551,0.0,2097152
single,1,0.0,late,2.0,1,602.260666666989,1125.6526666672726,36.30464583335288,568.1666666669698,2.269040364584555,1.8051684156574925,1161.7486666672921,1,720896,0.998046875,0.998046875,0.001953125,1030.6766666666663,0.0,2097152
single,1,0.0,late,2.0,2,458.42800000002535,857.2746666667117,27.8974166666693,435.03200000002107,3.4556731770835114,2.3702489202603996,884.7813333333797,2,278528,0.5,0.5,0.5,753.7093333327539,0.0,2097152
single,1,0.0,late,2.0,4,456.6840000000266,855.5306666667129,28.338916666671707,435.03200000002107,6.89570572916702,2.374930165277897,883.037333333381,4,278528,0.0,0.0,1.0,751.9653333327551,0.0,2097152
single,1,0.0,late,2.0,8,456.6840000000266,855.5306666667129,35.00068750000537,435.03200000002107,13.73762500000069,2.374930165277897,883.037333333381,8,278528,0.0,0.0,1.0,751.9653333327551,0.0,2097152
single,1,0.0,late,2.0,16,456.6840000000266,855.5306666667129,48.324229166672694,435.03200000002107,27.260104166667986,2.374930165277897,883.037333333381,16,278528,0.0,0.0,1.0,751.9653333327551,0.0,2097152
single,1,0.0,late,2.0,32,456.6840000000266,855.5306666667129,74.38987500000712,435.03200000002107,53.65962500000239,2.374930165277897,883.037333333381,32,278528,0.0,0.0,1.0,751.9653333327551,0.0,2097152
single,1,0.0,late,2.0,64,456.6840000000266,855.5306666667129,123.93941666667524,435.03200000002107,103.87691666667047,2.374930165277897,883.037333333381,64,278528,0.0,0.0,1.0,751.9653333327551,0.0,2097152
single,1,0.0,late,3.0,1,865.260666666989,1620.6526666672726,52.27339583335288,816.1666666669698,3.267087239584555,1.2537161390648541,1672.7486666672921,1,1146880,0.998046875,0.998046875,0.001953125,1541.6766666666663,0.0,2097152
single,1,0.0,late,3.0,2,459.42800000002535,858.2746666667117,27.9286666666693,435.03200000002107,3.4595794270835114,2.367573035331395,885.7813333333797,2,278528,0.5,0.5,0.5,754.7093333327539,0.0,2097152
single,1,0.0,late,3.0,4,456.6840000000266,855.5306666667129,28.338916666671707,435.03200000002107,6.89570572916702,2.374930165277897,883.037333333381,4,278528,0.0,0.0,1.0,751.9653333327551,0.0,2097152
single,1,0.0,late,3.0,8,456.6840000000266,855.5306666667129,35.00068750000537,435.03200000002107,13.73762500000069,2.374930165277897,883.037333333381,8,278528,0.0,0.0,1.0,751.9653333327551,0.0,2097152
single,1,0.0,late,3.0,16,456.6840000000266,855.5306666667129,48.324229166672694,435.03200000002107,27.260104166667986,2.374930165277897,883.037333333381,16,278528,0.0,0.0,1.0,751.9653333327551,0.0,2097152
single,1,0.0,late,3.0,32,456.6840000000266,855.5306666667129,74.38987500000712,435.03200000002107,53.65962500000239,2.374930165277897,883.037333333381,32,278528,0.0,0.0,1.0,751.9653333327551,0.0,2097152
single,1,0.0,late,3.0,64,456.6840000000266,855.5306666667129,123.93941666667524,435.03200000002107,103.87691666667047,2.374930165277897,883.037333333381,64,278528,0.0,0.0,1.0,751.9653333327551,0.0,2097152
single,1,0.0,late,5.0,1,1391.260666666989,2610.6526666672726,84.21089583335288,1312.1666666669698,5.263180989584555,0.7782365850814709,2694.748666667292,1,1507328,0.998046875,0.998046875,0.001953125,2563.6766666666663,0.0,2097152
single,1,0.0,late,5.0,2,697.7246666668289,1307.4206666669706,42.41889583334432,660.4226666668183,5.270858072917889,1.5540575722885839,1349.4686666669804,2,901120,0.9921875,0.99609375,0.0078125,1218.3966666663546,0.0,2097152
single,1,0.0,late,5.0,4,456.6840000000266,855.5306666667129,28.338916666671707,435.03200000002107,6.89570572916702,2.374930165277897,883.037333333381,4,278528,0.0,0.0,1.0,751.9653333327551,0.0,2097152
single,1,0.0,late,5.0,8,456.6840000000266,855.5306666667129,35.00068750000537,435.03200000002107,13.73762500000069,2.374930165277897,883.037333333381,8,278528,0.0,0.0,1.0,751.9653333327551,0.0,2097152
single,1,0.0,late,5.0,16,456.6840000000266,855.5306666667129,48.324229166672694,435.03200000002107,27.260104166667986,2.374930165277897,883.037333333381,16,278528,0.0,0.0,1.0,751.9653333327551,0.0,2097152
single,1,0.0,late,5.0,32,456.6840000000266,855.5306666667129,74.38987500000712,435.03200000002107,53.65962500000239,2.374930165277897,883.037333333381,32,278528,0.0,0.0,1.0,751.9653333327551,0.0,2097152
single,1,0.0,late,5.0,64,456.6840000000266,855.5306666667129,123.93941666667524,435.03200000002107,103.87691666667047,2.374930165277897,883.037333333381,64,278528,0.0,0.0,1.0,751.9653333327551,0.0,2097152
single,1,0.0,late,10.0,1,2707.5840000003227,5086.976000000606,164.09600000001956,2553.4900000003036,10.256000000001222,0.399375975038954,5251.072000000626,1,1802240,0.998046875,1.0,0.001953125,5120.0,0.0,2097152
single,1,0.0,late,10.0,2,1354.0480000001626,2543.7440000003044,82.304000000011,1281.746000000152,10.256496093751224,0.7986740762405207,2625.792000000314,2,1490944,0.99609375,1.0,0.00390625,2494.7199999996883,0.0,2097152
single,1,0.0,late,10.0,4,677.6640000000843,1272.5120000001552,41.79200000000856,645.8740000000762,10.258976562501232,1.596569869420971,1313.5360000001601,4,868352,0.9765625,1.0,0.0234375,1182.4639999995343,0.0,2097152
single,1,0.0,late,10.0,8,456.6840000000266,855.5306666667129,35.00068750000537,435.07335416668775,13.73762500000069,2.374930165277897,883.037333333381,8,278528,0.0,0.0078125,1.0,751.9653333327551,0.0,2097152
single,1,0.0,late,10.0,16,456.6840000000266,855.5306666667129,48.282875000006015,435.07335416668775,27.260104166667986,2.374930165277897,883.037333333381,16,278528,0.0,0.0078125,1.0,751.9653333327551,0.0,2097152
single,1,0.0,late,10.0,32,456.6840000000266,855.5306666667129,74.34852083334044,435.07335416668775,53.65962500000239,2.374930165277897,883.037333333381,32,278528,0.0,0.0078125,1.0,751.9653333327551,0.0,2097152
single,1,0.0,late,10.0,64,456.6840000000266,855.5306666667129,123.89806250000856,435.07335416668775,103.87691666667047,2.374930165277897,883.037333333381,64,278528,0.0,0.0078125,1.0,751.9653333327551,0.0,2097152
single,1,0.0,mixed,0.0,1,413.5906666669762,778.2826666672481,24.449333333352115,394.2316666669576,1.5280833333345072,2.680482085399042,782.3786666672677,1,1064960,0.5,0.5,0.0,651.3066666666418,0.0,2097152
single,1,0.0,mixed,0.0,2,405.14266666693584,762.1546666671711,24.193333333350893,386.1676666669191,2.9926627604187104,2.7369007183009293,766.2506666671907,2,1081344,0.5,0.5,0.0,635.1786666665648,0.0,2097152
single,1,0.0,mixed,0.0,4,388.24666666685516,729.8986666670171,23.681333333348448,370.0396666668421,5.731309895836205,2.8571760739391516,733.9946666670367,4,1081344,0.5,0.5,0.0,602.9226666664108,0.0,2097152
single,1,0.0,mixed,0.0,8,289.8886666668059,543.85066666692,21.78566666668121,277.01566666679355,8.547557291670842,3.827292193885577,547.9466666669396,8,1097728,0.5,0.5,0.0,416.8746666663137,93.64266666659387,2097152
single,1,0.0,mixed,0.0,16,274.52866666673253,513.1306666667733,28.662333333348215,261.6556666667202,16.102864583336896,4.0546091977717476,517.2266666667929,16,1114112,0.5,0.5,0.0,386.15466666616703,280.9279999997816,2097152
single,1,0.0,mixed,0.0,32,240.17866666669215,444.43066666669256,39.734229166679484,227.30566666667983,27.50863541666814,4.675646189746699,448.5266666667121,32,1130496,0.5,0.5,0.0,317.45466666608627,317.42266666607975,2097152
single,1,0.0,mixed,0.0,64,240.17866666669215,444.43066666669256,65.12629166667989,227.30566666667983,53.29410416666872,4.675646189746699,448.5266666667121,64,1196032,0.5,0.5,0.0,317.45466666608627,317.42266666607975,2097152
single,1,0.0,mixed,0.5,1,545.5906666669762,1026.2826666672481,32.449333333352115,518.7316666669576,2.028083333334507,2.0196408760312097,1038.3786666672677,1,1064960,0.5,0.5,0.0,907.3066666666418,0.0,2097152
single,1,0.0,mixed,0.5,2,446.05466666681605,839.0506666669462,26.65733333334356,424.98766666680604,3.3006627604177936,2.4815469278529396,845.098666666956,2,1064960,0.5,0.5,0.0,714.0266666663301,0.0,2097152
single,1,0.0,mixed,0.5,4,405.24666666685516,761.8986666670171,24.681333333348448,386.2896666668421,5.981309895836205,2.737815406894461,765.9946666670367,4,1081344,0.5,0.5,0.0,634.9226666664108,0.0,2097152
single,1,0.0,mixed,0.5,8,294.1386666668059,551.85066666692,22.03566666668121,281.26566666679355,8.672557291670842,3.772217958555324,555.9466666669396,8,1097728,0.5,0.5,0.0,424.8746666663137,93.64266666659387,2097152
single,1,0.0,mixed,0.5,16,278.77866666673253,521.1306666667733,28.912333333348215,265.9056666667202,16.352864583336896,3.9928513403727206,525.2266666667929,16,1114112,0.5,0.5,0.0,394.15466666616703,280.9279999997816,2097152
single,1,0.0,mixed,0.5,32,240.67866666669215,444.93066666669256,39.765479166679484,227.80566666667983,27.53988541666814,4.670439766011939,449.0266666667121,32,1130496,0.5,0.5,0.0,317.95466666608627,317.42266666607975,2097152
single,1,0.0,mixed,0.5,64,240.67866666669215,444.93066666669256,65.18879166667989,227.80566666667983,53.35660416666872,4.670439766011939,449.0266666667121,64,1196032,0.5,0.5,0.0,317.95466666608627,317.42266666607975,2097152
single,1,0.0,mixed,1.0,1,677.5906666669762,1274.2826666672481,40.449333333352115,643.2316666669576,2.528083333334507,1.6201997560726893,1294.3786666672677,1,1064960,0.5,0.5,0.0,1163.3066666666418,0.0,2097152
single,1,0.0,mixed,1.0,2,512.054666666816,963.0506666669462,30.65733333334356,487.48766666680604,3.8006627604177936,2.155127811636137,973.098666666956,2,1064960,0.5,0.5,0.0,842.0266666663301,0.0,2097152
single,1,0.0,mixed,1.0,4,429.6706666667378,807.8186666667971,26.145333333341114,409.61566666673025,6.347309895834371,2.5800220460863903,812.842666666802,4,1064960,0.5,0.5,0.0,681.7706666661761,0.0,2097152
single,1,0.0,mixed,1.0,8,298.3886666668059,559.85066666692,22.28566666668121,285.51566666679355,8.797557291670842,3.7187062606375045,563.9466666669396,8,1081344,0.5,0.5,0.0,432.8746666663137,89.93066666665254,2097152
single,1,0.0,mixed,1.0,16,283.02866666673253,529.1306666667733,29.162333333348215,270.1556666667202,16.602864583336896,3.932946589316933,533.2266666667929,16,1114112,0.5,0.5,0.0,402.15466666616703,277.2159999998403,2097152
single,1,0.0,mixed,1.0,32,241.17866666669215,445.43066666669256,39.796729166679484,228.30566666667983,27.57113541666814,4.665244924290264,449.5266666667121,32,1114112,0.5,0.5,0.0,318.45466666608627,317.42266666607975,2097152
single,1,0.0,mixed,1.0,64,241.17866666669215,445.43066666669256,65.25129166667989,228.30566666667983,53.41910416666872,4.665244924290264,449.5266666667121,64,1179648,0.5,0.5,0.0,318.45466666608627,317.42266666607975,2097152
single,1,0.0,mixed,2.0,1,941.5906666669762,1770.2826666672481,56.449333333352115,892.2316666669576,3.528083333334507,1.1609703096578323,1806.3786666672677,1,1064960,0.5,0.5,0.0,1675.3066666666418,0.0,2097152
single,1,0.0,mixed,2.0,2,644.054666666816,1211.0506666669462,38.65733333334356,612.487666666806,4.800662760417794,1.706251952649996,1229.098666666956,2,1064960,0.5,0.5,0.0,1098.0266666663301,0.0,2097152
single,1,0.0,mixed,2.0,4,495.6706666667378,931.8186666667971,30.145333333341114,472.61566666673025,7.347309895834371,2.22901455716262,940.842666666802,4,1064960,0.5,0.5,0.0,809.7706666661761,0.0,2097152
single,1,0.0,mixed,2.0,8,308.65666666673314,578.9706666667917,22.993666666672652,295.5756666667294,9.101182291668636,3.594197599699406,583.4826666667941,8,1081344,0.5,0.5,0.0,452.41066666616825,73.93066666665254,2097152
single,1,0.0,mixed,2.0,16,291.52866666673253,545.1306666667733,29.662333333348215,278.6556666667202,17.102864583336896,3.8183724995135915,549.2266666667929,16,1114112,0.5,0.5,0.0,418.15466666616703,261.2159999998403,2097152
single,1,0.0,mixed,2.0,32,242.17866666669215,446.43066666669256,39.859229166679484,229.30566666667983,27.63363541666814,4.654889832639848,450.5266666667121,32,1114112,0.5,0.5,0.0,319.45466666608627,317.42266666607975,2097152
single,1,0.0,mixed,2.0,64,242.17866666669215,446.43066666669256,65.37629166667989,229.30566666667983,53.54410416666872,4.654889832639848,450.5266666667121,64,1179648,0.5,0.5,0.0,319.45466666608627,317.42266666607975,2097152
single,1,0.0,mixed,3.0,1,1205.5906666669762,2266.282666667248,72.44933333335212,1141.2316666669576,4.528083333334507,0.9045769917365194,2318.3786666672677,1,1064960,0.5,0.5,0.0,2187.306666666642,0.0,2097152
single,1,0.0,mixed,3.0,2,776.054666666816,1459.0506666669462,46.65733333334356,737.487666666806,5.800662760417794,1.4121297440167329,1485.098666666956,2,1064960,0.5,0.5,0.0,1354.0266666663301,0.0,2097152
single,1,0.0,mixed,3.0,4,561.6706666667378,1055.818666666797,34.145333333341114,535.6156666667302,8.347309895834371,1.9620773621809022,1068.842666666802,4,1064960,0.5,0.5,0.0,937.7706666661761,0.0,2097152
single,1,0.0,mixed,3.0,8,325.65666666673314,609.9706666667917,24.493666666672652,311.5756666667294,9.608994791668636,3.401802051205927,616.4826666667941,8,1081344,0.5,0.5,0.0,485.41066666616825,57.93066666665254,2097152
single,1,0.0,mixed,3.0,16,300.02866666673253,561.1306666667733,30.162333333348215,287.1556666667202,17.602864583336896,3.7102849594254783,565.2266666667929,16,1114112,0.5,0.5,0.0,434.15466666616703,245.21599999984028,2097152
single,1,0.0,mixed,3.0,32,243.17866666669215,447.43066666669256,39.921729166679484,230.30566666667983,27.69613541666814,4.644580608010871,451.5266666667121,32,1114112,0.5,0.5,0.0,320.45466666608627,317.42266666607975,2097152
single,1,0.0,mixed,3.0,64,243.17866666669215,447.43066666669256,65.50129166667989,230.30566666667983,53.66910416666872,4.644580608010871,451.5266666667121,64,1179648,0.5,0.5,0.0,320.45466666608627,317.42266666607975,2097152
single,1,0.0,mixed,5.0,1,1733.5906666669762,3258.282666667248,104.44933333335212,1639.2316666669576,6.528083333334507,0.6274429707544477,3342.3786666672677,1,1064960,0.5,0.5,0.0,3211.306666666642,0.0,2097152
single,1,0.0,mixed,5.0,2,1040.054666666816,1955.0506666669462,62.65733333334356,987.487666666806,7.800662760417794,1.0500993441150441,1997.098666666956,2,1064960,0.5,0.5,0.0,1866.0266666663301,0.0,2097152
single,1,0.0,mixed,5.0,4,693.6706666667378,1303.818666666797,42.145333333341114,661.6156666667302,10.347309895834371,1.5829441885927984,1324.842666666802,4,1064960,0.5,0.5,0.0,1193.770666666176,0.0,2097152
single,1,0.0,mixed,5.0,8,373.9310000000678,698.8400000001275,28.333333333339397,357.0103333333973,11.044453125002008,2.9564334773139653,709.3520000001299,8,1081344,0.5,0.5,0.0,578.2799999995041,25.93066666665254,2097152
single,1,0.0,mixed,5.0,16,317.60866666672337,593.1306666667733,31.742333333339047,304.1556666667202,18.611927083336752,3.504677020432087,598.3866666667745,16,1114112,0.5,0.5,0.0,467.3146666661487,213.21599999984028,2097152
single,1,0.0,mixed,5.0,32,245.17866666669215,449.43066666669256,40.046729166679484,232.30566666667983,27.82113541666814,4.6240985462077715,453.5266666667121,32,1114112,0.5,0.5,0.0,322.45466666608627,300.0226666663548,2097152
single,1,0.0,mixed,5.0,64,245.17866666669215,449.43066666669256,65.75129166667989,232.30566666667983,53.91910416666872,4.6240985462077715,453.5266666667121,64,1179648,0.5,0.5,0.0,322.45466666608627,317.42266666607975,2097152
single,1,0.0,mixed,10.0,1,3053.590666666976,5738.282666667248,184.44933333335212,2884.2316666669576,11.528083333334507,0.35530624489467744,5902.378666667268,1,1064960,0.5,0.5,0.0,5771.306666666642,0.0,2097152
single,1,0.0,mixed,10.0,2,1700.054666666816,3195.050666666946,102.65733333334356,1612.487666666806,12.800662760417794,0.6399416719829659,3277.098666666956,2,1064960,0.5,0.5,0.0,3146.02666666633,0.0,2097152
single,1,0.0,mixed,10.0,4,1023.6706666667378,1923.818666666797,62.145333333341114,976.6156666667302,15.347309895834371,1.0673383857027343,1964.842666666802,4,1064960,0.5,0.5,0.0,1833.770666666176,0.0,2097152
single,1,0.0,mixed,10.0,8,519.0960000000377,969.1700000000674,38.3333333333394,495.8530000000319,15.403947916667704,2.119016007161747,989.6820000000698,8,1081344,0.5,0.5,0.0,858.609999999444,0.0,2097152
single,1,0.0,mixed,10.0,16,362.60866666672337,673.1306666667733,36.74233333333905,346.6556666667202,21.15339062500331,3.068763413586748,683.3866666667745,16,1114112,0.5,0.5,0.0,552.3146666661487,149.5999999999185,2097152
single,1,0.0,mixed,10.0,32,250.17866666669215,454.43066666669256,40.359229166679484,237.30566666667983,28.13363541666814,4.573675104319179,458.5266666667121,32,1114112,0.5,0.5,0.0,327.45466666608627,240.38266666642812,2097152
single,1,0.0,mixed,10.0,64,250.17866666669215,454.43066666669256,66.37629166667989,237.30566666667983,54.54410416666872,4.573675104319179,458.5266666667121,64,1179648,0.5,0.5,0.0,327.45466666608627,317.42266666607975,2097152
single,1,100.0,none,0.0,1,44.80266666668467,44.80266666668467,44.80266666668467,10.178666666666686,2.800166666667792,0.6668628280650958,3144.8026666666847,1,16384,0.0,0.0,0.0,3013.730666666059,0.0,2097152
single,1,100.0,none,0.0,2,44.034666666681005,44.034666666681005,44.034666666681005,10.178666666666686,5.488208333335024,0.6670257240590193,3144.034666666681,2,32768,0.0,0.0,0.0,3012.962666666055,0.0,2097152
single,1,100.0,none,0.0,4,42.49866666667367,42.49866666667367,42.49866666667367,10.178666666666686,10.527916666667807,0.6673517549092555,3142.4986666666737,4,32768,0.0,0.0,0.0,3011.426666666048,0.0,2097152
single,1,100.0,none,0.0,8,31.830666666672187,31.830666666672187,31.830666666672187,10.178666666666686,14.000666666667712,0.6696249648235546,3131.830666666672,8,49152,0.0,0.0,0.0,3000.7586666660463,0.0,2097152
single,1,100.0,none,0.0,16,31.830666666672187,31.830666666672187,31.830666666672187,10.178666666666686,21.116666666666788,0.6696249648235546,3131.830666666672,16,65536,0.0,0.0,0.0,3000.7586666660463,0.0,2097152
single,1,100.0,none,0.0,32,31.830666666672187,31.830666666672187,31.830666666672187,10.178666666666686,21.116666666666788,0.6696249648235546,3131.830666666672,16,65536,0.0,0.0,0.0,3000.7586666660463,0.0,2097152
single,1,100.0,none,0.0,64,31.830666666672187,31.830666666672187,31.830666666672187,10.178666666666686,21.116666666666788,0.6696249648235546,3131.830666666672,16,65536,0.0,0.0,0.0,3000.7586666660463,0.0,2097152
single,1,100.0,none,0.5,1,52.80266666668467,52.80266666668467,52.80266666668467,10.678666666666686,3.300166666667792,0.6651707137184147,3152.8026666666847,1,16384,0.0,0.0,0.0,3021.730666666059,0.0,2097152
single,1,100.0,none,0.5,2,47.010666666676116,47.010666666676116,47.010666666676116,10.678666666666686,5.860208333334413,0.666394944959405,3147.010666666676,2,16384,0.0,0.0,0.0,3015.9386666660503,0.0,2097152
single,1,100.0,none,0.5,4,44.49866666667367,44.49866666667367,44.49866666667367,10.678666666666686,11.027916666667807,0.6669272982147856,3144.4986666666737,4,32768,0.0,0.0,0.0,3013.426666666048,0.0,2097152
single,1,100.0,none,0.5,8,32.33066666667219,32.33066666667219,32.33066666667219,10.678666666666686,14.250666666667712,0.6695180755714157,3132.330666666672,8,49152,0.0,0.0,0.0,3001.2586666660463,0.0,2097152
single,1,100.0,none,0.5,16,32.33066666667219,32.33066666667219,32.33066666667219,10.678666666666686,21.616666666666788,0.6695180755714157,3132.330666666672,16,65536,0.0,0.0,0.0,3001.2586666660463,0.0,2097152
single,1,100.0,none,0.5,32,32.33066666667219,32.33066666667219,32.33066666667219,10.678666666666686,21.616666666666788,0.6695180755714157,3132.330666666672,16,65536,0.0,0.0,0.0,3001.2586666660463,0.0,2097152
single,1,100.0,none,0.5,64,32.33066666667219,32.33066666667219,32.33066666667219,10.678666666666686,21.616666666666788,0.6695180755714157,3132.330666666672,16,65536,0.0,0.0,0.0,3001.2586666660463,0.0,2097152
single,1,100.0,none,1.0,1,60.80266666668467,60.80266666668467,60.80266666668467,11.178666666666686,3.800166666667792,0.6634871648636047,3160.8026666666847,1,16384,0.0,0.0,0.0,3029.730666666059,0.0,2097152
single,1,100.0,none,1.0,2,51.010666666676116,51.010666666676116,51.010666666676116,11.178666666666686,6.360208333334413,0.6655490005746284,3151.010666666676,2,16384,0.0,0.0,0.0,3019.9386666660503,0.0,2097152
single,1,100.0,none,1.0,4,46.49866666667367,46.49866666667367,46.49866666667367,11.178666666666686,11.527916666667807,0.6665033811127189,3146.4986666666737,4,16384,0.0,0.0,0.0,3015.426666666048,0.0,2097152
single,1,100.0,none,1.0,8,32.83066666667219,32.83066666667219,32.83066666667219,11.178666666666686,14.500666666667712,0.6694112204383414,3132.830666666672,8,32768,0.0,0.0,0.0,3001.7586666660463,0.0,2097152
single,1,100.0,none,1.0,16,32.83066666667219,32.83066666667219,32.83066666667219,11.178666666666686,22.116666666666788,0.6694112204383414,3132.830666666672,16,65536,0.0,0.0,0.0,3001.7586666660463,0.0,2097152
single,1,100.0,none,1.0,32,32.83066666667219,32.83066666667219,32.83066666667219,11.178666666666686,22.116666666666788,0.6694112204383414,3132.830666666672,16,65536,0.0,0.0,0.0,3001.7586666660463,0.0,2097152
single,1,100.0,none,1.0,64,32.83066666667219,32.83066666667219,32.83066666667219,11.178666666666686,22.116666666666788,0.6694112204383414,3132.830666666672,16,65536,0.0,0.0,0.0,3001.7586666660463,0.0,2097152
single,1,100.0,none,2.0,1,76.80266666668467,76.80266666668467,76.80266666668467,12.178666666666686,4.800166666667792,0.6601455047884587,3176.8026666666847,1,16384,0.0,0.0,0.0,3045.730666666059,0.0,2097152
single,1,100.0,none,2.0,2,59.010666666676116,59.010666666676116,59.010666666676116,12.178666666666686,7.360208333334413,0.6638635387112739,3159.010666666676,2,16384,0.0,0.0,0.0,3027.9386666660503,0.0,2097152
single,1,100.0,none,2.0,4,50.49866666667367,50.49866666667367,50.49866666667367,12.178666666666686,12.527916666667807,0.6656571615752667,3150.4986666666737,4,16384,0.0,0.0,0.0,3019.426666666048,0.0,2097152
single,1,100.0,none,2.0,8,33.83066666667219,33.83066666667219,33.83066666667219,12.178666666666686,15.000666666667712,0.6691976124640631,3133.830666666672,8,32768,0.0,0.0,0.0,3002.7586666660463,0.0,2097152
single,1,100.0,none,2.0,16,33.83066666667219,33.83066666667219,33.83066666667219,12.178666666666686,23.116666666666788,0.6691976124640631,3133.830666666672,16,65536,0.0,0.0,0.0,3002.7586666660463,0.0,2097152
single,1,100.0,none,2.0,32,33.83066666667219,33.83066666667219,33.83066666667219,12.178666666666686,23.116666666666788,0.6691976124640631,3133.830666666672,16,65536,0.0,0.0,0.0,3002.7586666660463,0.0,2097152
single,1,100.0,none,2.0,64,33.83066666667219,33.83066666667219,33.83066666667219,12.178666666666686,23.116666666666788,0.6691976124640631,3133.830666666672,16,65536,0.0,0.0,0.0,3002.7586666660463,0.0,2097152
single,1,100.0,none,3.0,1,92.80266666668467,92.80266666668467,92.80266666668467,13.178666666666686,5.800166666667792,0.6568373366429958,3192.8026666666847,1,16384,0.0,0.0,0.0,3061.730666666059,0.0,2097152
single,1,100.0,none,3.0,2,67.01066666667612,67.01066666667612,67.01066666667612,13.178666666666686,8.360208333334413,0.6621865919407472,3167.010666666676,2,16384,0.0,0.0,0.0,3035.9386666660503,0.0,2097152
single,1,100.0,none,3.0,4,54.49866666667367,54.49866666667367,54.49866666667367,13.178666666666686,13.527916666667807,0.6648130881019008,3154.4986666666737,4,16384,0.0,0.0,0.0,3023.426666666048,0.0,2097152
single,1,100.0,none,3.0,8,34.83066666667219,34.83066666667219,34.83066666667219,13.178666666666686,15.500666666667712,0.6689841407701755,3134.830666666672,8,32768,0.0,0.0,0.0,3003.7586666660463,0.0,2097152
single,1,100.0,none,3.0,16,34.83066666667219,34.83066666667219,34.83066666667219,13.178666666666686,24.116666666666788,0.6689841407701755,3134.830666666672,16,65536,0.0,0.0,0.0,3003.7586666660463,0.0,2097152
single,1,100.0,none,3.0,32,34.83066666667219,34.83066666667219,34.83066666667219,13.178666666666686,24.116666666666788,0.6689841407701755,3134.830666666672,16,65536,0.0,0.0,0.0,3003.7586666660463,0.0,2097152
single,1,100.0,none,3.0,64,34.83066666667219,34.83066666667219,34.83066666667219,13.178666666666686,24.116666666666788,0.6689841407701755,3134.830666666672,16,65536,0.0,0.0,0.0,3003.7586666660463,0.0,2097152
single,1,100.0,none,5.0,1,509.2440000002971,868.8826666672248,124.80266666668467,399.6200000002791,7.800166666667792,0.5251169846797388,3993.6853333339095,1,16384,0.0,0.0,0.0,3862.6133333332837,0.0,2097152
single,1,100.0,none,5.0,2,83.01066666667612,83.01066666667612,83.01066666667612,15.178666666666686,10.360208333334413,0.6588579868619124,3183.010666666676,2,16384,0.0,0.0,0.0,3051.9386666660503,0.0,2097152
single,1,100.0,none,5.0,4,62.49866666667367,62.49866666667367,62.49866666667367,15.178666666666686,15.527916666667807,0.6631313467747428,3162.4986666666737,4,16384,0.0,0.0,0.0,3031.426666666048,0.0,2097152
single,1,100.0,none,5.0,8,38.510000000005675,38.510000000005675,38.510000000005675,15.178666666666686,17.340333333334456,0.668199878286192,3138.5100000000057,8,32768,0.0,0.0,0.0,3007.43799999938,0.0,2097152
single,1,100.0,none,5.0,16,36.83066666667219,36.83066666667219,36.83066666667219,15.178666666666686,26.116666666666788,0.6685576057022299,3136.830666666672,16,65536,0.0,0.0,0.0,3005.7586666660463,0.0,2097152
single,1,100.0,none,5.0,32,36.83066666667219,36.83066666667219,36.83066666667219,15.178666666666686,26.116666666666788,0.6685576057022299,3136.830666666672,16,65536,0.0,0.0,0.0,3005.7586666660463,0.0,2097152
single,1,100.0,none,5.0,64,36.83066666667219,36.83066666667219,36.83066666667219,15.178666666666686,26.116666666666788,0.6685576057022299,3136.830666666672,16,65536,0.0,0.0,0.0,3005.7586666660463,0.0,2097152
single,1,100.0,none,10.0,1,1829.244000000297,3348.882666667225,204.80266666668467,1644.620000000279,12.800166666667792,0.319995833387558,6553.6853333339095,1,16384,0.0,0.0,0.0,6422.613333333284,0.0,2097152
single,1,100.0,none,10.0,2,475.70800000013696,805.6506666669229,123.01066666667612,372.87600000012753,15.344829427084363,0.5338430793291846,3928.405333333598,2,16384,0.0,0.0,0.0,3797.333333332972,0.0,2097152
single,1,100.0,none,10.0,4,82.49866666667367,82.49866666667367,82.49866666667367,20.178666666666686,20.527916666667807,0.6589639838550323,3182.4986666666737,4,16384,0.0,0.0,0.0,3051.426666666048,0.0,2097152
single,1,100.0,none,10.0,8,48.510000000005675,48.510000000005675,48.510000000005675,20.178666666666686,22.340333333334456,0.666077604962346,3148.5100000000057,8,32768,0.0,0.0,0.0,3017.43799999938,0.0,2097152
single,1,100.0,none,10.0,16,41.83066666667219,41.83066666667219,41.83066666667219,20.178666666666686,31.116666666666788,0.667493643833127,3141.830666666672,16,65536,0.0,0.0,0.0,3010.7586666660463,0.0,2097152
single,1,100.0,none,10.0,32,41.83066666667219,41.83066666667219,41.83066666667219,20.178666666666686,31.116666666666788,0.667493643833127,3141.830666666672,16,65536,0.0,0.0,0.0,3010.7586666660463,0.0,2097152
single,1,100.0,none,10.0,64,41.83066666667219,41.83066666667219,41.83066666667219,20.178666666666686,31.116666666666788,0.667493643833127,3141.830666666672,16,65536,0.0,0.0,0.0,3010.7586666660463,0.0,2097152
single,1,100.0,ready,0.0,1,4.096000000019558,4.096000000019558,4.096000000019558,0.0020000000004074536,0.25600000000122236,0.675607970887494,3104.0960000000196,1,2097152,1.0,1.0,0.0,2973.0239999993937,0.0,2097152
single,1,100.0,ready,0.0,2,4.096000000019558,4.096000000019558,4.096000000019558,0.0020000000004074536,0.49587500000234286,0.675607970887494,3104.0960000000196,2,2097152,1.0,1.0,0.0,2973.0239999993937,0.0,2097152
single,1,100.0,ready,0.0,4,4.096000000019558,4.096000000019558,4.096000000019558,0.0020000000004074536,0.9272500000042783,0.675607970887494,3104.0960000000196,4,2097152,1.0,1.0,0.0,2973.0239999993937,0.0,2097152
single,1,100.0,ready,0.0,8,4.096000000019558,4.096000000019558,4.096000000019558,0.0020000000004074536,1.5965000000069267,0.675607970887494,3104.0960000000196,8,2097152,1.0,1.0,0.0,2973.0239999993937,0.0,2097152
single,1,100.0,ready,0.0,16,4.096000000019558,4.096000000019558,4.096000000019558,0.0020000000004074536,2.161000000007334,0.675607970887494,3104.0960000000196,16,2097152,1.0,1.0,0.0,2973.0239999993937,0.0,2097152
single,1,100.0,ready,0.0,32,4.096000000019558,4.096000000019558,4.096000000019558,0.0020000000004074536,2.161000000007334,0.675607970887494,3104.0960000000196,16,2097152,1.0,1.0,0.0,2973.0239999993937,0.0,2097152
single,1,100.0,ready,0.0,64,4.096000000019558,4.096000000019558,4.096000000019558,0.0020000000004074536,2.161000000007334,0.675607970887494,3104.0960000000196,16,2097152,1.0,1.0,0.0,2973.0239999993937,0.0,2097152
single,1,100.0,ready,0.5,1,12.096000000019558,12.096000000019558,12.096000000019558,0.5020000000004075,0.7560000000012224,0.6738712430464827,3112.0960000000196,1,2097152,1.0,1.0,0.0,2981.0239999993937,0.0,2097152
single,1,100.0,ready,0.5,2,6.304000000011001,6.304000000011001,6.304000000011001,0.5020000000004075,0.7718750000012733,0.6751277402340506,3106.304000000011,2,2097152,1.0,1.0,0.0,2975.231999999385,0.0,2097152
single,1,100.0,ready,0.5,4,4.596000000019558,4.596000000019558,4.596000000019558,0.5020000000004075,1.0522500000042783,0.6754991631761385,3104.5960000000196,4,2097152,1.0,1.0,0.0,2973.5239999993937,0.0,2097152
single,1,100.0,ready,0.5,8,4.596000000019558,4.596000000019558,4.596000000019558,0.5020000000004075,1.8465000000069267,0.6754991631761385,3104.5960000000196,8,2097152,1.0,1.0,0.0,2973.5239999993937,0.0,2097152
single,1,100.0,ready,0.5,16,4.596000000019558,4.596000000019558,4.596000000019558,0.5020000000004075,2.661000000007334,0.6754991631761385,3104.5960000000196,16,2097152,1.0,1.0,0.0,2973.5239999993937,0.0,2097152
single,1,100.0,ready,0.5,32,4.596000000019558,4.596000000019558,4.596000000019558,0.5020000000004075,2.661000000007334,0.6754991631761385,3104.5960000000196,16,2097152,1.0,1.0,0.0,2973.5239999993937,0.0,2097152
single,1,100.0,ready,0.5,64,4.596000000019558,4.596000000019558,4.596000000019558,0.5020000000004075,2.661000000007334,0.6754991631761385,3104.5960000000196,16,2097152,1.0,1.0,0.0,2973.5239999993937,0.0,2097152
single,1,100.0,ready,1.0,1,20.096000000019558,20.096000000019558,20.096000000019558,1.0020000000004075,1.2560000000012224,0.6721434212280606,3120.0960000000196,1,2097152,1.0,1.0,0.0,2989.0239999993937,0.0,2097152
single,1,100.0,ready,1.0,2,10.304000000011001,10.304000000011001,10.304000000011001,1.0020000000004075,1.2718750000012733,0.6742594936057674,3110.304000000011,2,2097152,1.0,1.0,0.0,2979.231999999385,0.0,2097152
single,1,100.0,ready,1.0,4,5.7920000000085565,5.7920000000085565,5.7920000000085565,1.0020000000004075,1.351250000001528,0.6752390372568395,3105.7920000000086,4,2097152,1.0,1.0,0.0,2974.7199999993827,0.0,2097152
single,1,100.0,ready,1.0,8,5.096000000019558,5.096000000019558,5.096000000019558,1.0020000000004075,2.0965000000069267,0.6753903905064407,3105.0960000000196,8,2097152,1.0,1.0,0.0,2974.0239999993937,0.0,2097152
single,1,100.0,ready,1.0,16,5.096000000019558,5.096000000019558,5.096000000019558,1.0020000000004075,3.161000000007334,0.6753903905064407,3105.0960000000196,16,2097152,1.0,1.0,0.0,2974.0239999993937,0.0,2097152
single,1,100.0,ready,1.0,32,5.096000000019558,5.096000000019558,5.096000000019558,1.0020000000004075,3.161000000007334,0.6753903905064407,3105.0960000000196,16,2097152,1.0,1.0,0.0,2974.0239999993937,0.0,2097152
single,1,100.0,ready,1.0,64,5.096000000019558,5.096000000019558,5.096000000019558,1.0020000000004075,3.161000000007334,0.6753903905064407,3105.0960000000196,16,2097152,1.0,1.0,0.0,2974.0239999993937,0.0,2097152
single,1,100.0,ready,2.0,1,36.09600000001956,36.09600000001956,36.09600000001956,2.0020000000004075,2.2560000000012224,0.6687142230339845,3136.0960000000196,1,2097152,1.0,1.0,0.0,3005.0239999993937,0.0,2097152
single,1,100.0,ready,2.0,2,18.304000000011,18.304000000011,18.304000000011,2.0020000000004075,2.2718750000012733,0.672529682801931,3118.304000000011,2,2097152,1.0,1.0,0.0,2987.231999999385,0.0,2097152
single,1,100.0,ready,2.0,4,9.792000000008557,9.792000000008557,9.792000000008557,2.0020000000004075,2.351250000001528,0.674370504522487,3109.7920000000086,4,2097152,1.0,1.0,0.0,2978.7199999993827,0.0,2097152
single,1,100.0,ready,2.0,8,6.304000000011001,6.304000000011001,6.304000000011001,2.0020000000004075,2.7005000000026484,0.6751277402340506,3106.304000000011,8,2097152,1.0,1.0,0.0,2975.231999999385,0.0,2097152
single,1,100.0,ready,2.0,16,6.096000000019558,6.096000000019558,6.096000000019558,2.0020000000004075,4.161000000007334,0.6751729502243288,3106.0960000000196,16,2097152,1.0,1.0,0.0,2975.0239999993937,0.0,2097152
single,1,100.0,ready,2.0,32,6.096000000019558,6.096000000019558,6.096000000019558,2.0020000000004075,4.161000000007334,0.6751729502243288,3106.0960000000196,16,2097152,1.0,1.0,0.0,2975.0239999993937,0.0,2097152
single,1,100.0,ready,2.0,64,6.096000000019558,6.096000000019558,6.096000000019558,2.0020000000004075,4.161000000007334,0.6751729502243288,3106.0960000000196,16,2097152,1.0,1.0,0.0,2975.0239999993937,0.0,2097152
single,1,100.0,ready,3.0,1,52.09600000001956,52.09600000001956,52.09600000001956,3.0020000000004075,3.2560000000012224,0.6653198379744738,3152.0960000000196,1,2097152,1.0,1.0,0.0,3021.0239999993937,0.0,2097152
single,1,100.0,ready,3.0,2,26.304000000011,26.304000000011,26.304000000011,3.0020000000004075,3.2718750000012733,0.6708087249352567,3126.304000000011,2,2097152,1.0,1.0,0.0,2995.231999999385,0.0,2097152
single,1,100.0,ready,3.0,4,13.792000000008557,13.792000000008557,13.792000000008557,3.0020000000004075,3.351250000001528,0.6735042032351533,3113.7920000000086,4,2097152,1.0,1.0,0.0,2982.7199999993827,0.0,2097152
single,1,100.0,ready,3.0,8,8.304000000011001,8.304000000011001,8.304000000011001,3.0020000000004075,3.7005000000026484,0.674693337588599,3108.304000000011,8,2097152,1.0,1.0,0.0,2977.231999999385,0.0,2097152
single,1,100.0,ready,3.0,16,7.096000000019558,7.096000000019558,7.096000000019558,3.0020000000004075,5.161000000007334,0.6749556499058885,3107.0960000000196,16,2097152,1.0,1.0,0.0,2976.0239999993937,0.0,2097152
single,1,100.0,ready,3.0,32,7.096000000019558,7.096000000019558,7.096000000019558,3.0020000000004075,5.161000000007334,0.6749556499058885,3107.0960000000196,16,2097152,1.0,1.0,0.0,2976.0239999993937,0.0,2097152
single,1,100.0,ready,3.0,64,7.096000000019558,7.096000000019558,7.096000000019558,3.0020000000004075,5.161000000007334,0.6749556499058885,3107.0960000000196,16,2097152,1.0,1.0,0.0,2976.0239999993937,0.0,2097152
single,1,100.0,ready,5.0,1,84.09600000001956,84.09600000001956,84.09600000001956,5.0020000000004075,5.256000000001222,0.6586334080379446,3184.0960000000196,1,2097152,1.0,1.0,0.0,3053.0239999993937,0.0,2097152
single,1,100.0,ready,5.0,2,42.304000000011,42.304000000011,42.304000000011,5.0020000000004075,5.271875000001273,0.6673930975488026,3142.304000000011,2,2097152,1.0,1.0,0.0,3011.231999999385,0.0,2097152
single,1,100.0,ready,5.0,4,21.792000000008557,21.792000000008557,21.792000000008557,5.0020000000004075,5.351250000001528,0.6717782606912934,3121.7920000000086,4,2097152,1.0,1.0,0.0,2990.7199999993827,0.0,2097152
single,1,100.0,ready,5.0,8,12.304000000011001,12.304000000011001,12.304000000011001,5.0020000000004075,5.7005000000026484,0.6738262072085479,3112.304000000011,8,2097152,1.0,1.0,0.0,2981.231999999385,0.0,2097152
single,1,100.0,ready,5.0,16,9.096000000019558,9.096000000019558,9.096000000019558,5.0020000000004075,7.161000000007334,0.6745214686198133,3109.0960000000196,16,2097152,1.0,1.0,0.0,2978.0239999993937,0.0,2097152
single,1,100.0,ready,5.0,32,9.096000000019558,9.096000000019558,9.096000000019558,5.0020000000004075,7.161000000007334,0.6745214686198133,3109.0960000000196,16,2097152,1.0,1.0,0.0,2978.0239999993937,0.0,2097152
single,1,100.0,ready,5.0,64,9.096000000019558,9.096000000019558,9.096000000019558,5.0020000000004075,7.161000000007334,0.6745214686198133,3109.0960000000196,16,2097152,1.0,1.0,0.0,2978.0239999993937,0.0,2097152
single,1,100.0,ready,10.0,1,1157.5840000003227,2086.9760000006063,164.09600000001956,1003.4900000003036,10.256000000001222,0.399375975038954,5251.072000000626,1,2097152,1.0,1.0,0.0,5120.0,0.0,2097152
single,1,100.0,ready,10.0,2,82.304000000011,82.304000000011,82.304000000011,10.002000000000407,10.271875000001273,0.6590042937444043,3182.304000000011,2,2097152,1.0,1.0,0.0,3051.231999999385,0.0,2097152
single,1,100.0,ready,10.0,4,41.79200000000856,41.79200000000856,41.79200000000856,10.002000000000407,10.351250000001528,0.6675018588117846,3141.7920000000086,4,2097152,1.0,1.0,0.0,3010.7199999993827,0.0,2097152
single,1,100.0,ready,10.0,8,22.304000000011,22.304000000011,22.304000000011,10.002000000000407,10.700500000002648,0.6716681015045276,3122.304000000011,8,2097152,1.0,1.0,0.0,2991.231999999385,0.0,2097152
single,1,100.0,ready,10.0,16,14.096000000019558,14.096000000019558,14.096000000019558,10.002000000000407,12.161000000007334,0.6734384553334215,3114.0960000000196,16,2097152,1.0,1.0,0.0,2983.0239999993937,0.0,2097152
single,1,100.0,ready,10.0,32,14.096000000019558,14.096000000019558,14.096000000019558,10.002000000000407,12.161000000007334,0.6734384553334215,3114.0960000000196,16,2097152,1.0,1.0,0.0,2983.0239999993937,0.0,2097152
single,1,100.0,ready,10.0,64,14.096000000019558,14.096000000019558,14.096000000019558,10.002000000000407,12.161000000007334,0.6734384553334215,3114.0960000000196,16,2097152,1.0,1.0,0.0,2983.0239999993937,0.0,2097152
single,1,100.0,late,0.0,1,30.330666666672187,30.330666666672187,30.330666666672187,8.678666666666686,1.8956666666670117,0.669945837457852,3130.330666666672,1,65536,0.75,0.75,0.25,2999.2586666660463,0.0,2097152
single,1,100.0,late,0.0,2,30.330666666672187,30.330666666672187,30.330666666672187,8.678666666666686,3.7752083333339215,0.669945837457852,3130.330666666672,2,65536,0.5,0.5,0.5,2999.2586666660463,0.0,2097152
single,1,100.0,late,0.0,4,30.330666666672187,30.330666666672187,30.330666666672187,8.678666666666686,7.4859166666674355,0.669945837457852,3130.330666666672,4,65536,0.0,0.0,1.0,2999.2586666660463,0.0,2097152
single,1,100.0,late,0.0,8,30.330666666672187,30.330666666672187,30.330666666672187,8.678666666666686,13.250666666667712,0.669945837457852,3130.330666666672,8,65536,0.0,0.0,1.0,2999.2586666660463,0.0,2097152
single,1,100.0,late,0.0,16,30.330666666672187,30.330666666672187,30.330666666672187,8.678666666666686,19.616666666666788,0.669945837457852,3130.330666666672,16,65536,0.0,0.0,1.0,2999.2586666660463,0.0,2097152
single,1,100.0,late,0.0,32,30.330666666672187,30.330666666672187,30.330666666672187,8.678666666666686,19.616666666666788,0.669945837457852,3130.330666666672,16,65536,0.0,0.0,1.0,2999.2586666660463,0.0,2097152
single,1,100.0,late,0.0,64,30.330666666672187,30.330666666672187,30.330666666672187,8.678666666666686,19.616666666666788,0.669945837457852,3130.330666666672,16,65536,0.0,0.0,1.0,2999.2586666660463,0.0,2097152
single,1,100.0,late,0.5,1,31.830666666672187,31.830666666672187,31.830666666672187,8.678666666666686,1.9894166666670117,0.6696249648235546,3131.830666666672,1,65536,0.75,0.75,0.25,3000.7586666660463,0.0,2097152
single,1,100.0,late,0.5,2,30.574666666670964,30.574666666670964,30.574666666670964,8.678666666666686,3.8057083333337687,0.6698936212350354,3130.574666666671,2,65536,0.5,0.5,0.5,2999.502666666045,0.0,2097152
single,1,100.0,late,0.5,4,30.330666666672187,30.330666666672187,30.330666666672187,8.678666666666686,7.4859166666674355,0.669945837457852,3130.330666666672,4,65536,0.0,0.0,1.0,2999.2586666660463,0.0,2097152
single,1,100.0,late,0.5,8,30.330666666672187,30.330666666672187,30.330666666672187,8.678666666666686,13.250666666667712,0.669945837457852,3130.330666666672,8,65536,0.0,0.0,1.0,2999.2586666660463,0.0,2097152
single,1,100.0,late,0.5,16,30.330666666672187,30.330666666672187,30.330666666672187,8.678666666666686,19.616666666666788,0.669945837457852,3130.330666666672,16,65536,0.0,0.0,1.0,2999.2586666660463,0.0,2097152
single,1,100.0,late,0.5,32,30.330666666672187,30.330666666672187,30.330666666672187,8.678666666666686,19.616666666666788,0.669945837457852,3130.330666666672,16,65536,0.0,0.0,1.0,2999.2586666660463,0.0,2097152
single,1,100.0,late,0.5,64,30.330666666672187,30.330666666672187,30.330666666672187,8.678666666666686,19.616666666666788,0.669945837457852,3130.330666666672,16,65536,0.0,0.0,1.0,2999.2586666660463,0.0,2097152
single,1,100.0,late,1.0,1,33.33066666667219,33.33066666667219,33.33066666667219,8.678666666666686,2.0831666666670117,0.6693043994079982,3133.330666666672,1,65536,0.75,0.75,0.25,3002.2586666660463,0.0,2097152
single,1,100.0,late,1.0,2,31.074666666670964,31.074666666670964,31.074666666670964,8.678666666666686,3.8682083333337687,0.6697866462036881,3131.074666666671,2,65536,0.5,0.5,0.5,3000.002666666045,0.0,2097152
single,1,100.0,late,1.0,4,30.330666666672187,30.330666666672187,30.330666666672187,8.678666666666686,7.4859166666674355,0.669945837457852,3130.330666666672,4,65536,0.0,0.0,1.0,2999.2586666660463,0.0,2097152
single,1,100.0,late,1.0,8,30.330666666672187,30.330666666672187,30.330666666672187,8.678666666666686,13.250666666667712,0.669945837457852,3130.330666666672,8,65536,0.0,0.0,1.0,2999.2586666660463,0.0,2097152
single,1,100.0,late,1.0,16,30.330666666672187,30.330666666672187,30.330666666672187,8.678666666666686,19.616666666666788,0.669945837457852,3130.330666666672,16,65536,0.0,0.0,1.0,2999.2586666660463,0.0,2097152
single,1,100.0,late,1.0,32,30.330666666672187,30.330666666672187,30.330666666672187,8.678666666666686,19.616666666666788,0.669945837457852,3130.330666666672,16,65536,0.0,0.0,1.0,2999.2586666660463,0.0,2097152
single,1,100.0,late,1.0,64,30.330666666672187,30.330666666672187,30.330666666672187,8.678666666666686,19.616666666666788,0.669945837457852,3130.330666666672,16,65536,0.0,0.0,1.0,2999.2586666660463,0.0,2097152
single,1,100.0,late,2.0,1,42.772666666685836,42.772666666685836,42.772666666685836,8.678666666666686,2.6732916666678648,0.6672935724060179,3142.772666666686,1,65536,0.9375,0.9375,0.0625,3011.70066666606,0.0,2097152
single,1,100.0,late,2.0,2,32.074666666670964,32.074666666670964,32.074666666670964,8.678666666666686,3.9932083333337687,0.6695727986050557,3132.074666666671,2,65536,0.5,0.5,0.5,3001.002666666045,0.0,2097152
single,1,100.0,late,2.0,4,30.330666666672187,30.330666666672187,30.330666666672187,8.678666666666686,7.4859166666674355,0.669945837457852,3130.330666666672,4,65536,0.0,0.0,1.0,2999.2586666660463,0.0,2097152
single,1,100.0,late,2.0,8,30.330666666672187,30.330666666672187,30.330666666672187,8.678666666666686,13.250666666667712,0.669945837457852,3130.330666666672,8,65536,0.0,0.0,1.0,2999.2586666660463,0.0,2097152
single,1,100.0,late,2.0,16,30.330666666672187,30.330666666672187,30.330666666672187,8.678666666666686,19.616666666666788,0.669945837457852,3130.330666666672,16,65536,0.0,0.0,1.0,2999.2586666660463,0.0,2097152
single,1,100.0,late,2.0,32,30.330666666672187,30.330666666672187,30.330666666672187,8.678666666666686,19.616666666666788,0.669945837457852,3130.330666666672,16,65536,0.0,0.0,1.0,2999.2586666660463,0.0,2097152
single,1,100.0,late,2.0,64,30.330666666672187,30.330666666672187,30.330666666672187,8.678666666666686,19.616666666666788,0.669945837457852,3130.330666666672,16,65536,0.0,0.0,1.0,2999.2586666660463,0.0,2097152
single,1,100.0,late,3.0,1,57.772666666685836,57.772666666685836,57.772666666685836,8.678666666666686,3.6107916666678648,0.6641238054079851,3157.772666666686,1,65536,0.9375,0.9375,0.0625,3026.70066666606,0.0,2097152
single,1,100.0,late,3.0,2,33.074666666670964,33.074666666670964,33.074666666670964,8.678666666666686,4.118208333333769,0.66935908751616,3133.074666666671,2,65536,0.5,0.5,0.5,3002.002666666045,0.0,2097152
single,1,100.0,late,3.0,4,30.330666666672187,30.330666666672187,30.330666666672187,8.678666666666686,7.4859166666674355,0.669945837457852,3130.330666666672,4,65536,0.0,0.0,1.0,2999.2586666660463,0.0,2097152
single,1,100.0,late,3.0,8,30.330666666672187,30.330666666672187,30.330666666672187,8.678666666666686,13.250666666667712,0.669945837457852,3130.330666666672,8,65536,0.0,0.0,1.0,2999.2586666660463,0.0,2097152
single,1,100.0,late,3.0,16,30.330666666672187,30.330666666672187,30.330666666672187,8.678666666666686,19.616666666666788,0.669945837457852,3130.330666666672,16,65536,0.0,0.0,1.0,2999.2586666660463,0.0,2097152
single,1,100.0,late,3.0,32,30.330666666672187,30.330666666672187,30.330666666672187,8.678666666666686,19.616666666666788,0.669945837457852,3130.330666666672,16,65536,0.0,0.0,1.0,2999.2586666660463,0.0,2097152
single,1,100.0,late,3.0,64,30.330666666672187,30.330666666672187,30.330666666672187,8.678666666666686,19.616666666666788,0.669945837457852,3130.330666666672,16,65536,0.0,0.0,1.0,2999.2586666660463,0.0,2097152
single,1,100.0,late,5.0,1,87.77266666668584,87.77266666668584,87.77266666668584,8.678666666666686,5.485791666667865,0.6578737630600554,3187.772666666686,1,65536,0.9375,0.9375,0.0625,3056.70066666606,0.0,2097152
single,1,100.0,late,5.0,2,45.98066666667728,45.98066666667728,45.98066666667728,8.678666666666686,5.731458333334558,0.6666131239204457,3145.9806666666773,2,65536,0.75,0.875,0.25,3014.9086666660514,0.0,2097152
single,1,100.0,late,5.0,4,30.330666666672187,30.330666666672187,30.330666666672187,8.678666666666686,7.4859166666674355,0.669945837457852,3130.330666666672,4,65536,0.0,0.0,1.0,2999.2586666660463,0.0,2097152
single,1,100.0,late,5.0,8,30.330666666672187,30.330666666672187,30.330666666672187,8.678666666666686,13.250666666667712,0.669945837457852,3130.330666666672,8,65536,0.0,0.0,1.0,2999.2586666660463,0.0,2097152
single,1,100.0,late,5.0,16,30.330666666672187,30.330666666672187,30.330666666672187,8.678666666666686,19.616666666666788,0.669945837457852,3130.330666666672,16,65536,0.0,0.0,1.0,2999.2586666660463,0.0,2097152
single,1,100.0,late,5.0,32,30.330666666672187,30.330666666672187,30.330666666672187,8.678666666666686,19.616666666666788,0.669945837457852,3130.330666666672,16,65536,0.0,0.0,1.0,2999.2586666660463,0.0,2097152
single,1,100.0,late,5.0,64,30.330666666672187,30.330666666672187,30.330666666672187,8.678666666666686,19.616666666666788,0.669945837457852,3130.330666666672,16,65536,0.0,0.0,1.0,2999.2586666660463,0.0,2097152
single,1,100.0,late,10.0,1,1157.5840000003227,2086.9760000006063,164.09600000001956,1003.4900000003036,10.256000000001222,0.399375975038954,5251.072000000626,1,868352,0.998046875,1.0,0.001953125,5120.0,0.0,2097152
single,1,100.0,late,10.0,2,82.304000000011,82.304000000011,82.304000000011,10.002000000000407,10.271875000001273,0.6590042937444043,3182.304000000011,2,65536,0.875,1.0,0.125,3051.231999999385,0.0,2097152
single,1,100.0,late,10.0,4,41.79200000000856,41.79200000000856,41.79200000000856,10.002000000000407,10.351250000001528,0.6675018588117846,3141.7920000000086,4,65536,0.25,1.0,0.75,3010.7199999993827,0.0,2097152
single,1,100.0,late,10.0,8,30.330666666672187,30.330666666672187,30.330666666672187,10.002000000000407,13.250666666667712,0.669945837457852,3130.330666666672,8,65536,0.0,0.25,1.0,2999.2586666660463,0.0,2097152
single,1,100.0,late,10.0,16,30.330666666672187,30.330666666672187,30.330666666672187,10.002000000000407,19.94750000000022,0.669945837457852,3130.330666666672,16,65536,0.0,0.25,1.0,2999.2586666660463,0.0,2097152
single,1,100.0,late,10.0,32,30.330666666672187,30.330666666672187,30.330666666672187,10.002000000000407,19.94750000000022,0.669945837457852,3130.330666666672,16,65536,0.0,0.25,1.0,2999.2586666660463,0.0,2097152
single,1,100.0,late,10.0,64,30.330666666672187,30.330666666672187,30.330666666672187,10.002000000000407,19.94750000000022,0.669945837457852,3130.330666666672,16,65536,0.0,0.25,1.0,2999.2586666660463,0.0,2097152
single,1,100.0,mixed,0.0,1,24.449333333352115,44.80266666668467,24.449333333352115,5.090333333333547,1.5280833333345072,0.675607970887494,3104.0960000000196,1,1064960,0.5,0.5,0.0,2973.0239999993937,0.0,2097152
single,1,100.0,mixed,0.0,2,24.06533333335028,44.034666666681005,24.06533333335028,5.090333333333547,2.9920416666686833,0.675607970887494,3104.0960000000196,2,1081344,0.5,0.5,0.0,2973.0239999993937,0.0,2097152
single,1,100.0,mixed,0.0,4,23.297333333346614,42.49866666667367,23.297333333346614,5.090333333333547,5.727583333336042,0.675607970887494,3104.0960000000196,4,1081344,0.5,0.5,0.0,2973.0239999993937,0.0,2097152
single,1,100.0,mixed,0.0,8,17.963333333345872,31.830666666672187,17.963333333345872,5.090333333333547,7.798583333337319,0.675607970887494,3104.0960000000196,8,1097728,0.5,0.5,0.0,2973.0239999993937,0.0,2097152
single,1,100.0,mixed,0.0,16,17.963333333345872,31.830666666672187,17.963333333345872,5.090333333333547,11.638833333337061,0.675607970887494,3104.0960000000196,16,1114112,0.5,0.5,0.0,2973.0239999993937,0.0,2097152
single,1,100.0,mixed,0.0,32,17.963333333345872,31.830666666672187,17.963333333345872,5.090333333333547,11.638833333337061,0.675607970887494,3104.0960000000196,16,1114112,0.5,0.5,0.0,2973.0239999993937,0.0,2097152
single,1,100.0,mixed,0.0,64,17.963333333345872,31.830666666672187,17.963333333345872,5.090333333333547,11.638833333337061,0.675607970887494,3104.0960000000196,16,1114112,0.5,0.5,0.0,2973.0239999993937,0.0,2097152
single,1,100.0,mixed,0.5,1,32.449333333352115,52.80266666668467,32.449333333352115,5.590333333333547,2.028083333334507,0.6738712430464827,3112.0960000000196,1,1064960,0.5,0.5,0.0,2981.0239999993937,0.0,2097152
single,1,100.0,mixed,0.5,2,26.65733333334356,47.010666666676116,26.65733333334356,5.590333333333547,3.316041666667843,0.6751277402340506,3106.304000000011,2,1064960,0.5,0.5,0.0,2975.231999999385,0.0,2097152
single,1,100.0,mixed,0.5,4,24.547333333346614,44.49866666667367,24.547333333346614,5.590333333333547,6.040083333336042,0.6754991631761385,3104.5960000000196,4,1081344,0.5,0.5,0.0,2973.5239999993937,0.0,2097152
single,1,100.0,mixed,0.5,8,18.463333333345872,32.33066666667219,18.463333333345872,5.590333333333547,8.04858333333732,0.6754991631761385,3104.5960000000196,8,1097728,0.5,0.5,0.0,2973.5239999993937,0.0,2097152
single,1,100.0,mixed,0.5,16,18.463333333345872,32.33066666667219,18.463333333345872,5.590333333333547,12.138833333337061,0.6754991631761385,3104.5960000000196,16,1114112,0.5,0.5,0.0,2973.5239999993937,0.0,2097152
single,1,100.0,mixed,0.5,32,18.463333333345872,32.33066666667219,18.463333333345872,5.590333333333547,12.138833333337061,0.6754991631761385,3104.5960000000196,16,1114112,0.5,0.5,0.0,2973.5239999993937,0.0,2097152
single,1,100.0,mixed,0.5,64,18.463333333345872,32.33066666667219,18.463333333345872,5.590333333333547,12.138833333337061,0.6754991631761385,3104.5960000000196,16,1114112,0.5,0.5,0.0,2973.5239999993937,0.0,2097152
single,1,100.0,mixed,1.0,1,40.449333333352115,60.80266666668467,40.449333333352115,6.090333333333547,2.528083333334507,0.6721434212280606,3120.0960000000196,1,1064960,0.5,0.5,0.0,2989.0239999993937,0.0,2097152
single,1,100.0,mixed,1.0,2,30.65733333334356,51.010666666676116,30.65733333334356,6.090333333333547,3.816041666667843,0.6742594936057674,3110.304000000011,2,1064960,0.5,0.5,0.0,2979.231999999385,0.0,2097152
single,1,100.0,mixed,1.0,4,26.145333333341114,46.49866666667367,26.145333333341114,6.090333333333547,6.439583333334667,0.6752390372568395,3105.7920000000086,4,1064960,0.5,0.5,0.0,2974.7199999993827,0.0,2097152
single,1,100.0,mixed,1.0,8,18.963333333345872,32.83066666667219,18.963333333345872,6.090333333333547,8.29858333333732,0.6753903905064407,3105.0960000000196,8,1081344,0.5,0.5,0.0,2974.0239999993937,0.0,2097152
single,1,100.0,mixed,1.0,16,18.963333333345872,32.83066666667219,18.963333333345872,6.090333333333547,12.638833333337061,0.6753903905064407,3105.0960000000196,16,1114112,0.5,0.5,0.0,2974.0239999993937,0.0,2097152
single,1,100.0,mixed,1.0,32,18.963333333345872,32.83066666667219,18.963333333345872,6.090333333333547,12.638833333337061,0.6753903905064407,3105.0960000000196,16,1114112,0.5,0.5,0.0,2974.0239999993937,0.0,2097152
single,1,100.0,mixed,1.0,64,18.963333333345872,32.83066666667219,18.963333333345872,6.090333333333547,12.638833333337061,0.6753903905064407,3105.0960000000196,16,1114112,0.5,0.5,0.0,2974.0239999993937,0.0,2097152
single,1,100.0,mixed,2.0,1,56.449333333352115,76.80266666668467,56.449333333352115,7.090333333333547,3.528083333334507,0.6687142230339845,3136.0960000000196,1,1064960,0.5,0.5,0.0,3005.0239999993937,0.0,2097152
single,1,100.0,mixed,2.0,2,38.65733333334356,59.010666666676116,38.65733333334356,7.090333333333547,4.816041666667843,0.672529682801931,3118.304000000011,2,1064960,0.5,0.5,0.0,2987.231999999385,0.0,2097152
single,1,100.0,mixed,2.0,4,30.145333333341114,50.49866666667367,30.145333333341114,7.090333333333547,7.439583333334667,0.674370504522487,3109.7920000000086,4,1064960,0.5,0.5,0.0,2978.7199999993827,0.0,2097152
single,1,100.0,mixed,2.0,8,20.067333333341594,33.83066666667219,20.067333333341594,7.090333333333547,8.85058333333518,0.6751277402340506,3106.304000000011,8,1081344,0.5,0.5,0.0,2975.231999999385,0.0,2097152
single,1,100.0,mixed,2.0,16,19.963333333345872,33.83066666667219,19.963333333345872,7.090333333333547,13.638833333337061,0.6751729502243288,3106.0960000000196,16,1114112,0.5,0.5,0.0,2975.0239999993937,0.0,2097152
single,1,100.0,mixed,2.0,32,19.963333333345872,33.83066666667219,19.963333333345872,7.090333333333547,13.638833333337061,0.6751729502243288,3106.0960000000196,16,1114112,0.5,0.5,0.0,2975.0239999993937,0.0,2097152
single,1,100.0,mixed,2.0,64,19.963333333345872,33.83066666667219,19.963333333345872,7.090333333333547,13.638833333337061,0.6751729502243288,3106.0960000000196,16,1114112,0.5,0.5,0.0,2975.0239999993937,0.0,2097152
single,1,100.0,mixed,3.0,1,72.44933333335212,92.80266666668467,72.44933333335212,8.090333333333547,4.528083333334507,0.6653198379744738,3152.0960000000196,1,1064960,0.5,0.5,0.0,3021.0239999993937,0.0,2097152
single,1,100.0,mixed,3.0,2,46.65733333334356,67.01066666667612,46.65733333334356,8.090333333333547,5.816041666667843,0.6708087249352567,3126.304000000011,2,1064960,0.5,0.5,0.0,2995.231999999385,0.0,2097152
single,1,100.0,mixed,3.0,4,34.145333333341114,54.49866666667367,34.145333333341114,8.090333333333547,8.439583333334667,0.6735042032351533,3113.7920000000086,4,1064960,0.5,0.5,0.0,2982.7199999993827,0.0,2097152
single,1,100.0,mixed,3.0,8,21.567333333341594,34.83066666667219,21.567333333341594,8.090333333333547,9.60058333333518,0.674693337588599,3108.304000000011,8,1081344,0.5,0.5,0.0,2977.231999999385,0.0,2097152
single,1,100.0,mixed,3.0,16,20.963333333345872,34.83066666667219,20.963333333345872,8.090333333333547,14.638833333337061,0.6749556499058885,3107.0960000000196,16,1114112,0.5,0.5,0.0,2976.0239999993937,0.0,2097152
single,1,100.0,mixed,3.0,32,20.963333333345872,34.83066666667219,20.963333333345872,8.090333333333547,14.638833333337061,0.6749556499058885,3107.0960000000196,16,1114112,0.5,0.5,0.0,2976.0239999993937,0.0,2097152
single,1,100.0,mixed,3.0,64,20.963333333345872,34.83066666667219,20.963333333345872,8.090333333333547,14.638833333337061,0.6749556499058885,3107.0960000000196,16,1114112,0.5,0.5,0.0,2976.0239999993937,0.0,2097152
single,1,100.0,mixed,5.0,1,183.59066666697618,249.3840000005439,104.44933333335212,89.23166666695761,6.528083333334507,0.6274429707544477,3342.3786666672677,1,1064960,0.5,0.5,0.0,3211.306666666642,0.0,2097152
single,1,100.0,mixed,5.0,2,62.65733333334356,83.01066666667612,62.65733333334356,10.090333333333547,7.816041666667843,0.6673930975488026,3142.304000000011,2,1064960,0.5,0.5,0.0,3011.231999999385,0.0,2097152
single,1,100.0,mixed,5.0,4,42.145333333341114,62.49866666667367,42.145333333341114,10.090333333333547,10.439583333334667,0.6717782606912934,3121.7920000000086,4,1064960,0.5,0.5,0.0,2990.7199999993827,0.0,2097152
single,1,100.0,mixed,5.0,8,25.40700000000834,38.510000000005675,25.40700000000834,10.090333333333547,11.520416666668552,0.6738262072085479,3112.304000000011,8,1081344,0.5,0.5,0.0,2981.231999999385,0.0,2097152
single,1,100.0,mixed,5.0,16,22.963333333345872,36.83066666667219,22.963333333345872,10.090333333333547,16.63883333333706,0.6745214686198133,3109.0960000000196,16,1114112,0.5,0.5,0.0,2978.0239999993937,0.0,2097152
single,1,100.0,mixed,5.0,32,22.963333333345872,36.83066666667219,22.963333333345872,10.090333333333547,16.63883333333706,0.6745214686198133,3109.0960000000196,16,1114112,0.5,0.5,0.0,2978.0239999993937,0.0,2097152
single,1,100.0,mixed,5.0,64,22.963333333345872,36.83066666667219,22.963333333345872,10.090333333333547,16.63883333333706,0.6745214686198133,3109.0960000000196,16,1114112,0.5,0.5,0.0,2978.0239999993937,0.0,2097152
single,1,100.0,mixed,10.0,1,1503.5906666669762,2738.282666667248,184.44933333335212,1334.2316666669576,11.528083333334507,0.35530624489467744,5902.378666667268,1,1064960,0.5,0.5,0.0,5771.306666666642,0.0,2097152
single,1,100.0,mixed,10.0,2,150.05466666681605,190.24800000026153,102.65733333334356,62.487666666806035,12.800662760417794,0.6399416719829659,3277.098666666956,2,1064960,0.5,0.5,0.0,3146.02666666633,0.0,2097152
single,1,100.0,mixed,10.0,4,62.145333333341114,82.49866666667367,62.145333333341114,15.090333333333547,15.439583333334667,0.6675018588117846,3141.7920000000086,4,1064960,0.5,0.5,0.0,3010.7199999993827,0.0,2097152
single,1,100.0,mixed,10.0,8,35.40700000000834,48.510000000005675,35.40700000000834,15.090333333333547,16.520416666668552,0.6716681015045276,3122.304000000011,8,1081344,0.5,0.5,0.0,2991.231999999385,0.0,2097152
single,1,100.0,mixed,10.0,16,27.963333333345872,41.83066666667219,27.963333333345872,15.090333333333547,21.63883333333706,0.6734384553334215,3114.0960000000196,16,1114112,0.5,0.5,0.0,2983.0239999993937,0.0,2097152
single,1,100.0,mixed,10.0,32,27.963333333345872,41.83066666667219,27.963333333345872,15.090333333333547,21.63883333333706,0.6734384553334215,3114.0960000000196,16,1114112,0.5,0.5,0.0,2983.0239999993937,0.0,2097152
single,1,100.0,mixed,10.0,64,27.963333333345872,41.83066666667219,27.963333333345872,15.090333333333547,21.63883333333706,0.6734384553334215,3114.0960000000196,16,1114112,0.5,0.5,0.0,2983.0239999993937,0.0,2097152
striped,4,0.0,none,0.0,1,739.2440000002971,1388.8826666672248,44.80266666668467,704.6200000002791,2.800166666667792,1.46277007320934,1433.6853333339095,1,16384,0.0,0.0,0.0,1302.6133333332837,0.0,2097152
striped,4,0.0,none,0.0,2,722.6040000002176,1357.3946666670745,44.034666666681005,688.7480000002033,5.472829427084974,1.4967113276487587,1401.1733333337543,2,32768,0.0,0.0,0.0,1270.1013333331284,0.0,2097152
striped,4,0.0,none,0.0,4,689.3240000000587,1294.4186666667738,42.49866666667367,657.0040000000517,10.43564322916751,1.5695491122747458,1336.1493333334438,4,32768,0.0,0.0,0.0,1205.077333332818,0.0,2097152
striped,4,0.0,none,0.0,8,346.0700000000361,648.6173333333936,22.65733333334356,333.5913333333592,10.446557291667546,3.132496335478647,669.4826666667286,8,49152,0.0,0.0,0.0,538.4106666661028,0.0,2097152
striped,4,0.0,none,0.0,16,182.36900000006517,339.74866666677553,14.68091666668795,178.27500000004602,10.900447916669805,5.979061970180014,350.749333333446,16,81920,0.0,0.0,0.0,219.67733333282013,0.0,2097152
striped,4,0.0,none,0.0,32,168.92300000000432,313.5886666666556,23.510312500016312,164.82899999998517,19.78937499999836,6.4812263062471205,323.5733333333228,32,131072,0.0,0.0,0.0,192.50133333269696,0.3840000000782311,2097152
striped,4,0.0,none,0.0,64,168.92300000000432,313.5886666666556,41.928541666680076,164.82899999998517,38.326666666662504,6.4812263062471205,323.5733333333228,64,131072,0.0,0.0,0.0,192.50133333269696,0.3840000000782311,2097152
striped,4,0.0,none,0.5,1,871.2440000002971,1636.8826666672248,52.80266666668467,829.1200000002791,3.300166666667792,1.2411494368967033,1689.6853333339095,1,16384,0.0,0.0,0.0,1558.6133333332837,0.0,2097152
striped,4,0.0,none,0.5,2,771.708000000137,1449.650666666923,47.010666666676116,735.3760000001275,5.844829427084363,1.4014598540143508,1496.4053333335978,2,16384,0.0,0.0,0.0,1365.333333332972,0.0,2097152
striped,4,0.0,none,0.5,4,722.3240000000587,1356.4186666667738,44.49866666667367,688.5040000000517,10.93564322916751,1.4978059483177755,1400.1493333334438,4,32768,0.0,0.0,0.0,1269.077333332818,0.0,2097152
striped,4,0.0,none,0.5,8,362.5700000000361,679.6173333333936,23.65733333334356,349.5913333333592,10.946557291667546,2.989599172799444,701.4826666667286,8,49152,0.0,0.0,0.0,570.4106666661028,0.0,2097152
striped,4,0.0,none,0.5,16,184.99400000006517,344.24866666677553,14.82154166668795,180.90000000004602,11.041072916669805,5.903324237998105,355.249333333446,16,81920,0.0,0.0,0.0,224.17733333282013,0.0,2097152
striped,4,0.0,none,0.5,32,169.42300000000432,314.0886666666556,23.541562500016312,165.32899999998517,19.82062499999836,6.471226677089757,324.0733333333228,32,131072,0.0,0.0,0.0,193.00133333269696,0.3840000000782311,2097152
striped,4,0.0,none,0.5,64,169.42300000000432,314.0886666666556,41.991041666680076,165.32899999998517,38.389166666662504,6.471226677089757,324.0733333333228,64,131072,0.0,0.0,0.0,193.00133333269696,0.3840000000782311,2097152
striped,4,0.0,none,1.0,1,1003.2440000002971,1884.8826666672248,60.80266666668467,953.6200000002791,3.800166666667792,1.0778474628302583,1945.6853333339095,1,16384,0.0,0.0,0.0,1814.6133333332837,0.0,2097152
striped,4,0.0,none,1.0,2,837.708000000137,1573.650666666923,51.010666666676116,797.8760000001275,6.344829427084363,1.2910275267911324,1624.4053333335978,2,16384,0.0,0.0,0.0,1493.333333332972,0.0,2097152
striped,4,0.0,none,1.0,4,755.3240000000587,1418.4186666667738,46.49866666667367,720.0040000000517,11.43564322916751,1.4323347709522174,1464.1493333334438,4,16384,0.0,0.0,0.0,1333.077333332818,0.0,2097152
striped,4,0.0,none,1.0,8,379.0700000000361,710.6173333333936,24.65733333334356,365.5913333333592,11.446557291667546,2.859170496189625,733.4826666667286,8,32768,0.0,0.0,0.0,602.4106666661028,0.0,2097152
striped,4,0.0,none,1.0,16,192.4790000000321,358.25266666671087,15.272666666685836,188.38500000001295,11.492197916667692,5.6728028160879465,369.68533333337837,16,65536,0.0,0.0,0.0,238.61333333275252,0.0,2097152
striped,4,0.0,none,1.0,32,169.92300000000432,314.5886666666556,23.572812500016312,165.82899999998517,19.85187499999836,6.461257856468188,324.5733333333228,32,131072,0.0,0.0,0.0,193.50133333269696,0.3840000000782311,2097152
striped,4,0.0,none,1.0,64,169.92300000000432,314.5886666666556,42.053541666680076,165.82899999998517,38.451666666662504,6.461257856468188,324.5733333333228,64,131072,0.0,0.0,0.0,193.50133333269696,0.3840000000782311,2097152
striped,4,0.0,none,2.0,1,1267.244000000297,2380.882666667225,76.80266666668467,1202.620000000279,4.800166666667792,0.8533037047322745,2457.6853333339095,1,16384,0.0,0.0,0.0,2326.6133333332837,0.0,2097152
striped,4,0.0,none,2.0,2,969.708000000137,1821.650666666923,59.010666666676116,922.8760000001275,7.344829427084363,1.115265928480511,1880.4053333335978,2,16384,0.0,0.0,0.0,1749.333333332972,0.0,2097152
striped,4,0.0,none,2.0,4,821.3240000000587,1542.4186666667738,50.49866666667367,783.0040000000517,12.43564322916751,1.3171829778110353,1592.1493333334438,4,16384,0.0,0.0,0.0,1461.077333332818,0.0,2097152
striped,4,0.0,none,2.0,8,412.0700000000361,772.6173333333936,26.65733333334356,397.5913333333592,12.446557291667546,2.6297148360171305,797.4826666667286,8,32768,0.0,0.0,0.0,666.4106666661028,0.0,2097152
striped,4,0.0,none,2.0,16,208.9790000000321,389.25266666671087,16.272666666685836,204.88500000001295,12.492197916667692,5.2208826809702575,401.68533333337837,16,65536,0.0,0.0,0.0,270.6133333327525,0.0,2097152
striped,4,0.0,none,2.0,32,170.92300000000432,315.5886666666556,23.635312500016312,166.82899999998517,19.91437499999836,6.4414120730610644,325.5733333333228,32,131072,0.0,0.0,0.0,194.50133333269696,0.3840000000782311,2097152
striped,4,0.0,none,2.0,64,170.92300000000432,315.5886666666556,42.178541666680076,166.82899999998517,38.576666666662504,6.4414120730610644,325.5733333333228,64,131072,0.0,0.0,0.0,194.50133333269696,0.3840000000782311,2097152
striped,4,0.0,none,3.0,1,1531.244000000297,2876.882666667225,92.80266666668467,1451.620000000279,5.800166666667792,0.7061866038330862,2969.6853333339095,1,16384,0.0,0.0,0.0,2838.6133333332837,0.0,2097152
striped,4,0.0,none,3.0,2,1101.708000000137,2069.650666666923,67.01066666667612,1047.8760000001275,8.344829427084363,0.9816264579005016,2136.405333333598,2,16384,0.0,0.0,0.0,2005.333333332972,0.0,2097152
striped,4,0.0,none,3.0,4,887.3240000000587,1666.4186666667738,54.49866666667367,846.0040000000517,13.43564322916751,1.2191685683102698,1720.1493333334438,4,16384,0.0,0.0,0.0,1589.077333332818,0.0,2097152
striped,4,0.0,none,3.0,8,445.0700000000361,834.6173333333936,28.65733333334356,429.5913333333592,13.446557291667546,2.43435193898254,861.4826666667286,8,32768,0.0,0.0,0.0,730.4106666661028,0.0,2097152
striped,4,0.0,none,3.0,16,225.4790000000321,420.25266666671087,17.272666666685836,221.38500000001295,13.492197916667692,4.835653499925712,433.68533333337837,16,65536,0.0,0.0,0.0,302.6133333327525,0.0,2097152
striped,4,0.0,none,3.0,32,171.92300000000432,316.5886666666556,23.697812500016312,167.82899999998517,19.97687499999836,6.421687829175889,326.5733333333228,32,131072,0.0,0.0,0.0,195.50133333269696,0.3840000000782311,2097152
striped,4,0.0,none,3.0,64,171.92300000000432,316.5886666666556,42.303541666680076,167.82899999998517,38.701666666662504,6.421687829175889,326.5733333333228,64,131072,0.0,0.0,0.0,195.50133333269696,0.3840000000782311,2097152
striped,4,0.0,none,5.0,1,2059.244000000297,3868.882666667225,124.80266666668467,1949.620000000279,7.800166666667792,0.5251169846797388,3993.6853333339095,1,16384,0.0,0.0,0.0,3862.6133333332837,0.0,2097152
striped,4,0.0,none,5.0,2,1365.708000000137,2565.650666666923,83.01066666667612,1297.8760000001275,10.344829427084363,0.7918546204406993,2648.405333333598,2,16384,0.0,0.0,0.0,2517.333333332972,0.0,2097152
striped,4,0.0,none,5.0,4,1019.3240000000587,1914.4186666667738,62.49866666667367,972.0040000000517,15.43564322916751,1.0612315398565777,1976.1493333334438,4,16384,0.0,0.0,0.0,1845.077333332818,0.0,2097152
striped,4,0.0,none,5.0,8,511.0700000000361,958.6173333333936,32.65733333334356,493.5913333333592,15.446557291667546,2.1194428873268474,989.4826666667286,8,32768,0.0,0.0,0.0,858.4106666661028,0.0,2097152
striped,4,0.0,none,5.0,16,258.4790000000321,482.25266666671087,19.272666666685836,254.38500000001295,15.492197916667692,4.213811136353512,497.68533333337837,16,65536,0.0,0.0,0.0,366.6133333327525,0.0,2097152
striped,4,0.0,none,5.0,32,173.92300000000432,318.5886666666556,23.822812500016312,169.82899999998517,20.10187499999836,6.3825995211624,328.5733333333228,32,131072,0.0,0.0,0.0,197.50133333269696,0.3840000000782311,2097152
striped,4,0.0,none,5.0,64,173.92300000000432,318.5886666666556,42.553541666680076,169.82899999998517,38.951666666662504,6.3825995211624,328.5733333333228,64,131072,0.0,0.0,0.0,197.50133333269696,0.3840000000782311,2097152
striped,4,0.0,none,10.0,1,3379.244000000297,6348.882666667225,204.80266666668467,3194.620000000279,12.800166666667792,0.319995833387558,6553.6853333339095,1,16384,0.0,0.0,0.0,6422.613333333284,0.0,2097152
striped,4,0.0,none,10.0,2,2025.708000000137,3805.650666666923,123.01066666667612,1922.8760000001275,15.344829427084363,0.5338430793291846,3928.405333333598,2,16384,0.0,0.0,0.0,3797.333333332972,0.0,2097152
striped,4,0.0,none,10.0,4,1349.3240000000587,2534.418666666774,82.49866666667367,1287.0040000000517,20.43564322916751,0.8016178485223746,2616.149333333444,4,16384,0.0,0.0,0.0,2485.077333332818,0.0,2097152
striped,4,0.0,none,10.0,8,676.0700000000361,1268.6173333333936,42.65733333334356,653.5913333333592,20.446557291667546,1.6015118438629459,1309.4826666667286,8,32768,0.0,0.0,0.0,1178.4106666661028,0.0,2097152
striped,4,0.0,none,10.0,16,340.9790000000321,637.2526666667109,24.272666666685836,336.88500000001295,20.492197916667692,3.1886859774885097,657.6853333333784,16,65536,0.0,0.0,0.0,526.6133333327525,0.0,2097152
striped,4,0.0,none,10.0,32,189.41356250005492,344.88066666675877,25.46606250002276,185.31956250003577,21.745125000004805,5.909712228862741,354.86533333342595,32,131072,0.0,0.0,0.0,223.7933333328001,0.008000000001629815,2097152
striped,4,0.0,none,10.0,64,178.92300000000432,323.5886666666556,43.178541666680076,174.82899999998517,39.576666666662504,6.2869294108244045,333.5733333333228,64,131072,0.0,0.0,0.0,202.50133333269696,0.3840000000782311,2097152
striped,4,0.0,ready,0.0,1,67.5840000003227,126.97600000060629,4.096000000019558,63.49000000030355,0.25600000000122236,15.999999999923602,131.07200000062585,1,2097152,1.0,1.0,0.0,0.0,0.0,2097152
striped,4,0.0,ready,0.0,2,67.5840000003227,126.97600000060629,4.344000000020742,63.49000000030355,0.5114960937524415,15.999999999923602,131.07200000062585,2,2097152,1.0,1.0,0.0,0.0,0.0,2097152
striped,4,0.0,ready,0.0,4,67.5840000003227,126.97600000060629,4.84000000002311,63.49000000030355,1.0209765625048703,15.999999999923602,131.07200000062585,4,2097152,1.0,1.0,0.0,0.0,0.0,2097152
striped,4,0.0,ready,0.0,8,67.5840000003227,126.97600000060629,5.832000000027847,63.49000000030355,2.0338906250096898,15.999999999923602,131.07200000062585,8,2097152,1.0,1.0,0.0,0.0,0.0,2097152
striped,4,0.0,ready,0.0,16,67.5840000003227,126.97600000060629,7.81600000003732,63.49000000030355,4.035531250019176,15.999999999923602,131.07200000062585,16,2097152,1.0,1.0,0.0,0.0,0.0,2097152
striped,4,0.0,ready,0.0,32,67.5840000003227,126.97600000060629,11.66300000005549,63.49000000030355,7.942062500037537,15.999999999923602,131.07200000062585,32,2097152,1.0,1.0,0.0,0.0,0.0,2097152
striped,4,0.0,ready,0.0,64,67.5840000003227,126.97600000060629,18.970000000089385,63.49000000030355,15.368125000071814,15.999999999923602,131.07200000062585,64,2097152,1.0,1.0,0.0,0.0,0.0,2097152
striped,4,0.0,ready,0.5,1,199.5840000003227,374.9760000006063,12.096000000019558,187.99000000030355,0.7560000000012224,5.417989417980658,387.07200000062585,1,2097152,1.0,1.0,0.0,256.0,0.0,2097152
striped,4,0.0,ready,0.5,2,100.04800000016257,187.74400000030437,6.304000000011001,94.24600000015198,0.756496093751224,10.821664464975854,193.79200000031415,2,2097152,1.0,1.0,0.0,62.7199999996883,0.0,2097152
striped,4,0.0,ready,0.5,4,68.0840000003227,127.47600000060629,4.85562500002311,63.99000000030355,1.0248828125048703,15.939196789514671,131.57200000062585,4,2097152,1.0,1.0,0.0,0.5,0.0,2097152
striped,4,0.0,ready,0.5,8,68.0840000003227,127.47600000060629,5.847625000027847,63.99000000030355,2.0417031250096898,15.939196789514671,131.57200000062585,8,2097152,1.0,1.0,0.0,0.5,0.0,2097152
striped,4,0.0,ready,0.5,16,68.0840000003227,127.47600000060629,7.83162500003732,63.99000000030355,4.051156250019176,15.939196789514671,131.57200000062585,16,2097152,1.0,1.0,0.0,0.5,0.0,2097152
striped,4,0.0,ready,0.5,32,68.0840000003227,127.47600000060629,11.69425000005549,63.99000000030355,7.973312500037537,15.939196789514671,131.57200000062585,32,2097152,1.0,1.0,0.0,0.5,0.0,2097152
striped,4,0.0,ready,0.5,64,68.0840000003227,127.47600000060629,19.032500000089385,63.99000000030355,15.430625000071814,15.939196789514671,131.57200000062585,64,2097152,1.0,1.0,0.0,0.5,0.0,2097152
striped,4,0.0,ready,1.0,1,331.5840000003227,622.9760000006063,20.096000000019558,312.49000000030355,1.2560000000012224,3.261146496812113,643.0720000006258,1,2097152,1.0,1.0,0.0,512.0,0.0,2097152
striped,4,0.0,ready,1.0,2,166.04800000016257,311.74400000030437,10.304000000011001,156.74600000015198,1.256496093751224,6.517104216381864,321.79200000031415,2,2097152,1.0,1.0,0.0,190.7199999996883,0.0,2097152
striped,4,0.0,ready,1.0,4,83.66400000008434,156.51200000015524,5.7920000000085565,78.8740000000762,1.258976562501232,12.98256735339442,161.53600000016013,4,2097152,1.0,1.0,0.0,30.46399999953428,0.0,2097152
striped,4,0.0,ready,1.0,8,68.5840000003227,127.97600000060629,5.863250000027847,64.49000000030355,2.0495156250096898,15.878853958371662,132.07200000062585,8,2097152,1.0,1.0,0.0,1.0,0.0,2097152
striped,4,0.0,ready,1.0,16,68.5840000003227,127.97600000060629,7.84725000003732,64.49000000030355,4.066781250019176,15.878853958371662,132.07200000062585,16,2097152,1.0,1.0,0.0,1.0,0.0,2097152
striped,4,0.0,ready,1.0,32,68.5840000003227,127.97600000060629,11.72550000005549,64.49000000030355,8.004562500037537,15.878853958371662,132.07200000062585,32,2097152,1.0,1.0,0.0,1.0,0.0,2097152
striped,4,0.0,ready,1.0,64,68.5840000003227,127.97600000060629,19.095000000089385,64.49000000030355,15.493125000071814,15.878853958371662,132.07200000062585,64,2097152,1.0,1.0,0.0,1.0,0.0,2097152
striped,4,0.0,ready,2.0,1,595.5840000003227,1118.9760000006063,36.09600000001956,561.4900000003036,2.2560000000012224,1.815602836878449,1155.0720000006258,1,2097152,1.0,1.0,0.0,1024.0,0.0,2097152
striped,4,0.0,ready,2.0,2,298.0480000001626,559.7440000003044,18.304000000011,281.746000000152,2.256496093751224,3.629596809922705,577.7920000003141,2,2097152,1.0,1.0,0.0,446.7199999996883,0.0,2097152
striped,4,0.0,ready,2.0,4,149.66400000008434,280.51200000015524,9.792000000008557,141.8740000000762,2.258976562501232,7.243147656936754,289.53600000016013,4,2097152,1.0,1.0,0.0,158.46399999953428,0.0,2097152
striped,4,0.0,ready,2.0,8,76.2400000000489,141.66400000008434,6.304000000011001,71.9380000000383,2.269890625001267,14.346760070044022,146.1760000000868,8,2097152,1.0,1.0,0.0,15.103999999460939,0.0,2097152
striped,4,0.0,ready,2.0,16,69.5840000003227,128.9760000006063,7.87850000003732,65.49000000030355,4.098031250019176,15.759528676131243,133.07200000062585,16,2097152,1.0,1.0,0.0,2.0,0.0,2097152
striped,4,0.0,ready,2.0,32,69.5840000003227,128.9760000006063,11.78800000005549,65.49000000030355,8.067062500037537,15.759528676131243,133.07200000062585,32,2097152,1.0,1.0,0.0,2.0,0.0,2097152
striped,4,0.0,ready,2.0,64,69.5840000003227,128.9760000006063,19.220000000089385,65.49000000030355,15.618125000071814,15.759528676131243,133.07200000062585,64,2097152,1.0,1.0,0.0,2.0,0.0,2097152
striped,4,0.0,ready,3.0,1,859.5840000003227,1614.9760000006063,52.09600000001956,810.4900000003036,3.2560000000012224,1.2579852579847857,1667.0720000006258,1,2097152,1.0,1.0,0.0,1536.0,0.0,2097152
striped,4,0.0,ready,3.0,2,430.0480000001626,807.7440000003044,26.304000000011,406.746000000152,3.256496093751224,2.5151980350005876,833.7920000003141,2,2097152,1.0,1.0,0.0,702.7199999996883,0.0,2097152
striped,4,0.0,ready,3.0,4,215.66400000008434,404.51200000015524,13.792000000008557,204.8740000000762,3.258976562501232,5.022685469035474,417.53600000016013,4,2097152,1.0,1.0,0.0,286.4639999995343,0.0,2097152
striped,4,0.0,ready,3.0,8,109.2400000000489,203.66400000008434,8.304000000011001,103.9380000000383,3.269890625001267,9.978075517657267,210.1760000000868,8,2097152,1.0,1.0,0.0,79.10399999946094,0.0,2097152
striped,4,0.0,ready,3.0,16,70.5840000003227,129.9760000006063,7.90975000003732,66.49000000030355,4.129281250019176,15.641983411825068,134.07200000062585,16,2097152,1.0,1.0,0.0,3.0,0.0,2097152
striped,4,0.0,ready,3.0,32,70.5840000003227,129.9760000006063,11.85050000005549,66.49000000030355,8.129562500037537,15.641983411825068,134.07200000062585,32,2097152,1.0,1.0,0.0,3.0,0.0,2097152
striped,4,0.0,ready,3.0,64,70.5840000003227,129.9760000006063,19.345000000089385,66.49000000030355,15.743125000071814,15.641983411825068,134.07200000062585,64,2097152,1.0,1.0,0.0,3.0,0.0,2097152
striped,4,0.0,ready,5.0,1,1387.5840000003227,2606.9760000006063,84.09600000001956,1308.4900000003036,5.256000000001222,0.7792998477928172,2691.072000000626,1,2097152,1.0,1.0,0.0,2560.0,0.0,2097152
striped,4,0.0,ready,5.0,2,694.0480000001626,1303.7440000003044,42.304000000011,656.746000000152,5.256496093751224,1.5583032147609068,1345.7920000003141,2,2097152,1.0,1.0,0.0,1214.7199999996883,0.0,2097152
striped,4,0.0,ready,5.0,4,347.66400000008434,652.5120000001552,21.792000000008557,330.8740000000762,5.258976562501232,3.1136450018996777,673.5360000001601,4,2097152,1.0,1.0,0.0,542.4639999995343,0.0,2097152
striped,4,0.0,ready,5.0,8,175.2400000000489,327.66400000008434,12.304000000011001,167.9380000000383,5.269890625001267,6.201362604086221,338.1760000000868,8,2097152,1.0,1.0,0.0,207.10399999946094,0.0,2097152
striped,4,0.0,ready,5.0,16,90.5640000000385,166.77600000005623,9.096000000019558,86.47000000001935,5.315531250001413,12.19047619047212,172.03200000005745,16,2097152,1.0,1.0,0.0,40.9599999994316,0.0,2097152
striped,4,0.0,ready,5.0,32,72.5840000003227,131.9760000006063,11.97550000005549,68.49000000030355,8.254562500037537,15.41207595971511,136.07200000062585,32,2097152,1.0,1.0,0.0,5.0,0.0,2097152
striped,4,0.0,ready,5.0,64,72.5840000003227,131.9760000006063,19.595000000089385,68.49000000030355,15.993125000071814,15.41207595971511,136.07200000062585,64,2097152,1.0,1.0,0.0,5.0,0.0,2097152
striped,4,0.0,ready,10.0,1,2707.5840000003227,5086.976000000606,164.09600000001956,2553.4900000003036,10.256000000001222,0.399375975038954,5251.072000000626,1,2097152,1.0,1.0,0.0,5120.0,0.0,2097152
striped,4,0.0,ready,10.0,2,1354.0480000001626,2543.7440000003044,82.304000000011,1281.746000000152,10.256496093751224,0.7986740762405207,2625.792000000314,2,2097152,1.0,1.0,0.0,2494.7199999996883,0.0,2097152
striped,4,0.0,ready,10.0,4,677.6640000000843,1272.5120000001552,41.79200000000856,645.8740000000762,10.258976562501232,1.596569869420971,1313.5360000001601,4,2097152,1.0,1.0,0.0,1182.4639999995343,0.0,2097152
striped,4,0.0,ready,10.0,8,340.2400000000489,637.6640000000843,22.304000000011,327.9380000000383,10.269890625001267,3.1863088292488992,658.1760000000868,8,2097152,1.0,1.0,0.0,527.1039999994609,0.0,2097152
striped,4,0.0,ready,10.0,16,173.0640000000385,321.77600000005623,14.096000000019558,168.97000000001935,10.315531250001413,6.3161141094823305,332.03200000005745,16,2097152,1.0,1.0,0.0,200.9599999994316,0.0,2097152
striped,4,0.0,ready,10.0,32,93.0640000000385,167.9360000000379,14.223000000019965,88.97000000001935,10.502062500002012,12.19047619047212,172.03200000005745,32,2097152,1.0,1.0,0.0,40.9599999994316,0.0,2097152
striped,4,0.0,ready,10.0,64,77.5840000003227,136.9760000006063,20.220000000089385,73.49000000030355,16.618125000071814,14.865827378861121,141.07200000062585,64,2097152,1.0,1.0,0.0,10.0,0.0,2097152
striped,4,0.0,late,0.0,1,167.41100000000188,312.07266666665237,10.064041666666185,163.31699999998273,0.6290026041666366,6.511896728037838,322.0493333333179,1,131072,0.9375,0.9375,0.0625,190.97733333269207,0.0,2097152
striped,4,0.0,late,0.0,2,167.41100000000188,312.07266666665237,10.312041666667369,163.31699999998273,1.25750130208327,6.511896728037838,322.0493333333179,2,131072,0.875,0.875,0.125,190.97733333269207,0.0,2097152
striped,4,0.0,late,0.0,4,167.41100000000188,312.07266666665237,10.808041666669737,163.31699999998273,2.512986979166527,6.511896728037838,322.0493333333179,4,131072,0.75,0.75,0.25,190.97733333269207,0.0,2097152
striped,4,0.0,late,0.0,8,167.41100000000188,312.07266666665237,11.800041666674474,163.31699999998273,5.017911458333003,6.511896728037838,322.0493333333179,8,131072,0.5,0.5,0.5,190.97733333269207,0.0,2097152
striped,4,0.0,late,0.0,16,167.41100000000188,312.07266666665237,13.784041666683947,163.31699999998273,10.003572916665803,6.511896728037838,322.0493333333179,16,131072,0.0,0.0,1.0,190.97733333269207,0.0,2097152
striped,4,0.0,late,0.0,32,167.41100000000188,312.07266666665237,23.415312500016057,163.31699999998273,19.694374999998104,6.511896728037838,322.0493333333179,32,131072,0.0,0.0,1.0,190.97733333269207,0.0,2097152
striped,4,0.0,late,0.0,64,167.41100000000188,312.07266666665237,41.73954166667977,163.31699999998273,38.1376666666622,6.511896728037838,322.0493333333179,64,131072,0.0,0.0,1.0,190.97733333269207,0.0,2097152
striped,4,0.0,late,0.5,1,207.76066666698898,383.15266666727257,12.351520833352879,196.16666666696983,0.7719700520845549,5.305905311921816,395.2486666672921,1,475136,0.998046875,0.998046875,0.001953125,264.1766666666663,0.0,2097152
striped,4,0.0,late,0.5,2,169.11899999999332,313.7806666666438,10.365416666667102,163.31699999998273,1.2641731770832365,6.477542851024704,323.75733333330936,2,131072,0.875,0.875,0.125,192.6853333326835,0.0,2097152
striped,4,0.0,late,0.5,4,167.41100000000188,312.07266666665237,10.808041666669737,163.31699999998273,2.512986979166527,6.511896728037838,322.0493333333179,4,131072,0.75,0.75,0.25,190.97733333269207,0.0,2097152
striped,4,0.0,late,0.5,8,167.41100000000188,312.07266666665237,11.800041666674474,163.31699999998273,5.017911458333003,6.511896728037838,322.0493333333179,8,131072,0.5,0.5,0.5,190.97733333269207,0.0,2097152
striped,4,0.0,late,0.5,16,167.41100000000188,312.07266666665237,13.784041666683947,163.31699999998273,10.003572916665803,6.511896728037838,322.0493333333179,16,131072,0.0,0.0,1.0,190.97733333269207,0.0,2097152
striped,4,0.0,late,0.5,32,167.41100000000188,312.07266666665237,23.415312500016057,163.31699999998273,19.694374999998104,6.511896728037838,322.0493333333179,32,131072,0.0,0.0,1.0,190.97733333269207,0.0,2097152
striped,4,0.0,late,0.5,64,167.41100000000188,312.07266666665237,41.73954166667977,163.31699999998273,38.1376666666622,6.511896728037838,322.0493333333179,64,131072,0.0,0.0,1.0,190.97733333269207,0.0,2097152
striped,4,0.0,late,1.0,1,339.260666666989,630.6526666672726,20.33589583335288,320.16666666696983,1.270993489584555,3.222675830809208,650.7486666672921,1,1130496,0.998046875,0.998046875,0.001953125,519.6766666666663,0.0,2097152
striped,4,0.0,late,1.0,2,173.72466666682885,319.42066666697065,10.543895833344322,164.42266666681826,1.286483072917889,6.365254763724631,329.4686666669804,2,147456,0.94921875,0.99609375,0.05078125,198.39666666635458,0.0,2097152
striped,4,0.0,late,1.0,4,168.10699999999088,312.76866666664137,10.829791666669394,163.31699999998273,2.518424479166441,6.497853829025686,322.7453333333069,4,131072,0.75,0.75,0.25,191.67333333268107,0.0,2097152
striped,4,0.0,late,1.0,8,167.41100000000188,312.07266666665237,11.800041666674474,163.31699999998273,5.017911458333003,6.511896728037838,322.0493333333179,8,131072,0.5,0.5,0.5,190.97733333269207,0.0,2097152
striped,4,0.0,late,1.0,16,167.41100000000188,312.07266666665237,13.784041666683947,163.31699999998273,10.003572916665803,6.511896728037838,322.0493333333179,16,131072,0.0,0.0,1.0,190.97733333269207,0.0,2097152
striped,4,0.0,late,1.0,32,167.41100000000188,312.07266666665237,23.415312500016057,163.31699999998273,19.694374999998104,6.511896728037838,322.0493333333179,32,131072,0.0,0.0,1.0,190.97733333269207,0.0,2097152
striped,4,0.0,late,1.0,64,167.41100000000188,312.07266666665237,41.73954166667977,163.31699999998273,38.1376666666622,6.511896728037838,322.0493333333179,64,131072,0.0,0.0,1.0,190.97733333269207,0.0,2097152
striped,4,0.0,late,2.0,1,602.260666666989,1125.6526666672726,36.30464583335288,568.1666666669698,2.269040364584555,1.8051684156574925,1161.7486666672921,1,1556480,0.998046875,0.998046875,0.001953125,1030.6766666666663,0.0,2097152
striped,4,0.0,late,2.0,2,304.72466666682885,566.4206666669706,18.512645833344322,288.42266666681826,2.282576822917889,3.5881341799883324,584.4686666669804,2,1015808,0.99609375,0.99609375,0.00390625,453.3966666663546,0.0,2097152
striped,4,0.0,late,2.0,4,171.10699999999088,315.76866666664137,10.923541666669394,163.31699999998273,2.541861979166441,6.438010879665209,325.7453333333069,4,131072,0.75,0.75,0.25,194.67333333268107,0.0,2097152
striped,4,0.0,late,2.0,8,167.61899999999332,312.2806666666438,11.806541666674207,163.31699999998273,5.02116145833287,6.507693644417161,322.25733333330936,8,131072,0.5,0.5,0.5,191.1853333326835,0.0,2097152
striped,4,0.0,late,2.0,16,167.41100000000188,312.07266666665237,13.784041666683947,163.31699999998273,10.003572916665803,6.511896728037838,322.0493333333179,16,131072,0.0,0.0,1.0,190.97733333269207,0.0,2097152
striped,4,0.0,late,2.0,32,167.41100000000188,312.07266666665237,23.415312500016057,163.31699999998273,19.694374999998104,6.511896728037838,322.0493333333179,32,131072,0.0,0.0,1.0,190.97733333269207,0.0,2097152
striped,4,0.0,late,2.0,64,167.41100000000188,312.07266666665237,41.73954166667977,163.31699999998273,38.1376666666622,6.511896728037838,322.0493333333179,64,131072,0.0,0.0,1.0,190.97733333269207,0.0,2097152
striped,4,0.0,late,3.0,1,865.260666666989,1620.6526666672726,52.27339583335288,816.1666666669698,3.267087239584555,1.2537161390648541,1672.7486666672921,1,1720320,0.998046875,0.998046875,0.001953125,1541.6766666666663,0.0,2097152
striped,4,0.0,late,3.0,2,435.72466666682885,813.4206666669706,26.481395833344322,412.42266666681826,3.278670572917889,2.4981897279460297,839.4686666669804,2,1343488,0.99609375,0.99609375,0.00390625,708.3966666663546,0.0,2097152
striped,4,0.0,late,3.0,4,221.34066666675062,410.1886666668215,13.969395833341878,210.55066666674247,3.303325520834562,4.955314822018265,423.2126666668264,4,589824,0.9921875,0.9921875,0.0078125,292.14066666620056,0.0,2097152
striped,4,0.0,late,3.0,8,168.61899999999332,313.2806666666438,11.837791666674207,163.31699999998273,5.03678645833287,6.487562024888805,323.25733333330936,8,131072,0.5,0.5,0.5,192.1853333326835,0.0,2097152
striped,4,0.0,late,3.0,16,167.41100000000188,312.07266666665237,13.784041666683947,163.31699999998273,10.003572916665803,6.511896728037838,322.0493333333179,16,131072,0.0,0.0,1.0,190.97733333269207,0.0,2097152
striped,4,0.0,late,3.0,32,167.41100000000188,312.07266666665237,23.415312500016057,163.31699999998273,19.694374999998104,6.511896728037838,322.0493333333179,32,131072,0.0,0.0,1.0,190.97733333269207,0.0,2097152
striped,4,0.0,late,3.0,64,167.41100000000188,312.07266666665237,41.73954166667977,163.31699999998273,38.1376666666622,6.511896728037838,322.0493333333179,64,131072,0.0,0.0,1.0,190.97733333269207,0.0,2097152
striped,4,0.0,late,5.0,1,1391.260666666989,2610.6526666672726,84.21089583335288,1312.1666666669698,5.263180989584555,0.7782365850814709,2694.748666667292,1,1867776,0.998046875,0.998046875,0.001953125,2563.6766666666663,0.0,2097152
striped,4,0.0,late,5.0,2,697.7246666668289,1307.4206666669706,42.41889583334432,660.4226666668183,5.270858072917889,1.5540575722885839,1349.4686666669804,2,1638400,0.99609375,0.99609375,0.00390625,1218.3966666663546,0.0,2097152
striped,4,0.0,late,5.0,4,351.3406666667506,656.1886666668215,21.906895833341878,334.5506666667425,5.287700520834562,3.0967406595065246,677.2126666668264,4,1163264,0.9921875,0.9921875,0.0078125,546.1406666662006,0.0,2097152
striped,4,0.0,late,5.0,8,178.91666666671517,331.3406666667506,12.418895833344322,171.61466666670458,5.3273385416679275,6.134666201227439,341.85266666675307,8,229376,0.875,0.984375,0.125,210.78066666612722,0.0,2097152
striped,4,0.0,late,5.0,16,167.41100000000188,312.07266666665237,13.784041666683947,163.31699999998273,10.003572916665803,6.511896728037838,322.0493333333179,16,131072,0.0,0.0,1.0,190.97733333269207,0.0,2097152
striped,4,0.0,late,5.0,32,167.41100000000188,312.07266666665237,23.415312500016057,163.31699999998273,19.694374999998104,6.511896728037838,322.0493333333179,32,131072,0.0,0.0,1.0,190.97733333269207,0.0,2097152
striped,4,0.0,late,5.0,64,167.41100000000188,312.07266666665237,41.73954166667977,163.31699999998273,38.1376666666622,6.511896728037838,322.0493333333179,64,131072,0.0,0.0,1.0,190.97733333269207,0.0,2097152
striped,4,0.0,late,10.0,1,2707.5840000003227,5086.976000000606,164.09600000001956,2553.4900000003036,10.256000000001222,0.399375975038954,5251.072000000626,1,1982464,0.998046875,1.0,0.001953125,5120.0,0.0,2097152
striped,4,0.0,late,10.0,2,1354.0480000001626,2543.7440000003044,82.304000000011,1281.746000000152,10.256496093751224,0.7986740762405207,2625.792000000314,2,1867776,0.99609375,1.0,0.00390625,2494.7199999996883,0.0,2097152
striped,4,0.0,late,10.0,4,677.6640000000843,1272.5120000001552,41.79200000000856,645.8740000000762,10.258976562501232,1.596569869420971,1313.5360000001601,4,1622016,0.9921875,1.0,0.0078125,1182.4639999995343,0.0,2097152
striped,4,0.0,late,10.0,8,340.2400000000489,637.6640000000843,22.304000000011,327.9380000000383,10.269890625001267,3.1863088292488992,658.1760000000868,8,1146880,0.984375,1.0,0.015625,527.1039999994609,0.0,2097152
striped,4,0.0,late,10.0,16,173.0640000000385,321.77600000005623,14.096000000019558,168.97000000001935,10.315531250001413,6.3161141094823305,332.03200000005745,16,196608,0.2265625,1.0,0.7734375,200.9599999994316,0.0,2097152
striped,4,0.0,late,10.0,32,167.45235416666856,312.07266666665237,23.415312500016057,163.3583541666494,19.694374999998104,6.511896728037838,322.0493333333179,32,131072,0.0,0.03125,1.0,190.97733333269207,0.0,2097152
striped,4,0.0,late,10.0,64,167.45235416666856,312.07266666665237,41.73954166667977,163.3583541666494,38.1376666666622,6.511896728037838,322.0493333333179,64,131072,0.0,0.03125,1.0,190.97733333269207,0.0,2097152
striped,4,0.0,mixed,0.0,1,413.5906666669762,778.2826666672481,24.449333333352115,394.2316666669576,1.5280833333345072,2.680482085399042,782.3786666672677,1,1064960,0.5,0.5,0.0,651.3066666666418,0.0,2097152
striped,4,0.0,mixed,0.0,2,405.14266666693584,762.1546666671711,24.193333333350893,386.1676666669191,2.9926627604187104,2.7369007183009293,766.2506666671907,2,1081344,0.5,0.5,0.0,635.1786666665648,0.0,2097152
striped,4,0.0,mixed,0.0,4,388.24666666685516,729.8986666670171,23.681333333348448,370.0396666668421,5.731309895836205,2.8571760739391516,733.9946666670367,4,1081344,0.5,0.5,0.0,602.9226666664108,0.0,2097152
striped,4,0.0,mixed,0.0,8,211.91533333351254,397.07733333366195,14.272666666685836,203.62900000016452,6.2542239583386845,5.227545865456777,401.1733333336815,8,1097728,0.5,0.5,0.0,270.10133333305566,0.0,2097152
striped,4,0.0,mixed,0.0,16,125.28566666684856,232.20266666699172,11.104333333361865,121.1916666668294,7.32386458334372,8.875005642563684,236.29866666701128,16,1114112,0.5,0.5,0.0,105.22666666638543,0.0,2097152
striped,4,0.0,mixed,0.0,32,100.13766666672927,181.90666666675315,15.096166666689669,96.04366666671012,11.375229166671716,11.274849106099579,186.0026666667727,32,1130496,0.5,0.5,0.0,54.93066666614686,54.89866666614034,2097152
striped,4,0.0,mixed,0.0,64,91.15366666668888,163.93866666667236,23.477791666683288,87.05966666666973,19.875916666665717,12.48047228349518,168.03466666669192,64,1179648,0.5,0.5,0.0,36.96266666606607,36.93066666605955,2097152
striped,4,0.0,mixed,0.5,1,545.5906666669762,1026.2826666672481,32.449333333352115,518.7316666669576,2.028083333334507,2.0196408760312097,1038.3786666672677,1,1064960,0.5,0.5,0.0,907.3066666666418,0.0,2097152
striped,4,0.0,mixed,0.5,2,446.05466666681605,839.0506666669462,26.65733333334356,424.98766666680604,3.3006627604177936,2.4815469278529396,845.098666666956,2,1064960,0.5,0.5,0.0,714.0266666663301,0.0,2097152
striped,4,0.0,mixed,0.5,4,405.24666666685516,761.8986666670171,24.681333333348448,386.2896666668421,5.981309895836205,2.737815406894461,765.9946666670367,4,1081344,0.5,0.5,0.0,634.9226666664108,0.0,2097152
striped,4,0.0,mixed,0.5,8,220.41533333351254,413.07733333366195,14.772666666685836,211.87900000016452,6.5042239583386845,5.027051904879466,417.1733333336815,8,1097728,0.5,0.5,0.0,286.10133333305566,0.0,2097152
striped,4,0.0,mixed,0.5,16,129.53566666684856,240.20266666699172,11.354333333361865,125.4416666668294,7.57386458334372,8.584377592443028,244.29866666701128,16,1114112,0.5,0.5,0.0,113.22666666638543,0.0,2097152
striped,4,0.0,mixed,0.5,32,102.63766666672927,186.40666666675315,15.377416666689669,98.54366666671012,11.656479166671716,11.008517816017445,190.5026666667727,32,1130496,0.5,0.5,0.0,59.43066666614686,58.89866666614034,2097152
striped,4,0.0,mixed,0.5,64,91.65366666668888,164.43866666667236,23.540291666683288,87.55966666666973,19.938416666665717,12.443445858812543,168.53466666669192,64,1179648,0.5,0.5,0.0,37.46266666606607,36.93066666605955,2097152
striped,4,0.0,mixed,1.0,1,677.5906666669762,1274.2826666672481,40.449333333352115,643.2316666669576,2.528083333334507,1.6201997560726893,1294.3786666672677,1,1064960,0.5,0.5,0.0,1163.3066666666418,0.0,2097152
striped,4,0.0,mixed,1.0,2,512.054666666816,963.0506666669462,30.65733333334356,487.48766666680604,3.8006627604177936,2.155127811636137,973.098666666956,2,1064960,0.5,0.5,0.0,842.0266666663301,0.0,2097152
striped,4,0.0,mixed,1.0,4,429.6706666667378,807.8186666667971,26.145333333341114,409.61566666673025,6.347309895834371,2.5800220460863903,812.842666666802,4,1064960,0.5,0.5,0.0,681.7706666661761,0.0,2097152
striped,4,0.0,mixed,1.0,8,228.91533333351254,429.07733333366195,15.272666666685836,220.12900000016452,6.7542239583386845,4.841369120902289,433.1733333336815,8,1081344,0.5,0.5,0.0,302.10133333305566,0.0,2097152
striped,4,0.0,mixed,1.0,16,133.78566666684856,248.20266666699172,11.604333333361865,129.6916666668294,7.82386458334372,8.312180273104108,252.29866666701128,16,1114112,0.5,0.5,0.0,121.22666666638543,0.0,2097152
striped,4,0.0,mixed,1.0,32,105.13766666672927,190.90666666675315,15.658666666689669,101.04366666671012,11.937729166671716,10.754478571227367,195.0026666667727,32,1114112,0.5,0.5,0.0,63.93066666614686,62.89866666614034,2097152
striped,4,0.0,mixed,1.0,64,92.15366666668888,164.93866666667236,23.602791666683288,88.05966666666973,20.000916666665717,12.406638480467636,169.03466666669192,64,1179648,0.5,0.5,0.0,37.96266666606607,36.93066666605955,2097152
striped,4,0.0,mixed,2.0,1,941.5906666669762,1770.2826666672481,56.449333333352115,892.2316666669576,3.528083333334507,1.1609703096578323,1806.3786666672677,1,1064960,0.5,0.5,0.0,1675.3066666666418,0.0,2097152
striped,4,0.0,mixed,2.0,2,644.054666666816,1211.0506666669462,38.65733333334356,612.487666666806,4.800662760417794,1.706251952649996,1229.098666666956,2,1064960,0.5,0.5,0.0,1098.0266666663301,0.0,2097152
striped,4,0.0,mixed,2.0,4,495.6706666667378,931.8186666667971,30.145333333341114,472.61566666673025,7.347309895834371,2.22901455716262,940.842666666802,4,1064960,0.5,0.5,0.0,809.7706666661761,0.0,2097152
striped,4,0.0,mixed,2.0,8,249.24333333337563,467.31733333340526,16.48066666667728,239.8530000000319,7.358223958334406,4.444725776551273,471.8293333334077,8,1081344,0.5,0.5,0.0,340.75733333278185,0.0,2097152
striped,4,0.0,mixed,2.0,16,142.28566666684856,264.2026666669917,12.104333333361865,138.1916666668294,8.32386458334372,7.816483123275453,268.2986666670113,16,1114112,0.5,0.5,0.0,137.22666666638543,0.0,2097152
striped,4,0.0,mixed,2.0,32,111.56566666670187,202.76266666669835,16.399666666686244,107.47166666668272,12.67872916666829,10.138091063783392,206.8586666667179,32,1114112,0.5,0.5,0.0,75.78666666609206,73.75466666608554,2097152
striped,4,0.0,mixed,2.0,64,93.15366666668888,165.93866666667236,23.727791666683288,89.05966666666973,20.125916666665717,12.333673133320001,170.03466666669192,64,1179648,0.5,0.5,0.0,38.96266666606607,36.93066666605955,2097152
striped,4,0.0,mixed,3.0,1,1205.5906666669762,2266.282666667248,72.44933333335212,1141.2316666669576,4.528083333334507,0.9045769917365194,2318.3786666672677,1,1064960,0.5,0.5,0.0,2187.306666666642,0.0,2097152
striped,4,0.0,mixed,3.0,2,776.054666666816,1459.0506666669462,46.65733333334356,737.487666666806,5.800662760417794,1.4121297440167329,1485.098666666956,2,1064960,0.5,0.5,0.0,1354.0266666663301,0.0,2097152
striped,4,0.0,mixed,3.0,4,561.6706666667378,1055.818666666797,34.145333333341114,535.6156666667302,8.347309895834371,1.9620773621809022,1068.842666666802,4,1064960,0.5,0.5,0.0,937.7706666661761,0.0,2097152
striped,4,0.0,mixed,3.0,8,282.24333333337563,529.3173333334053,18.48066666667728,271.8530000000319,8.358223958334406,3.9138432137590615,535.8293333334077,8,1081344,0.5,0.5,0.0,404.75733333278185,0.0,2097152
striped,4,0.0,mixed,3.0,16,150.78566666684856,280.2026666669917,12.604333333361865,146.6916666668294,8.82386458334372,7.37658049749603,284.2986666670113,16,1114112,0.5,0.5,0.0,153.22666666638543,0.0,2097152
striped,4,0.0,mixed,3.0,32,120.06566666670187,218.76266666669835,17.399666666686244,115.97166666668272,13.67872916666829,9.410233092421137,222.8586666667179,32,1114112,0.5,0.5,0.0,91.78666666609206,88.75466666608554,2097152
striped,4,0.0,mixed,3.0,64,94.15366666668888,166.93866666667236,23.852791666683288,90.05966666666973,20.250916666665717,12.261561009072373,171.03466666669192,64,1179648,0.5,0.5,0.0,39.96266666606607,36.93066666605955,2097152
striped,4,0.0,mixed,5.0,1,1733.5906666669762,3258.282666667248,104.44933333335212,1639.2316666669576,6.528083333334507,0.6274429707544477,3342.3786666672677,1,1064960,0.5,0.5,0.0,3211.306666666642,0.0,2097152
striped,4,0.0,mixed,5.0,2,1040.054666666816,1955.0506666669462,62.65733333334356,987.487666666806,7.800662760417794,1.0500993441150441,1997.098666666956,2,1064960,0.5,0.5,0.0,1866.0266666663301,0.0,2097152
striped,4,0.0,mixed,5.0,4,693.6706666667378,1303.818666666797,42.145333333341114,661.6156666667302,10.347309895834371,1.5829441885927984,1324.842666666802,4,1064960,0.5,0.5,0.0,1193.770666666176,0.0,2097152
striped,4,0.0,mixed,5.0,8,348.24333333337563,653.3173333334053,22.48066666667728,335.8530000000319,10.358223958334406,3.159173442169521,663.8293333334077,8,1081344,0.5,0.5,0.0,532.7573333327819,0.0,2097152
striped,4,0.0,mixed,5.0,16,177.06566666670187,329.6026666667167,14.184333333352697,172.97166666668272,10.403864583334553,6.262797438918546,334.8586666667179,16,1114112,0.5,0.5,0.0,203.78666666609206,0.0,2097152
striped,4,0.0,mixed,5.0,32,137.06566666670187,250.76266666669835,19.399666666686244,132.97166666668272,15.67872916666829,8.22868622608967,254.8586666667179,32,1114112,0.5,0.5,0.0,123.78666666609206,101.35466666636057,2097152
striped,4,0.0,mixed,5.0,64,96.15366666668888,168.93866666667236,24.102791666683288,92.05966666666973,20.500916666665717,12.119837258042862,173.03466666669192,64,1179648,0.5,0.5,0.0,41.96266666606607,36.93066666605955,2097152
striped,4,0.0,mixed,10.0,1,3053.590666666976,5738.282666667248,184.44933333335212,2884.2316666669576,11.528083333334507,0.35530624489467744,5902.378666667268,1,1064960,0.5,0.5,0.0,5771.306666666642,0.0,2097152
striped,4,0.0,mixed,10.0,2,1700.054666666816,3195.050666666946,102.65733333334356,1612.487666666806,12.800662760417794,0.6399416719829659,3277.098666666956,2,1064960,0.5,0.5,0.0,3146.02666666633,0.0,2097152
striped,4,0.0,mixed,10.0,4,1023.6706666667378,1923.818666666797,62.145333333341114,976.6156666667302,15.347309895834371,1.0673383857027343,1964.842666666802,4,1064960,0.5,0.5,0.0,1833.770666666176,0.0,2097152
striped,4,0.0,mixed,10.0,8,513.2433333333756,963.3173333334053,32.48066666667728,495.8530000000319,15.358223958334406,2.1316217446926853,983.8293333334077,8,1081344,0.5,0.5,0.0,852.7573333327819,0.0,2097152
striped,4,0.0,mixed,10.0,16,259.5656666667019,484.6026666667167,19.184333333352697,255.47166666668272,15.403864583334553,4.237880714762564,494.8586666667179,16,1114112,0.5,0.5,0.0,363.78666666609206,0.0,2097152
striped,4,0.0,mixed,10.0,32,179.56566666670187,330.76266666669835,24.399666666686244,175.47166666668272,20.67872916666829,6.262797438918546,334.8586666667179,32,1114112,0.5,0.5,0.0,203.78666666609206,101.35466666636057,2097152
striped,4,0.0,mixed,10.0,64,106.82900000005066,186.5593333334,26.178375000023834,102.7350000000315,22.576500000006263,10.999702779530873,190.65533333341955,64,1179648,0.5,0.5,0.0,59.5833333327937,49.55133333278718,2097152
striped,4,100.0,none,0.0,1,44.80266666668467,44.80266666668467,44.80266666668467,10.178666666666686,2.800166666667792,0.6668628280650958,3144.8026666666847,1,16384,0.0,0.0,0.0,3013.730666666059,0.0,2097152
striped,4,100.0,none,0.0,2,44.034666666681005,44.034666666681005,44.034666666681005,10.178666666666686,5.488208333335024,0.6670257240590193,3144.034666666681,2,32768,0.0,0.0,0.0,3012.962666666055,0.0,2097152
striped,4,100.0,none,0.0,4,42.49866666667367,42.49866666667367,42.49866666667367,10.178666666666686,10.527916666667807,0.6673517549092555,3142.4986666666737,4,32768,0.0,0.0,0.0,3011.426666666048,0.0,2097152
striped,4,100.0,none,0.0,8,22.65733333334356,22.65733333334356,22.65733333334356,10.178666666666686,10.877166666668927,0.6715921012573457,3122.6573333333436,8,49152,0.0,0.0,0.0,2991.5853333327177,0.0,2097152
striped,4,100.0,none,0.0,16,14.272666666685836,14.272666666685836,14.272666666685836,10.178666666666686,12.337666666673613,0.6734002524720016,3114.272666666686,16,65536,0.0,0.0,0.0,2983.20066666606,0.0,2097152
striped,4,100.0,none,0.0,32,14.272666666685836,14.272666666685836,14.272666666685836,10.178666666666686,12.337666666673613,0.6734002524720016,3114.272666666686,16,65536,0.0,0.0,0.0,2983.20066666606,0.0,2097152
striped,4,100.0,none,0.0,64,14.272666666685836,14.272666666685836,14.272666666685836,10.178666666666686,12.337666666673613,0.6734002524720016,3114.272666666686,16,65536,0.0,0.0,0.0,2983.20066666606,0.0,2097152
striped,4,100.0,none,0.5,1,52.80266666668467,52.80266666668467,52.80266666668467,10.678666666666686,3.300166666667792,0.6651707137184147,3152.8026666666847,1,16384,0.0,0.0,0.0,3021.730666666059,0.0,2097152
striped,4,100.0,none,0.5,2,47.010666666676116,47.010666666676116,47.010666666676116,10.678666666666686,5.860208333334413,0.666394944959405,3147.010666666676,2,16384,0.0,0.0,0.0,3015.9386666660503,0.0,2097152
striped,4,100.0,none,0.5,4,44.49866666667367,44.49866666667367,44.49866666667367,10.678666666666686,11.027916666667807,0.6669272982147856,3144.4986666666737,4,32768,0.0,0.0,0.0,3013.426666666048,0.0,2097152
striped,4,100.0,none,0.5,8,23.65733333334356,23.65733333334356,23.65733333334356,10.678666666666686,11.377166666668927,0.6713770994086824,3123.6573333333436,8,49152,0.0,0.0,0.0,2992.5853333327177,0.0,2097152
striped,4,100.0,none,0.5,16,14.772666666685836,14.772666666685836,14.772666666685836,10.678666666666686,12.837666666673613,0.6732921546548353,3114.772666666686,16,65536,0.0,0.0,0.0,2983.70066666606,0.0,2097152
striped,4,100.0,none,0.5,32,14.772666666685836,14.772666666685836,14.772666666685836,10.678666666666686,12.837666666673613,0.6732921546548353,3114.772666666686,16,65536,0.0,0.0,0.0,2983.70066666606,0.0,2097152
striped,4,100.0,none,0.5,64,14.772666666685836,14.772666666685836,14.772666666685836,10.678666666666686,12.837666666673613,0.6732921546548353,3114.772666666686,16,65536,0.0,0.0,0.0,2983.70066666606,0.0,2097152
striped,4,100.0,none,1.0,1,60.80266666668467,60.80266666668467,60.80266666668467,11.178666666666686,3.800166666667792,0.6634871648636047,3160.8026666666847,1,16384,0.0,0.0,0.0,3029.730666666059,0.0,2097152
striped,4,100.0,none,1.0,2,51.010666666676116,51.010666666676116,51.010666666676116,11.178666666666686,6.360208333334413,0.6655490005746284,3151.010666666676,2,16384,0.0,0.0,0.0,3019.9386666660503,0.0,2097152
striped,4,100.0,none,1.0,4,46.49866666667367,46.49866666667367,46.49866666667367,11.178666666666686,11.527916666667807,0.6665033811127189,3146.4986666666737,4,16384,0.0,0.0,0.0,3015.426666666048,0.0,2097152
striped,4,100.0,none,1.0,8,24.65733333334356,24.65733333334356,24.65733333334356,11.178666666666686,11.877166666668927,0.6711622351762924,3124.6573333333436,8,32768,0.0,0.0,0.0,2993.5853333327177,0.0,2097152
striped,4,100.0,none,1.0,16,15.272666666685836,15.272666666685836,15.272666666685836,11.178666666666686,13.337666666673613,0.6731840915369807,3115.272666666686,16,65536,0.0,0.0,0.0,2984.20066666606,0.0,2097152
striped,4,100.0,none,1.0,32,15.272666666685836,15.272666666685836,15.272666666685836,11.178666666666686,13.337666666673613,0.6731840915369807,3115.272666666686,16,65536,0.0,0.0,0.0,2984.20066666606,0.0,2097152
striped,4,100.0,none,1.0,64,15.272666666685836,15.272666666685836,15.272666666685836,11.178666666666686,13.337666666673613,0.6731840915369807,3115.272666666686,16,65536,0.0,0.0,0.0,2984.20066666606,0.0,2097152
striped,4,100.0,none,2.0,1,76.80266666668467,76.80266666668467,76.80266666668467,12.178666666666686,4.800166666667792,0.6601455047884587,3176.8026666666847,1,16384,0.0,0.0,0.0,3045.730666666059,0.0,2097152
striped,4,100.0,none,2.0,2,59.010666666676116,59.010666666676116,59.010666666676116,12.178666666666686,7.360208333334413,0.6638635387112739,3159.010666666676,2,16384,0.0,0.0,0.0,3027.9386666660503,0.0,2097152
striped,4,100.0,none,2.0,4,50.49866666667367,50.49866666667367,50.49866666667367,12.178666666666686,12.527916666667807,0.6656571615752667,3150.4986666666737,4,16384,0.0,0.0,0.0,3019.426666666048,0.0,2097152
striped,4,100.0,none,2.0,8,26.65733333334356,26.65733333334356,26.65733333334356,12.178666666666686,12.877166666668927,0.6707329190321655,3126.6573333333436,8,32768,0.0,0.0,0.0,2995.5853333327177,0.0,2097152
striped,4,100.0,none,2.0,16,16.272666666685836,16.272666666685836,16.272666666685836,12.178666666666686,14.337666666673613,0.6729680693323971,3116.272666666686,16,65536,0.0,0.0,0.0,2985.20066666606,0.0,2097152
striped,4,100.0,none,2.0,32,16.272666666685836,16.272666666685836,16.272666666685836,12.178666666666686,14.337666666673613,0.6729680693323971,3116.272666666686,16,65536,0.0,0.0,0.0,2985.20066666606,0.0,2097152
striped,4,100.0,none,2.0,64,16.272666666685836,16.272666666685836,16.272666666685836,12.178666666666686,14.337666666673613,0.6729680693323971,3116.272666666686,16,65536,0.0,0.0,0.0,2985.20066666606,0.0,2097152
striped,4,100.0,none,3.0,1,92.80266666668467,92.80266666668467,92.80266666668467,13.178666666666686,5.800166666667792,0.6568373366429958,3192.8026666666847,1,16384,0.0,0.0,0.0,3061.730666666059,0.0,2097152
striped,4,100.0,none,3.0,2,67.01066666667612,67.01066666667612,67.01066666667612,13.178666666666686,8.360208333334413,0.6621865919407472,3167.010666666676,2,16384,0.0,0.0,0.0,3035.9386666660503,0.0,2097152
striped,4,100.0,none,3.0,4,54.49866666667367,54.49866666667367,54.49866666667367,13.178666666666686,13.527916666667807,0.6648130881019008,3154.4986666666737,4,16384,0.0,0.0,0.0,3023.426666666048,0.0,2097152
striped,4,100.0,none,3.0,8,28.65733333334356,28.65733333334356,28.65733333334356,13.178666666666686,13.877166666668927,0.6703041517703205,3128.6573333333436,8,32768,0.0,0.0,0.0,2997.5853333327177,0.0,2097152
striped,4,100.0,none,3.0,16,17.272666666685836,17.272666666685836,17.272666666685836,13.178666666666686,15.337666666673613,0.6727521857247394,3117.272666666686,16,65536,0.0,0.0,0.0,2986.20066666606,0.0,2097152
striped,4,100.0,none,3.0,32,17.272666666685836,17.272666666685836,17.272666666685836,13.178666666666686,15.337666666673613,0.6727521857247394,3117.272666666686,16,65536,0.0,0.0,0.0,2986.20066666606,0.0,2097152
striped,4,100.0,none,3.0,64,17.272666666685836,17.272666666685836,17.272666666685836,13.178666666666686,15.337666666673613,0.6727521857247394,3117.272666666686,16,65536,0.0,0.0,0.0,2986.20066666606,0.0,2097152
striped,4,100.0,none,5.0,1,509.2440000002971,868.8826666672248,124.80266666668467,399.6200000002791,7.800166666667792,0.5251169846797388,3993.6853333339095,1,16384,0.0,0.0,0.0,3862.6133333332837,0.0,2097152
striped,4,100.0,none,5.0,2,83.01066666667612,83.01066666667612,83.01066666667612,15.178666666666686,10.360208333334413,0.6588579868619124,3183.010666666676,2,16384,0.0,0.0,0.0,3051.9386666660503,0.0,2097152
striped,4,100.0,none,5.0,4,62.49866666667367,62.49866666667367,62.49866666667367,15.178666666666686,15.527916666667807,0.6631313467747428,3162.4986666666737,4,16384,0.0,0.0,0.0,3031.426666666048,0.0,2097152
striped,4,100.0,none,5.0,8,32.65733333334356,32.65733333334356,32.65733333334356,15.178666666666686,15.877166666668927,0.6694482596883646,3132.6573333333436,8,32768,0.0,0.0,0.0,3001.5853333327177,0.0,2097152
striped,4,100.0,none,5.0,16,19.272666666685836,19.272666666685836,19.272666666685836,15.178666666666686,17.337666666673613,0.6723208337670129,3119.272666666686,16,65536,0.0,0.0,0.0,2988.20066666606,0.0,2097152
striped,4,100.0,none,5.0,32,19.272666666685836,19.272666666685836,19.272666666685836,15.178666666666686,17.337666666673613,0.6723208337670129,3119.272666666686,16,65536,0.0,0.0,0.0,2988.20066666606,0.0,2097152
striped,4,100.0,none,5.0,64,19.272666666685836,19.272666666685836,19.272666666685836,15.178666666666686,17.337666666673613,0.6723208337670129,3119.272666666686,16,65536,0.0,0.0,0.0,2988.20066666606,0.0,2097152
striped,4,100.0,none,10.0,1,1829.244000000297,3348.882666667225,204.80266666668467,1644.620000000279,12.800166666667792,0.319995833387558,6553.6853333339095,1,16384,0.0,0.0,0.0,6422.613333333284,0.0,2097152
striped,4,100.0,none,10.0,2,475.70800000013696,805.6506666669229,123.01066666667612,372.87600000012753,15.344829427084363,0.5338430793291846,3928.405333333598,2,16384,0.0,0.0,0.0,3797.333333332972,0.0,2097152
striped,4,100.0,none,10.0,4,82.49866666667367,82.49866666667367,82.49866666667367,20.178666666666686,20.527916666667807,0.6589639838550323,3182.4986666666737,4,16384,0.0,0.0,0.0,3051.426666666048,0.0,2097152
striped,4,100.0,none,10.0,8,42.65733333334356,42.65733333334356,42.65733333334356,20.178666666666686,20.877166666668927,0.6673180616149453,3142.6573333333436,8,32768,0.0,0.0,0.0,3011.5853333327177,0.0,2097152
striped,4,100.0,none,10.0,16,24.272666666685836,24.272666666685836,24.272666666685836,20.178666666666686,22.337666666673613,0.6712448700060069,3124.272666666686,16,65536,0.0,0.0,0.0,2993.20066666606,0.0,2097152
striped,4,100.0,none,10.0,32,24.272666666685836,24.272666666685836,24.272666666685836,20.178666666666686,22.337666666673613,0.6712448700060069,3124.272666666686,16,65536,0.0,0.0,0.0,2993.20066666606,0.0,2097152
striped,4,100.0,none,10.0,64,24.272666666685836,24.272666666685836,24.272666666685836,20.178666666666686,22.337666666673613,0.6712448700060069,3124.272666666686,16,65536,0.0,0.0,0.0,2993.20066666606,0.0,2097152
striped,4,100.0,ready,0.0,1,4.096000000019558,4.096000000019558,4.096000000019558,0.0020000000004074536,0.25600000000122236,0.675607970887494,3104.0960000000196,1,2097152,1.0,1.0,0.0,2973.0239999993937,0.0,2097152
striped,4,100.0,ready,0.0,2,4.096000000019558,4.096000000019558,4.096000000019558,0.0020000000004074536,0.49587500000234286,0.675607970887494,3104.0960000000196,2,2097152,1.0,1.0,0.0,2973.0239999993937,0.0,2097152
striped,4,100.0,ready,0.0,4,4.096000000019558,4.096000000019558,4.096000000019558,0.0020000000004074536,0.9272500000042783,0.675607970887494,3104.0960000000196,4,2097152,1.0,1.0,0.0,2973.0239999993937,0.0,2097152
striped,4,100.0,ready,0.0,8,4.096000000019558,4.096000000019558,4.096000000019558,0.0020000000004074536,1.5965000000069267,0.675607970887494,3104.0960000000196,8,2097152,1.0,1.0,0.0,2973.0239999993937,0.0,2097152
striped,4,100.0,ready,0.0,16,4.096000000019558,4.096000000019558,4.096000000019558,0.0020000000004074536,2.161000000007334,0.675607970887494,3104.0960000000196,16,2097152,1.0,1.0,0.0,2973.0239999993937,0.0,2097152
striped,4,100.0,ready,0.0,32,4.096000000019558,4.096000000019558,4.096000000019558,0.0020000000004074536,2.161000000007334,0.675607970887494,3104.0960000000196,16,2097152,1.0,1.0,0.0,2973.0239999993937,0.0,2097152
striped,4,100.0,ready,0.0,64,4.096000000019558,4.096000000019558,4.096000000019558,0.0020000000004074536,2.161000000007334,0.675607970887494,3104.0960000000196,16,2097152,1.0,1.0,0.0,2973.0239999993937,0.0,2097152
striped,4,100.0,ready,0.5,1,12.096000000019558,12.096000000019558,12.096000000019558,0.5020000000004075,0.7560000000012224,0.6738712430464827,3112.0960000000196,1,2097152,1.0,1.0,0.0,2981.0239999993937,0.0,2097152
striped,4,100.0,ready,0.5,2,6.304000000011001,6.304000000011001,6.304000000011001,0.5020000000004075,0.7718750000012733,0.6751277402340506,3106.304000000011,2,2097152,1.0,1.0,0.0,2975.231999999385,0.0,2097152
striped,4,100.0,ready,0.5,4,4.596000000019558,4.596000000019558,4.596000000019558,0.5020000000004075,1.0522500000042783,0.6754991631761385,3104.5960000000196,4,2097152,1.0,1.0,0.0,2973.5239999993937,0.0,2097152
striped,4,100.0,ready,0.5,8,4.596000000019558,4.596000000019558,4.596000000019558,0.5020000000004075,1.8465000000069267,0.6754991631761385,3104.5960000000196,8,2097152,1.0,1.0,0.0,2973.5239999993937,0.0,2097152
striped,4,100.0,ready,0.5,16,4.596000000019558,4.596000000019558,4.596000000019558,0.5020000000004075,2.661000000007334,0.6754991631761385,3104.5960000000196,16,2097152,1.0,1.0,0.0,2973.5239999993937,0.0,2097152
striped,4,100.0,ready,0.5,32,4.596000000019558,4.596000000019558,4.596000000019558,0.5020000000004075,2.661000000007334,0.6754991631761385,3104.5960000000196,16,2097152,1.0,1.0,0.0,2973.5239999993937,0.0,2097152
striped,4,100.0,ready,0.5,64,4.596000000019558,4.596000000019558,4.596000000019558,0.5020000000004075,2.661000000007334,0.6754991631761385,3104.5960000000196,16,2097152,1.0,1.0,0.0,2973.5239999993937,0.0,2097152
striped,4,100.0,ready,1.0,1,20.096000000019558,20.096000000019558,20.096000000019558,1.0020000000004075,1.2560000000012224,0.6721434212280606,3120.0960000000196,1,2097152,1.0,1.0,0.0,2989.0239999993937,0.0,2097152
striped,4,100.0,ready,1.0,2,10.304000000011001,10.304000000011001,10.304000000011001,1.0020000000004075,1.2718750000012733,0.6742594936057674,3110.304000000011,2,2097152,1.0,1.0,0.0,2979.231999999385,0.0,2097152
striped,4,100.0,ready,1.0,4,5.7920000000085565,5.7920000000085565,5.7920000000085565,1.0020000000004075,1.351250000001528,0.6752390372568395,3105.7920000000086,4,2097152,1.0,1.0,0.0,2974.7199999993827,0.0,2097152
striped,4,100.0,ready,1.0,8,5.096000000019558,5.096000000019558,5.096000000019558,1.0020000000004075,2.0965000000069267,0.6753903905064407,3105.0960000000196,8,2097152,1.0,1.0,0.0,2974.0239999993937,0.0,2097152
striped,4,100.0,ready,1.0,16,5.096000000019558,5.096000000019558,5.096000000019558,1.0020000000004075,3.161000000007334,0.6753903905064407,3105.0960000000196,16,2097152,1.0,1.0,0.0,2974.0239999993937,0.0,2097152
striped,4,100.0,ready,1.0,32,5.096000000019558,5.096000000019558,5.096000000019558,1.0020000000004075,3.161000000007334,0.6753903905064407,3105.0960000000196,16,2097152,1.0,1.0,0.0,2974.0239999993937,0.0,2097152
striped,4,100.0,ready,1.0,64,5.096000000019558,5.096000000019558,5.096000000019558,1.0020000000004075,3.161000000007334,0.6753903905064407,3105.0960000000196,16,2097152,1.0,1.0,0.0,2974.0239999993937,0.0,2097152
striped,4,100.0,ready,2.0,1,36.09600000001956,36.09600000001956,36.09600000001956,2.0020000000004075,2.2560000000012224,0.6687142230339845,3136.0960000000196,1,2097152,1.0,1.0,0.0,3005.0239999993937,0.0,2097152
striped,4,100.0,ready,2.0,2,18.304000000011,18.304000000011,18.304000000011,2.0020000000004075,2.2718750000012733,0.672529682801931,3118.304000000011,2,2097152,1.0,1.0,0.0,2987.231999999385,0.0,2097152
striped,4,100.0,ready,2.0,4,9.792000000008557,9.792000000008557,9.792000000008557,2.0020000000004075,2.351250000001528,0.674370504522487,3109.7920000000086,4,2097152,1.0,1.0,0.0,2978.7199999993827,0.0,2097152
striped,4,100.0,ready,2.0,8,6.304000000011001,6.304000000011001,6.304000000011001,2.0020000000004075,2.7005000000026484,0.6751277402340506,3106.304000000011,8,2097152,1.0,1.0,0.0,2975.231999999385,0.0,2097152
striped,4,100.0,ready,2.0,16,6.096000000019558,6.096000000019558,6.096000000019558,2.0020000000004075,4.161000000007334,0.6751729502243288,3106.0960000000196,16,2097152,1.0,1.0,0.0,2975.0239999993937,0.0,2097152
striped,4,100.0,ready,2.0,32,6.096000000019558,6.096000000019558,6.096000000019558,2.0020000000004075,4.161000000007334,0.6751729502243288,3106.0960000000196,16,2097152,1.0,1.0,0.0,2975.0239999993937,0.0,2097152
striped,4,100.0,ready,2.0,64,6.096000000019558,6.096000000019558,6.096000000019558,2.0020000000004075,4.161000000007334,0.6751729502243288,3106.0960000000196,16,2097152,1.0,1.0,0.0,2975.0239999993937,0.0,2097152
striped,4,100.0,ready,3.0,1,52.09600000001956,52.09600000001956,52.09600000001956,3.0020000000004075,3.2560000000012224,0.6653198379744738,3152.0960000000196,1,2097152,1.0,1.0,0.0,3021.0239999993937,0.0,2097152
striped,4,100.0,ready,3.0,2,26.304000000011,26.304000000011,26.304000000011,3.0020000000004075,3.2718750000012733,0.6708087249352567,3126.304000000011,2,2097152,1.0,1.0,0.0,2995.231999999385,0.0,2097152
striped,4,100.0,ready,3.0,4,13.792000000008557,13.792000000008557,13.792000000008557,3.0020000000004075,3.351250000001528,0.6735042032351533,3113.7920000000086,4,2097152,1.0,1.0,0.0,2982.7199999993827,0.0,2097152
striped,4,100.0,ready,3.0,8,8.304000000011001,8.304000000011001,8.304000000011001,3.0020000000004075,3.7005000000026484,0.674693337588599,3108.304000000011,8,2097152,1.0,1.0,0.0,2977.231999999385,0.0,2097152
striped,4,100.0,ready,3.0,16,7.096000000019558,7.096000000019558,7.096000000019558,3.0020000000004075,5.161000000007334,0.6749556499058885,3107.0960000000196,16,2097152,1.0,1.0,0.0,2976.0239999993937,0.0,2097152
striped,4,100.0,ready,3.0,32,7.096000000019558,7.096000000019558,7.096000000019558,3.0020000000004075,5.161000000007334,0.6749556499058885,3107.0960000000196,16,2097152,1.0,1.0,0.0,2976.0239999993937,0.0,2097152
striped,4,100.0,ready,3.0,64,7.096000000019558,7.096000000019558,7.096000000019558,3.0020000000004075,5.161000000007334,0.6749556499058885,3107.0960000000196,16,2097152,1.0,1.0,0.0,2976.0239999993937,0.0,2097152
striped,4,100.0,ready,5.0,1,84.09600000001956,84.09600000001956,84.09600000001956,5.0020000000004075,5.256000000001222,0.6586334080379446,3184.0960000000196,1,2097152,1.0,1.0,0.0,3053.0239999993937,0.0,2097152
striped,4,100.0,ready,5.0,2,42.304000000011,42.304000000011,42.304000000011,5.0020000000004075,5.271875000001273,0.6673930975488026,3142.304000000011,2,2097152,1.0,1.0,0.0,3011.231999999385,0.0,2097152
striped,4,100.0,ready,5.0,4,21.792000000008557,21.792000000008557,21.792000000008557,5.0020000000004075,5.351250000001528,0.6717782606912934,3121.7920000000086,4,2097152,1.0,1.0,0.0,2990.7199999993827,0.0,2097152
striped,4,100.0,ready,5.0,8,12.304000000011001,12.304000000011001,12.304000000011001,5.0020000000004075,5.7005000000026484,0.6738262072085479,3112.304000000011,8,2097152,1.0,1.0,0.0,2981.231999999385,0.0,2097152
striped,4,100.0,ready,5.0,16,9.096000000019558,9.096000000019558,9.096000000019558,5.0020000000004075,7.161000000007334,0.6745214686198133,3109.0960000000196,16,2097152,1.0,1.0,0.0,2978.0239999993937,0.0,2097152
striped,4,100.0,ready,5.0,32,9.096000000019558,9.096000000019558,9.096000000019558,5.0020000000004075,7.161000000007334,0.6745214686198133,3109.0960000000196,16,2097152,1.0,1.0,0.0,2978.0239999993937,0.0,2097152
striped,4,100.0,ready,5.0,64,9.096000000019558,9.096000000019558,9.096000000019558,5.0020000000004075,7.161000000007334,0.6745214686198133,3109.0960000000196,16,2097152,1.0,1.0,0.0,2978.0239999993937,0.0,2097152
striped,4,100.0,ready,10.0,1,1157.5840000003227,2086.9760000006063,164.09600000001956,1003.4900000003036,10.256000000001222,0.399375975038954,5251.072000000626,1,2097152,1.0,1.0,0.0,5120.0,0.0,2097152
striped,4,100.0,ready,10.0,2,82.304000000011,82.304000000011,82.304000000011,10.002000000000407,10.271875000001273,0.6590042937444043,3182.304000000011,2,2097152,1.0,1.0,0.0,3051.231999999385,0.0,2097152
striped,4,100.0,ready,10.0,4,41.79200000000856,41.79200000000856,41.79200000000856,10.002000000000407,10.351250000001528,0.6675018588117846,3141.7920000000086,4,2097152,1.0,1.0,0.0,3010.7199999993827,0.0,2097152
striped,4,100.0,ready,10.0,8,22.304000000011,22.304000000011,22.304000000011,10.002000000000407,10.700500000002648,0.6716681015045276,3122.304000000011,8,2097152,1.0,1.0,0.0,2991.231999999385,0.0,2097152
striped,4,100.0,ready,10.0,16,14.096000000019558,14.096000000019558,14.096000000019558,10.002000000000407,12.161000000007334,0.6734384553334215,3114.0960000000196,16,2097152,1.0,1.0,0.0,2983.0239999993937,0.0,2097152
striped,4,100.0,ready,10.0,32,14.096000000019558,14.096000000019558,14.096000000019558,10.002000000000407,12.161000000007334,0.6734384553334215,3114.0960000000196,16,2097152,1.0,1.0,0.0,2983.0239999993937,0.0,2097152
striped,4,100.0,ready,10.0,64,14.096000000019558,14.096000000019558,14.096000000019558,10.002000000000407,12.161000000007334,0.6734384553334215,3114.0960000000196,16,2097152,1.0,1.0,0.0,2983.0239999993937,0.0,2097152
striped,4,100.0,late,0.0,1,12.772666666685836,12.772666666685836,12.772666666685836,8.678666666666686,0.7982916666678648,0.6737247542865815,3112.772666666686,1,65536,0.9375,0.9375,0.0625,2981.70066666606,0.0,2097152
striped,4,100.0,late,0.0,2,12.772666666685836,12.772666666685836,12.772666666685836,8.678666666666686,1.5804583333356277,0.6737247542865815,3112.772666666686,2,65536,0.875,0.875,0.125,2981.70066666606,0.0,2097152
striped,4,100.0,late,0.0,4,12.772666666685836,12.772666666685836,12.772666666685836,8.678666666666686,3.096416666670848,0.6737247542865815,3112.772666666686,4,65536,0.75,0.75,0.25,2981.70066666606,0.0,2097152
striped,4,100.0,late,0.0,8,12.772666666685836,12.772666666685836,12.772666666685836,8.678666666666686,5.934833333340066,0.6737247542865815,3112.772666666686,8,65536,0.5,0.5,0.5,2981.70066666606,0.0,2097152
striped,4,100.0,late,0.0,16,12.772666666685836,12.772666666685836,12.772666666685836,8.678666666666686,10.837666666673613,0.6737247542865815,3112.772666666686,16,65536,0.0,0.0,1.0,2981.70066666606,0.0,2097152
striped,4,100.0,late,0.0,32,12.772666666685836,12.772666666685836,12.772666666685836,8.678666666666686,10.837666666673613,0.6737247542865815,3112.772666666686,16,65536,0.0,0.0,1.0,2981.70066666606,0.0,2097152
striped,4,100.0,late,0.0,64,12.772666666685836,12.772666666685836,12.772666666685836,8.678666666666686,10.837666666673613,0.6737247542865815,3112.772666666686,16,65536,0.0,0.0,1.0,2981.70066666606,0.0,2097152
striped,4,100.0,late,0.5,1,20.272666666685836,20.272666666685836,20.272666666685836,8.678666666666686,1.2670416666678648,0.6721053651507765,3120.272666666686,1,65536,0.9375,0.9375,0.0625,2989.20066666606,0.0,2097152
striped,4,100.0,late,0.5,2,14.48066666667728,14.48066666667728,14.48066666667728,8.678666666666686,1.7939583333345581,0.6733552795639957,3114.4806666666773,2,65536,0.875,0.875,0.125,2983.4086666660514,0.0,2097152
striped,4,100.0,late,0.5,4,12.772666666685836,12.772666666685836,12.772666666685836,8.678666666666686,3.096416666670848,0.6737247542865815,3112.772666666686,4,65536,0.75,0.75,0.25,2981.70066666606,0.0,2097152
striped,4,100.0,late,0.5,8,12.772666666685836,12.772666666685836,12.772666666685836,8.678666666666686,5.934833333340066,0.6737247542865815,3112.772666666686,8,65536,0.5,0.5,0.5,2981.70066666606,0.0,2097152
striped,4,100.0,late,0.5,16,12.772666666685836,12.772666666685836,12.772666666685836,8.678666666666686,10.837666666673613,0.6737247542865815,3112.772666666686,16,65536,0.0,0.0,1.0,2981.70066666606,0.0,2097152
striped,4,100.0,late,0.5,32,12.772666666685836,12.772666666685836,12.772666666685836,8.678666666666686,10.837666666673613,0.6737247542865815,3112.772666666686,16,65536,0.0,0.0,1.0,2981.70066666606,0.0,2097152
striped,4,100.0,late,0.5,64,12.772666666685836,12.772666666685836,12.772666666685836,8.678666666666686,10.837666666673613,0.6737247542865815,3112.772666666686,16,65536,0.0,0.0,1.0,2981.70066666606,0.0,2097152
striped,4,100.0,late,1.0,1,27.772666666685836,27.772666666685836,27.772666666685836,8.678666666666686,1.7357916666678648,0.6704937421922568,3127.772666666686,1,65536,0.9375,0.9375,0.0625,2996.70066666606,0.0,2097152
striped,4,100.0,late,1.0,2,17.98066666667728,17.98066666667728,17.98066666667728,8.678666666666686,2.231458333334558,0.672599423857875,3117.9806666666773,2,65536,0.875,0.875,0.125,2986.9086666660514,0.0,2097152
striped,4,100.0,late,1.0,4,13.468666666674835,13.468666666674835,13.468666666674835,8.678666666666686,3.2704166666680976,0.6735741465627921,3113.468666666675,4,65536,0.75,0.75,0.25,2982.396666666049,0.0,2097152
striped,4,100.0,late,1.0,8,12.772666666685836,12.772666666685836,12.772666666685836,8.678666666666686,5.934833333340066,0.6737247542865815,3112.772666666686,8,65536,0.5,0.5,0.5,2981.70066666606,0.0,2097152
striped,4,100.0,late,1.0,16,12.772666666685836,12.772666666685836,12.772666666685836,8.678666666666686,10.837666666673613,0.6737247542865815,3112.772666666686,16,65536,0.0,0.0,1.0,2981.70066666606,0.0,2097152
striped,4,100.0,late,1.0,32,12.772666666685836,12.772666666685836,12.772666666685836,8.678666666666686,10.837666666673613,0.6737247542865815,3112.772666666686,16,65536,0.0,0.0,1.0,2981.70066666606,0.0,2097152
striped,4,100.0,late,1.0,64,12.772666666685836,12.772666666685836,12.772666666685836,8.678666666666686,10.837666666673613,0.6737247542865815,3112.772666666686,16,65536,0.0,0.0,1.0,2981.70066666606,0.0,2097152
striped,4,100.0,late,2.0,1,42.772666666685836,42.772666666685836,42.772666666685836,8.678666666666686,2.6732916666678648,0.6672935724060179,3142.772666666686,1,65536,0.9375,0.9375,0.0625,3011.70066666606,0.0,2097152
striped,4,100.0,late,2.0,2,24.98066666667728,24.98066666667728,24.98066666667728,8.678666666666686,3.106458333334558,0.6710927918274032,3124.9806666666773,2,65536,0.875,0.875,0.125,2993.9086666660514,0.0,2097152
striped,4,100.0,late,2.0,4,16.468666666674835,16.468666666674835,16.468666666674835,8.678666666666686,4.020416666668098,0.6729257452291604,3116.468666666675,4,65536,0.75,0.75,0.25,2985.396666666049,0.0,2097152
striped,4,100.0,late,2.0,8,12.98066666667728,12.98066666667728,12.98066666667728,8.678666666666686,6.038833333335788,0.6736797380259968,3112.9806666666773,8,65536,0.5,0.5,0.5,2981.9086666660514,0.0,2097152
striped,4,100.0,late,2.0,16,12.772666666685836,12.772666666685836,12.772666666685836,8.678666666666686,10.837666666673613,0.6737247542865815,3112.772666666686,16,65536,0.0,0.0,1.0,2981.70066666606,0.0,2097152
striped,4,100.0,late,2.0,32,12.772666666685836,12.772666666685836,12.772666666685836,8.678666666666686,10.837666666673613,0.6737247542865815,3112.772666666686,16,65536,0.0,0.0,1.0,2981.70066666606,0.0,2097152
striped,4,100.0,late,2.0,64,12.772666666685836,12.772666666685836,12.772666666685836,8.678666666666686,10.837666666673613,0.6737247542865815,3112.772666666686,16,65536,0.0,0.0,1.0,2981.70066666606,0.0,2097152
striped,4,100.0,late,3.0,1,57.772666666685836,57.772666666685836,57.772666666685836,8.678666666666686,3.6107916666678648,0.6641238054079851,3157.772666666686,1,65536,0.9375,0.9375,0.0625,3026.70066666606,0.0,2097152
striped,4,100.0,late,3.0,2,31.98066666667728,31.98066666667728,31.98066666667728,8.678666666666686,3.981458333334558,0.6695928944644378,3131.9806666666773,2,65536,0.875,0.875,0.125,3000.9086666660514,0.0,2097152
striped,4,100.0,late,3.0,4,19.468666666674835,19.468666666674835,19.468666666674835,8.678666666666686,4.770416666668098,0.6722785910335567,3119.468666666675,4,65536,0.75,0.75,0.25,2988.396666666049,0.0,2097152
striped,4,100.0,late,3.0,8,13.98066666667728,13.98066666667728,13.98066666667728,8.678666666666686,6.538833333335788,0.6734633976532908,3113.9806666666773,8,65536,0.5,0.5,0.5,2982.9086666660514,0.0,2097152
striped,4,100.0,late,3.0,16,12.772666666685836,12.772666666685836,12.772666666685836,8.678666666666686,10.837666666673613,0.6737247542865815,3112.772666666686,16,65536,0.0,0.0,1.0,2981.70066666606,0.0,2097152
striped,4,100.0,late,3.0,32,12.772666666685836,12.772666666685836,12.772666666685836,8.678666666666686,10.837666666673613,0.6737247542865815,3112.772666666686,16,65536,0.0,0.0,1.0,2981.70066666606,0.0,2097152
striped,4,100.0,late,3.0,64,12.772666666685836,12.772666666685836,12.772666666685836,8.678666666666686,10.837666666673613,0.6737247542865815,3112.772666666686,16,65536,0.0,0.0,1.0,2981.70066666606,0.0,2097152
striped,4,100.0,late,5.0,1,87.77266666668584,87.77266666668584,87.77266666668584,8.678666666666686,5.485791666667865,0.6578737630600554,3187.772666666686,1,65536,0.9375,0.9375,0.0625,3056.70066666606,0.0,2097152
striped,4,100.0,late,5.0,2,45.98066666667728,45.98066666667728,45.98066666667728,8.678666666666686,5.731458333334558,0.6666131239204457,3145.9806666666773,2,65536,0.875,0.875,0.125,3014.9086666660514,0.0,2097152
striped,4,100.0,late,5.0,4,25.468666666674835,25.468666666674835,25.468666666674835,8.678666666666686,6.270416666668098,0.6709880096915581,3125.468666666675,4,65536,0.75,0.75,0.25,2994.396666666049,0.0,2097152
striped,4,100.0,late,5.0,8,15.98066666667728,15.98066666667728,15.98066666667728,8.678666666666686,7.538833333335788,0.6730311334837099,3115.9806666666773,8,65536,0.5,0.5,0.5,2984.9086666660514,0.0,2097152
striped,4,100.0,late,5.0,16,12.772666666685836,12.772666666685836,12.772666666685836,8.678666666666686,10.837666666673613,0.6737247542865815,3112.772666666686,16,65536,0.0,0.0,1.0,2981.70066666606,0.0,2097152
striped,4,100.0,late,5.0,32,12.772666666685836,12.772666666685836,12.772666666685836,8.678666666666686,10.837666666673613,0.6737247542865815,3112.772666666686,16,65536,0.0,0.0,1.0,2981.70066666606,0.0,2097152
striped,4,100.0,late,5.0,64,12.772666666685836,12.772666666685836,12.772666666685836,8.678666666666686,10.837666666673613,0.6737247542865815,3112.772666666686,16,65536,0.0,0.0,1.0,2981.70066666606,0.0,2097152
striped,4,100.0,late,10.0,1,1157.5840000003227,2086.9760000006063,164.09600000001956,1003.4900000003036,10.256000000001222,0.399375975038954,5251.072000000626,1,868352,0.998046875,1.0,0.001953125,5120.0,0.0,2097152
striped,4,100.0,late,10.0,2,82.304000000011,82.304000000011,82.304000000011,10.002000000000407,10.271875000001273,0.6590042937444043,3182.304000000011,2,65536,0.875,1.0,0.125,3051.231999999385,0.0,2097152
striped,4,100.0,late,10.0,4,41.79200000000856,41.79200000000856,41.79200000000856,10.002000000000407,10.351250000001528,0.6675018588117846,3141.7920000000086,4,65536,0.75,1.0,0.25,3010.7199999993827,0.0,2097152
striped,4,100.0,late,10.0,8,22.304000000011,22.304000000011,22.304000000011,10.002000000000407,10.700500000002648,0.6716681015045276,3122.304000000011,8,65536,0.5,1.0,0.5,2991.231999999385,0.0,2097152
striped,4,100.0,late,10.0,16,14.096000000019558,14.096000000019558,14.096000000019558,10.002000000000407,12.161000000007334,0.6734384553334215,3114.0960000000196,16,65536,0.0,1.0,1.0,2983.0239999993937,0.0,2097152
striped,4,100.0,late,10.0,32,14.096000000019558,14.096000000019558,14.096000000019558,10.002000000000407,12.161000000007334,0.6734384553334215,3114.0960000000196,16,65536,0.0,1.0,1.0,2983.0239999993937,0.0,2097152
striped,4,100.0,late,10.0,64,14.096000000019558,14.096000000019558,14.096000000019558,10.002000000000407,12.161000000007334,0.6734384553334215,3114.0960000000196,16,65536,0.0,1.0,1.0,2983.0239999993937,0.0,2097152
striped,4,100.0,mixed,0.0,1,24.449333333352115,44.80266666668467,24.449333333352115,5.090333333333547,1.5280833333345072,0.675607970887494,3104.0960000000196,1,1064960,0.5,0.5,0.0,2973.0239999993937,0.0,2097152
striped,4,100.0,mixed,0.0,2,24.06533333335028,44.034666666681005,24.06533333335028,5.090333333333547,2.9920416666686833,0.675607970887494,3104.0960000000196,2,1081344,0.5,0.5,0.0,2973.0239999993937,0.0,2097152
striped,4,100.0,mixed,0.0,4,23.297333333346614,42.49866666667367,23.297333333346614,5.090333333333547,5.727583333336042,0.675607970887494,3104.0960000000196,4,1081344,0.5,0.5,0.0,2973.0239999993937,0.0,2097152
striped,4,100.0,mixed,0.0,8,13.376666666681558,22.65733333334356,13.376666666681558,5.090333333333547,6.236833333337927,0.675607970887494,3104.0960000000196,8,1097728,0.5,0.5,0.0,2973.0239999993937,0.0,2097152
striped,4,100.0,mixed,0.0,16,9.184333333352697,14.272666666685836,9.184333333352697,5.090333333333547,7.2493333333404735,0.675607970887494,3104.0960000000196,16,1114112,0.5,0.5,0.0,2973.0239999993937,0.0,2097152
striped,4,100.0,mixed,0.0,32,9.184333333352697,14.272666666685836,9.184333333352697,5.090333333333547,7.2493333333404735,0.675607970887494,3104.0960000000196,16,1114112,0.5,0.5,0.0,2973.0239999993937,0.0,2097152
striped,4,100.0,mixed,0.0,64,9.184333333352697,14.272666666685836,9.184333333352697,5.090333333333547,7.2493333333404735,0.675607970887494,3104.0960000000196,16,1114112,0.5,0.5,0.0,2973.0239999993937,0.0,2097152
striped,4,100.0,mixed,0.5,1,32.449333333352115,52.80266666668467,32.449333333352115,5.590333333333547,2.028083333334507,0.6738712430464827,3112.0960000000196,1,1064960,0.5,0.5,0.0,2981.0239999993937,0.0,2097152
striped,4,100.0,mixed,0.5,2,26.65733333334356,47.010666666676116,26.65733333334356,5.590333333333547,3.316041666667843,0.6751277402340506,3106.304000000011,2,1064960,0.5,0.5,0.0,2975.231999999385,0.0,2097152
striped,4,100.0,mixed,0.5,4,24.547333333346614,44.49866666667367,24.547333333346614,5.590333333333547,6.040083333336042,0.6754991631761385,3104.5960000000196,4,1081344,0.5,0.5,0.0,2973.5239999993937,0.0,2097152
striped,4,100.0,mixed,0.5,8,14.126666666681558,23.65733333334356,14.126666666681558,5.590333333333547,6.611833333337927,0.6754991631761385,3104.5960000000196,8,1097728,0.5,0.5,0.0,2973.5239999993937,0.0,2097152
striped,4,100.0,mixed,0.5,16,9.684333333352697,14.772666666685836,9.684333333352697,5.590333333333547,7.7493333333404735,0.6754991631761385,3104.5960000000196,16,1114112,0.5,0.5,0.0,2973.5239999993937,0.0,2097152
striped,4,100.0,mixed,0.5,32,9.684333333352697,14.772666666685836,9.684333333352697,5.590333333333547,7.7493333333404735,0.6754991631761385,3104.5960000000196,16,1114112,0.5,0.5,0.0,2973.5239999993937,0.0,2097152
striped,4,100.0,mixed,0.5,64,9.684333333352697,14.772666666685836,9.684333333352697,5.590333333333547,7.7493333333404735,0.6754991631761385,3104.5960000000196,16,1114112,0.5,0.5,0.0,2973.5239999993937,0.0,2097152
striped,4,100.0,mixed,1.0,1,40.449333333352115,60.80266666668467,40.449333333352115,6.090333333333547,2.528083333334507,0.6721434212280606,3120.0960000000196,1,1064960,0.5,0.5,0.0,2989.0239999993937,0.0,2097152
striped,4,100.0,mixed,1.0,2,30.65733333334356,51.010666666676116,30.65733333334356,6.090333333333547,3.816041666667843,0.6742594936057674,3110.304000000011,2,1064960,0.5,0.5,0.0,2979.231999999385,0.0,2097152
striped,4,100.0,mixed,1.0,4,26.145333333341114,46.49866666667367,26.145333333341114,6.090333333333547,6.439583333334667,0.6752390372568395,3105.7920000000086,4,1064960,0.5,0.5,0.0,2974.7199999993827,0.0,2097152
striped,4,100.0,mixed,1.0,8,14.876666666681558,24.65733333334356,14.876666666681558,6.090333333333547,6.986833333337927,0.6753903905064407,3105.0960000000196,8,1081344,0.5,0.5,0.0,2974.0239999993937,0.0,2097152
striped,4,100.0,mixed,1.0,16,10.184333333352697,15.272666666685836,10.184333333352697,6.090333333333547,8.249333333340473,0.6753903905064407,3105.0960000000196,16,1114112,0.5,0.5,0.0,2974.0239999993937,0.0,2097152
striped,4,100.0,mixed,1.0,32,10.184333333352697,15.272666666685836,10.184333333352697,6.090333333333547,8.249333333340473,0.6753903905064407,3105.0960000000196,16,1114112,0.5,0.5,0.0,2974.0239999993937,0.0,2097152
striped,4,100.0,mixed,1.0,64,10.184333333352697,15.272666666685836,10.184333333352697,6.090333333333547,8.249333333340473,0.6753903905064407,3105.0960000000196,16,1114112,0.5,0.5,0.0,2974.0239999993937,0.0,2097152
striped,4,100.0,mixed,2.0,1,56.449333333352115,76.80266666668467,56.449333333352115,7.090333333333547,3.528083333334507,0.6687142230339845,3136.0960000000196,1,1064960,0.5,0.5,0.0,3005.0239999993937,0.0,2097152
striped,4,100.0,mixed,2.0,2,38.65733333334356,59.010666666676116,38.65733333334356,7.090333333333547,4.816041666667843,0.672529682801931,3118.304000000011,2,1064960,0.5,0.5,0.0,2987.231999999385,0.0,2097152
striped,4,100.0,mixed,2.0,4,30.145333333341114,50.49866666667367,30.145333333341114,7.090333333333547,7.439583333334667,0.674370504522487,3109.7920000000086,4,1064960,0.5,0.5,0.0,2978.7199999993827,0.0,2097152
striped,4,100.0,mixed,2.0,8,16.48066666667728,26.65733333334356,16.48066666667728,7.090333333333547,7.788833333335788,0.6751277402340506,3106.304000000011,8,1081344,0.5,0.5,0.0,2975.231999999385,0.0,2097152
striped,4,100.0,mixed,2.0,16,11.184333333352697,16.272666666685836,11.184333333352697,7.090333333333547,9.249333333340473,0.6751729502243288,3106.0960000000196,16,1114112,0.5,0.5,0.0,2975.0239999993937,0.0,2097152
striped,4,100.0,mixed,2.0,32,11.184333333352697,16.272666666685836,11.184333333352697,7.090333333333547,9.249333333340473,0.6751729502243288,3106.0960000000196,16,1114112,0.5,0.5,0.0,2975.0239999993937,0.0,2097152
striped,4,100.0,mixed,2.0,64,11.184333333352697,16.272666666685836,11.184333333352697,7.090333333333547,9.249333333340473,0.6751729502243288,3106.0960000000196,16,1114112,0.5,0.5,0.0,2975.0239999993937,0.0,2097152
striped,4,100.0,mixed,3.0,1,72.44933333335212,92.80266666668467,72.44933333335212,8.090333333333547,4.528083333334507,0.6653198379744738,3152.0960000000196,1,1064960,0.5,0.5,0.0,3021.0239999993937,0.0,2097152
striped,4,100.0,mixed,3.0,2,46.65733333334356,67.01066666667612,46.65733333334356,8.090333333333547,5.816041666667843,0.6708087249352567,3126.304000000011,2,1064960,0.5,0.5,0.0,2995.231999999385,0.0,2097152
striped,4,100.0,mixed,3.0,4,34.145333333341114,54.49866666667367,34.145333333341114,8.090333333333547,8.439583333334667,0.6735042032351533,3113.7920000000086,4,1064960,0.5,0.5,0.0,2982.7199999993827,0.0,2097152
striped,4,100.0,mixed,3.0,8,18.48066666667728,28.65733333334356,18.48066666667728,8.090333333333547,8.788833333335788,0.674693337588599,3108.304000000011,8,1081344,0.5,0.5,0.0,2977.231999999385,0.0,2097152
striped,4,100.0,mixed,3.0,16,12.184333333352697,17.272666666685836,12.184333333352697,8.090333333333547,10.249333333340473,0.6749556499058885,3107.0960000000196,16,1114112,0.5,0.5,0.0,2976.0239999993937,0.0,2097152
striped,4,100.0,mixed,3.0,32,12.184333333352697,17.272666666685836,12.184333333352697,8.090333333333547,10.249333333340473,0.6749556499058885,3107.0960000000196,16,1114112,0.5,0.5,0.0,2976.0239999993937,0.0,2097152
striped,4,100.0,mixed,3.0,64,12.184333333352697,17.272666666685836,12.184333333352697,8.090333333333547,10.249333333340473,0.6749556499058885,3107.0960000000196,16,1114112,0.5,0.5,0.0,2976.0239999993937,0.0,2097152
striped,4,100.0,mixed,5.0,1,183.59066666697618,249.3840000005439,104.44933333335212,89.23166666695761,6.528083333334507,0.6274429707544477,3342.3786666672677,1,1064960,0.5,0.5,0.0,3211.306666666642,0.0,2097152
striped,4,100.0,mixed,5.0,2,62.65733333334356,83.01066666667612,62.65733333334356,10.090333333333547,7.816041666667843,0.6673930975488026,3142.304000000011,2,1064960,0.5,0.5,0.0,3011.231999999385,0.0,2097152
striped,4,100.0,mixed,5.0,4,42.145333333341114,62.49866666667367,42.145333333341114,10.090333333333547,10.439583333334667,0.6717782606912934,3121.7920000000086,4,1064960,0.5,0.5,0.0,2990.7199999993827,0.0,2097152
striped,4,100.0,mixed,5.0,8,22.48066666667728,32.65733333334356,22.48066666667728,10.090333333333547,10.788833333335788,0.6738262072085479,3112.304000000011,8,1081344,0.5,0.5,0.0,2981.231999999385,0.0,2097152
striped,4,100.0,mixed,5.0,16,14.184333333352697,19.272666666685836,14.184333333352697,10.090333333333547,12.249333333340473,0.6745214686198133,3109.0960000000196,16,1114112,0.5,0.5,0.0,2978.0239999993937,0.0,2097152
striped,4,100.0,mixed,5.0,32,14.184333333352697,19.272666666685836,14.184333333352697,10.090333333333547,12.249333333340473,0.6745214686198133,3109.0960000000196,16,1114112,0.5,0.5,0.0,2978.0239999993937,0.0,2097152
striped,4,100.0,mixed,5.0,64,14.184333333352697,19.272666666685836,14.184333333352697,10.090333333333547,12.249333333340473,0.6745214686198133,3109.0960000000196,16,1114112,0.5,0.5,0.0,2978.0239999993937,0.0,2097152
striped,4,100.0,mixed,10.0,1,1503.5906666669762,2738.282666667248,184.44933333335212,1334.2316666669576,11.528083333334507,0.35530624489467744,5902.378666667268,1,1064960,0.5,0.5,0.0,5771.306666666642,0.0,2097152
striped,4,100.0,mixed,10.0,2,150.05466666681605,190.24800000026153,102.65733333334356,62.487666666806035,12.800662760417794,0.6399416719829659,3277.098666666956,2,1064960,0.5,0.5,0.0,3146.02666666633,0.0,2097152
striped,4,100.0,mixed,10.0,4,62.145333333341114,82.49866666667367,62.145333333341114,15.090333333333547,15.439583333334667,0.6675018588117846,3141.7920000000086,4,1064960,0.5,0.5,0.0,3010.7199999993827,0.0,2097152
striped,4,100.0,mixed,10.0,8,32.48066666667728,42.65733333334356,32.48066666667728,15.090333333333547,15.788833333335788,0.6716681015045276,3122.304000000011,8,1081344,0.5,0.5,0.0,2991.231999999385,0.0,2097152
striped,4,100.0,mixed,10.0,16,19.184333333352697,24.272666666685836,19.184333333352697,15.090333333333547,17.249333333340473,0.6734384553334215,3114.0960000000196,16,1114112,0.5,0.5,0.0,2983.0239999993937,0.0,2097152
striped,4,100.0,mixed,10.0,32,19.184333333352697,24.272666666685836,19.184333333352697,15.090333333333547,17.249333333340473,0.6734384553334215,3114.0960000000196,16,1114112,0.5,0.5,0.0,2983.0239999993937,0.0,2097152
striped,4,100.0,mixed,10.0,64,19.184333333352697,24.272666666685836,19.184333333352697,15.090333333333547,17.249333333340473,0.6734384553334215,3114.0960000000196,16,1114112,0.5,0.5,0.0,2983.0239999993937,0.0,2097152
