time_us,event,request,hit,address,chunk,chip,bank,plane,channel,bursts
200.0,target_known,0,,,,,,,,
300.0,target_known,1,,,,,,,,
400.0,target_known,2,,,,,,,,
500.0,target_known,3,,,,,,,,
500.0,lookup,0,miss,,,,,,,
500.0,issue,0,,0,0,0,0,0,0,
500.1,issue,0,,0,1,0,0,1,0,
500.20000000000005,issue,0,,0,2,0,0,2,0,
500.30000000000007,issue,0,,0,3,0,0,3,0,
550.1,sensed,0,,0,0,0,0,0,0,
550.1,transfer,0,,0,0,0,0,0,0,
550.2,sensed,0,,0,1,0,0,1,0,
550.3000000000001,sensed,0,,0,2,0,0,2,0,
550.4000000000001,sensed,0,,0,3,0,0,3,0,
556.9766666666667,transfer,0,,0,1,0,0,1,0,
557.1766666666667,ready,0,,0,0,0,0,0,0,
557.1766666666667,axi_start,0,,0,0,0,0,0,0,4
558.2086666666668,axi_done,0,,0,0,0,0,0,0,
563.8533333333334,transfer,0,,0,2,0,0,2,0,
564.0533333333334,ready,0,,0,1,0,0,1,0,
564.0533333333334,axi_start,0,,0,1,0,0,1,0,4
565.0853333333334,axi_done,0,,0,1,0,0,1,0,
570.73,transfer,0,,0,3,0,0,3,0,
570.9300000000001,ready,0,,0,2,0,0,2,0,
570.9300000000001,axi_start,0,,0,2,0,0,2,0,4
571.9620000000001,axi_done,0,,0,2,0,0,2,0,
577.8066666666667,ready,0,,0,3,0,0,3,0,
577.8066666666667,axi_start,0,,0,3,0,0,3,0,4
578.8386666666668,axi_done,0,,0,3,0,0,3,0,
600.0,target_known,4,,,,,,,,
600.0,lookup,1,miss,,,,,,,
600.0,issue,1,,2,0,1,0,0,0,
600.1,issue,1,,2,1,1,0,1,0,
600.2,issue,1,,2,2,1,0,2,0,
600.3000000000001,issue,1,,2,3,1,0,3,0,
650.1,sensed,1,,2,0,1,0,0,0,
650.1,transfer,1,,2,0,1,0,0,0,
650.2,sensed,1,,2,1,1,0,1,0,
650.3000000000001,sensed,1,,2,2,1,0,2,0,
650.4000000000001,sensed,1,,2,3,1,0,3,0,
656.9766666666667,transfer,1,,2,1,1,0,1,0,
657.1766666666667,ready,1,,2,0,1,0,0,0,
657.1766666666667,axi_start,1,,2,0,1,0,0,0,4
658.2086666666668,axi_done,1,,2,0,1,0,0,0,
663.8533333333334,transfer,1,,2,2,1,0,2,0,
664.0533333333334,ready,1,,2,1,1,0,1,0,
664.0533333333334,axi_start,1,,2,1,1,0,1,0,4
665.0853333333334,axi_done,1,,2,1,1,0,1,0,
670.73,transfer,1,,2,3,1,0,3,0,
670.9300000000001,ready,1,,2,2,1,0,2,0,
670.9300000000001,axi_start,1,,2,2,1,0,2,0,4
671.9620000000001,axi_done,1,,2,2,1,0,2,0,
677.8066666666667,ready,1,,2,3,1,0,3,0,
677.8066666666667,axi_start,1,,2,3,1,0,3,0,4
678.8386666666668,axi_done,1,,2,3,1,0,3,0,
700.0,target_known,5,,,,,,,,
700.0,lookup,2,miss,,,,,,,
700.0,issue,2,,4,0,2,0,0,0,
700.1,issue,2,,4,1,2,0,1,0,
700.2,issue,2,,4,2,2,0,2,0,
700.3000000000001,issue,2,,4,3,2,0,3,0,
750.1,sensed,2,,4,0,2,0,0,0,
750.1,transfer,2,,4,0,2,0,0,0,
750.2,sensed,2,,4,1,2,0,1,0,
750.3000000000001,sensed,2,,4,2,2,0,2,0,
750.4000000000001,sensed,2,,4,3,2,0,3,0,
756.9766666666667,transfer,2,,4,1,2,0,1,0,
757.1766666666667,ready,2,,4,0,2,0,0,0,
757.1766666666667,axi_start,2,,4,0,2,0,0,0,4
758.2086666666668,axi_done,2,,4,0,2,0,0,0,
763.8533333333334,transfer,2,,4,2,2,0,2,0,
764.0533333333334,ready,2,,4,1,2,0,1,0,
764.0533333333334,axi_start,2,,4,1,2,0,1,0,4
765.0853333333334,axi_done,2,,4,1,2,0,1,0,
770.73,transfer,2,,4,3,2,0,3,0,
770.9300000000001,ready,2,,4,2,2,0,2,0,
770.9300000000001,axi_start,2,,4,2,2,0,2,0,4
771.9620000000001,axi_done,2,,4,2,2,0,2,0,
777.8066666666667,ready,2,,4,3,2,0,3,0,
777.8066666666667,axi_start,2,,4,3,2,0,3,0,4
778.8386666666668,axi_done,2,,4,3,2,0,3,0,
800.0,target_known,6,,,,,,,,
800.0,lookup,3,miss,,,,,,,
800.0,issue,3,,6,0,3,0,0,0,
800.1,issue,3,,6,1,3,0,1,0,
800.2,issue,3,,6,2,3,0,2,0,
800.3000000000001,issue,3,,6,3,3,0,3,0,
850.1,sensed,3,,6,0,3,0,0,0,
850.1,transfer,3,,6,0,3,0,0,0,
850.2,sensed,3,,6,1,3,0,1,0,
850.3000000000001,sensed,3,,6,2,3,0,2,0,
850.4000000000001,sensed,3,,6,3,3,0,3,0,
856.9766666666667,transfer,3,,6,1,3,0,1,0,
857.1766666666667,ready,3,,6,0,3,0,0,0,
857.1766666666667,axi_start,3,,6,0,3,0,0,0,4
858.2086666666668,axi_done,3,,6,0,3,0,0,0,
863.8533333333334,transfer,3,,6,2,3,0,2,0,
864.0533333333334,ready,3,,6,1,3,0,1,0,
864.0533333333334,axi_start,3,,6,1,3,0,1,0,4
865.0853333333334,axi_done,3,,6,1,3,0,1,0,
870.73,transfer,3,,6,3,3,0,3,0,
870.9300000000001,ready,3,,6,2,3,0,2,0,
870.9300000000001,axi_start,3,,6,2,3,0,2,0,4
871.9620000000001,axi_done,3,,6,2,3,0,2,0,
877.8066666666667,ready,3,,6,3,3,0,3,0,
877.8066666666667,axi_start,3,,6,3,3,0,3,0,4
878.8386666666668,axi_done,3,,6,3,3,0,3,0,
900.0,target_known,7,,,,,,,,
900.0,lookup,4,miss,,,,,,,
900.0,issue,4,,8,0,0,0,0,0,
900.1,issue,4,,8,1,0,0,1,0,
900.2,issue,4,,8,2,0,0,2,0,
900.3000000000001,issue,4,,8,3,0,0,3,0,
950.1,sensed,4,,8,0,0,0,0,0,
950.1,transfer,4,,8,0,0,0,0,0,
950.2,sensed,4,,8,1,0,0,1,0,
950.3000000000001,sensed,4,,8,2,0,0,2,0,
950.4000000000001,sensed,4,,8,3,0,0,3,0,
956.9766666666667,transfer,4,,8,1,0,0,1,0,
957.1766666666667,ready,4,,8,0,0,0,0,0,
957.1766666666667,axi_start,4,,8,0,0,0,0,0,4
958.2086666666668,axi_done,4,,8,0,0,0,0,0,
963.8533333333334,transfer,4,,8,2,0,0,2,0,
964.0533333333334,ready,4,,8,1,0,0,1,0,
964.0533333333334,axi_start,4,,8,1,0,0,1,0,4
965.0853333333334,axi_done,4,,8,1,0,0,1,0,
970.73,transfer,4,,8,3,0,0,3,0,
970.9300000000001,ready,4,,8,2,0,0,2,0,
970.9300000000001,axi_start,4,,8,2,0,0,2,0,4
971.9620000000001,axi_done,4,,8,2,0,0,2,0,
977.8066666666667,ready,4,,8,3,0,0,3,0,
977.8066666666667,axi_start,4,,8,3,0,0,3,0,4
978.8386666666668,axi_done,4,,8,3,0,0,3,0,
1000.0,target_known,8,,,,,,,,
1000.0,lookup,5,miss,,,,,,,
1000.0,issue,5,,10,0,1,0,0,0,
1000.1,issue,5,,10,1,1,0,1,0,
1000.2,issue,5,,10,2,1,0,2,0,
1000.3000000000001,issue,5,,10,3,1,0,3,0,
1050.1,sensed,5,,10,0,1,0,0,0,
1050.1,transfer,5,,10,0,1,0,0,0,
1050.2,sensed,5,,10,1,1,0,1,0,
1050.3000000000002,sensed,5,,10,2,1,0,2,0,
1050.4,sensed,5,,10,3,1,0,3,0,
1056.9766666666667,transfer,5,,10,1,1,0,1,0,
1057.1766666666667,ready,5,,10,0,1,0,0,0,
1057.1766666666667,axi_start,5,,10,0,1,0,0,0,4
1058.2086666666667,axi_done,5,,10,0,1,0,0,0,
1063.8533333333335,transfer,5,,10,2,1,0,2,0,
1064.0533333333335,ready,5,,10,1,1,0,1,0,
1064.0533333333335,axi_start,5,,10,1,1,0,1,0,4
1065.0853333333334,axi_done,5,,10,1,1,0,1,0,
1070.7300000000002,transfer,5,,10,3,1,0,3,0,
1070.9300000000003,ready,5,,10,2,1,0,2,0,
1070.9300000000003,axi_start,5,,10,2,1,0,2,0,4
1071.9620000000002,axi_done,5,,10,2,1,0,2,0,
1077.806666666667,ready,5,,10,3,1,0,3,0,
1077.806666666667,axi_start,5,,10,3,1,0,3,0,4
1078.838666666667,axi_done,5,,10,3,1,0,3,0,
1100.0,target_known,9,,,,,,,,
1100.0,lookup,6,miss,,,,,,,
1100.0,issue,6,,12,0,2,0,0,0,
1100.1,issue,6,,12,1,2,0,1,0,
1100.1999999999998,issue,6,,12,2,2,0,2,0,
1100.2999999999997,issue,6,,12,3,2,0,3,0,
1150.1,sensed,6,,12,0,2,0,0,0,
1150.1,transfer,6,,12,0,2,0,0,0,
1150.1999999999998,sensed,6,,12,1,2,0,1,0,
1150.2999999999997,sensed,6,,12,2,2,0,2,0,
1150.3999999999996,sensed,6,,12,3,2,0,3,0,
1156.9766666666667,transfer,6,,12,1,2,0,1,0,
1157.1766666666667,ready,6,,12,0,2,0,0,0,
1157.1766666666667,axi_start,6,,12,0,2,0,0,0,4
1158.2086666666667,axi_done,6,,12,0,2,0,0,0,
1163.8533333333335,transfer,6,,12,2,2,0,2,0,
1164.0533333333335,ready,6,,12,1,2,0,1,0,
1164.0533333333335,axi_start,6,,12,1,2,0,1,0,4
1165.0853333333334,axi_done,6,,12,1,2,0,1,0,
1170.7300000000002,transfer,6,,12,3,2,0,3,0,
1170.9300000000003,ready,6,,12,2,2,0,2,0,
1170.9300000000003,axi_start,6,,12,2,2,0,2,0,4
1171.9620000000002,axi_done,6,,12,2,2,0,2,0,
1177.806666666667,ready,6,,12,3,2,0,3,0,
1177.806666666667,axi_start,6,,12,3,2,0,3,0,4
1178.838666666667,axi_done,6,,12,3,2,0,3,0,
1200.0,target_known,10,,,,,,,,
1200.0,lookup,7,miss,,,,,,,
1200.0,issue,7,,14,0,3,0,0,0,
1200.1,issue,7,,14,1,3,0,1,0,
1200.1999999999998,issue,7,,14,2,3,0,2,0,
1200.2999999999997,issue,7,,14,3,3,0,3,0,
1250.1,sensed,7,,14,0,3,0,0,0,
1250.1,transfer,7,,14,0,3,0,0,0,
1250.1999999999998,sensed,7,,14,1,3,0,1,0,
1250.2999999999997,sensed,7,,14,2,3,0,2,0,
1250.3999999999996,sensed,7,,14,3,3,0,3,0,
1256.9766666666667,transfer,7,,14,1,3,0,1,0,
1257.1766666666667,ready,7,,14,0,3,0,0,0,
1257.1766666666667,axi_start,7,,14,0,3,0,0,0,4
1258.2086666666667,axi_done,7,,14,0,3,0,0,0,
1263.8533333333335,transfer,7,,14,2,3,0,2,0,
1264.0533333333335,ready,7,,14,1,3,0,1,0,
1264.0533333333335,axi_start,7,,14,1,3,0,1,0,4
1265.0853333333334,axi_done,7,,14,1,3,0,1,0,
1270.7300000000002,transfer,7,,14,3,3,0,3,0,
1270.9300000000003,ready,7,,14,2,3,0,2,0,
1270.9300000000003,axi_start,7,,14,2,3,0,2,0,4
1271.9620000000002,axi_done,7,,14,2,3,0,2,0,
1277.806666666667,ready,7,,14,3,3,0,3,0,
1277.806666666667,axi_start,7,,14,3,3,0,3,0,4
1278.838666666667,axi_done,7,,14,3,3,0,3,0,
1300.0,target_known,11,,,,,,,,
1300.0,lookup,8,miss,,,,,,,
1300.0,issue,8,,16,0,0,0,0,0,
1300.1,issue,8,,16,1,0,0,1,0,
1300.1999999999998,issue,8,,16,2,0,0,2,0,
1300.2999999999997,issue,8,,16,3,0,0,3,0,
1350.1,sensed,8,,16,0,0,0,0,0,
1350.1,transfer,8,,16,0,0,0,0,0,
1350.1999999999998,sensed,8,,16,1,0,0,1,0,
1350.2999999999997,sensed,8,,16,2,0,0,2,0,
1350.3999999999996,sensed,8,,16,3,0,0,3,0,
1356.9766666666667,transfer,8,,16,1,0,0,1,0,
1357.1766666666667,ready,8,,16,0,0,0,0,0,
1357.1766666666667,axi_start,8,,16,0,0,0,0,0,4
1358.2086666666667,axi_done,8,,16,0,0,0,0,0,
1363.8533333333335,transfer,8,,16,2,0,0,2,0,
1364.0533333333335,ready,8,,16,1,0,0,1,0,
1364.0533333333335,axi_start,8,,16,1,0,0,1,0,4
1365.0853333333334,axi_done,8,,16,1,0,0,1,0,
1370.7300000000002,transfer,8,,16,3,0,0,3,0,
1370.9300000000003,ready,8,,16,2,0,0,2,0,
1370.9300000000003,axi_start,8,,16,2,0,0,2,0,4
1371.9620000000002,axi_done,8,,16,2,0,0,2,0,
1377.806666666667,ready,8,,16,3,0,0,3,0,
1377.806666666667,axi_start,8,,16,3,0,0,3,0,4
1378.838666666667,axi_done,8,,16,3,0,0,3,0,
1400.0,target_known,12,,,,,,,,
1400.0,lookup,9,miss,,,,,,,
1400.0,issue,9,,18,0,1,0,0,0,
1400.1,issue,9,,18,1,1,0,1,0,
1400.1999999999998,issue,9,,18,2,1,0,2,0,
1400.2999999999997,issue,9,,18,3,1,0,3,0,
1450.1,sensed,9,,18,0,1,0,0,0,
1450.1,transfer,9,,18,0,1,0,0,0,
1450.1999999999998,sensed,9,,18,1,1,0,1,0,
1450.2999999999997,sensed,9,,18,2,1,0,2,0,
1450.3999999999996,sensed,9,,18,3,1,0,3,0,
1456.9766666666667,transfer,9,,18,1,1,0,1,0,
1457.1766666666667,ready,9,,18,0,1,0,0,0,
1457.1766666666667,axi_start,9,,18,0,1,0,0,0,4
1458.2086666666667,axi_done,9,,18,0,1,0,0,0,
1463.8533333333335,transfer,9,,18,2,1,0,2,0,
1464.0533333333335,ready,9,,18,1,1,0,1,0,
1464.0533333333335,axi_start,9,,18,1,1,0,1,0,4
1465.0853333333334,axi_done,9,,18,1,1,0,1,0,
1470.7300000000002,transfer,9,,18,3,1,0,3,0,
1470.9300000000003,ready,9,,18,2,1,0,2,0,
1470.9300000000003,axi_start,9,,18,2,1,0,2,0,4
1471.9620000000002,axi_done,9,,18,2,1,0,2,0,
1477.806666666667,ready,9,,18,3,1,0,3,0,
1477.806666666667,axi_start,9,,18,3,1,0,3,0,4
1478.838666666667,axi_done,9,,18,3,1,0,3,0,
1500.0,target_known,13,,,,,,,,
1500.0,lookup,10,miss,,,,,,,
1500.0,issue,10,,20,0,2,0,0,0,
1500.1,issue,10,,20,1,2,0,1,0,
1500.1999999999998,issue,10,,20,2,2,0,2,0,
1500.2999999999997,issue,10,,20,3,2,0,3,0,
1550.1,sensed,10,,20,0,2,0,0,0,
1550.1,transfer,10,,20,0,2,0,0,0,
1550.1999999999998,sensed,10,,20,1,2,0,1,0,
1550.2999999999997,sensed,10,,20,2,2,0,2,0,
1550.3999999999996,sensed,10,,20,3,2,0,3,0,
1556.9766666666667,transfer,10,,20,1,2,0,1,0,
1557.1766666666667,ready,10,,20,0,2,0,0,0,
1557.1766666666667,axi_start,10,,20,0,2,0,0,0,4
1558.2086666666667,axi_done,10,,20,0,2,0,0,0,
1563.8533333333335,transfer,10,,20,2,2,0,2,0,
1564.0533333333335,ready,10,,20,1,2,0,1,0,
1564.0533333333335,axi_start,10,,20,1,2,0,1,0,4
1565.0853333333334,axi_done,10,,20,1,2,0,1,0,
1570.7300000000002,transfer,10,,20,3,2,0,3,0,
1570.9300000000003,ready,10,,20,2,2,0,2,0,
1570.9300000000003,axi_start,10,,20,2,2,0,2,0,4
1571.9620000000002,axi_done,10,,20,2,2,0,2,0,
1577.806666666667,ready,10,,20,3,2,0,3,0,
1577.806666666667,axi_start,10,,20,3,2,0,3,0,4
1578.838666666667,axi_done,10,,20,3,2,0,3,0,
1600.0,target_known,14,,,,,,,,
1600.0,lookup,11,miss,,,,,,,
1600.0,issue,11,,22,0,3,0,0,0,
1600.1,issue,11,,22,1,3,0,1,0,
1600.1999999999998,issue,11,,22,2,3,0,2,0,
1600.2999999999997,issue,11,,22,3,3,0,3,0,
1650.1,sensed,11,,22,0,3,0,0,0,
1650.1,transfer,11,,22,0,3,0,0,0,
1650.1999999999998,sensed,11,,22,1,3,0,1,0,
1650.2999999999997,sensed,11,,22,2,3,0,2,0,
1650.3999999999996,sensed,11,,22,3,3,0,3,0,
1656.9766666666667,transfer,11,,22,1,3,0,1,0,
1657.1766666666667,ready,11,,22,0,3,0,0,0,
1657.1766666666667,axi_start,11,,22,0,3,0,0,0,4
1658.2086666666667,axi_done,11,,22,0,3,0,0,0,
1663.8533333333335,transfer,11,,22,2,3,0,2,0,
1664.0533333333335,ready,11,,22,1,3,0,1,0,
1664.0533333333335,axi_start,11,,22,1,3,0,1,0,4
1665.0853333333334,axi_done,11,,22,1,3,0,1,0,
1670.7300000000002,transfer,11,,22,3,3,0,3,0,
1670.9300000000003,ready,11,,22,2,3,0,2,0,
1670.9300000000003,axi_start,11,,22,2,3,0,2,0,4
1671.9620000000002,axi_done,11,,22,2,3,0,2,0,
1677.806666666667,ready,11,,22,3,3,0,3,0,
1677.806666666667,axi_start,11,,22,3,3,0,3,0,4
1678.838666666667,axi_done,11,,22,3,3,0,3,0,
1700.0,target_known,15,,,,,,,,
1700.0,lookup,12,miss,,,,,,,
1700.0,issue,12,,24,0,0,0,0,0,
1700.1,issue,12,,24,1,0,0,1,0,
1700.1999999999998,issue,12,,24,2,0,0,2,0,
1700.2999999999997,issue,12,,24,3,0,0,3,0,
1750.1,sensed,12,,24,0,0,0,0,0,
1750.1,transfer,12,,24,0,0,0,0,0,
1750.1999999999998,sensed,12,,24,1,0,0,1,0,
1750.2999999999997,sensed,12,,24,2,0,0,2,0,
1750.3999999999996,sensed,12,,24,3,0,0,3,0,
1756.9766666666667,transfer,12,,24,1,0,0,1,0,
1757.1766666666667,ready,12,,24,0,0,0,0,0,
1757.1766666666667,axi_start,12,,24,0,0,0,0,0,4
1758.2086666666667,axi_done,12,,24,0,0,0,0,0,
1763.8533333333335,transfer,12,,24,2,0,0,2,0,
1764.0533333333335,ready,12,,24,1,0,0,1,0,
1764.0533333333335,axi_start,12,,24,1,0,0,1,0,4
1765.0853333333334,axi_done,12,,24,1,0,0,1,0,
1770.7300000000002,transfer,12,,24,3,0,0,3,0,
1770.9300000000003,ready,12,,24,2,0,0,2,0,
1770.9300000000003,axi_start,12,,24,2,0,0,2,0,4
1771.9620000000002,axi_done,12,,24,2,0,0,2,0,
1777.806666666667,ready,12,,24,3,0,0,3,0,
1777.806666666667,axi_start,12,,24,3,0,0,3,0,4
1778.838666666667,axi_done,12,,24,3,0,0,3,0,
1800.0,target_known,16,,,,,,,,
1800.0,lookup,13,miss,,,,,,,
1800.0,issue,13,,26,0,1,0,0,0,
1800.1,issue,13,,26,1,1,0,1,0,
1800.1999999999998,issue,13,,26,2,1,0,2,0,
1800.2999999999997,issue,13,,26,3,1,0,3,0,
1850.1,sensed,13,,26,0,1,0,0,0,
1850.1,transfer,13,,26,0,1,0,0,0,
1850.1999999999998,sensed,13,,26,1,1,0,1,0,
1850.2999999999997,sensed,13,,26,2,1,0,2,0,
1850.3999999999996,sensed,13,,26,3,1,0,3,0,
1856.9766666666667,transfer,13,,26,1,1,0,1,0,
1857.1766666666667,ready,13,,26,0,1,0,0,0,
1857.1766666666667,axi_start,13,,26,0,1,0,0,0,4
1858.2086666666667,axi_done,13,,26,0,1,0,0,0,
1863.8533333333335,transfer,13,,26,2,1,0,2,0,
1864.0533333333335,ready,13,,26,1,1,0,1,0,
1864.0533333333335,axi_start,13,,26,1,1,0,1,0,4
1865.0853333333334,axi_done,13,,26,1,1,0,1,0,
1870.7300000000002,transfer,13,,26,3,1,0,3,0,
1870.9300000000003,ready,13,,26,2,1,0,2,0,
1870.9300000000003,axi_start,13,,26,2,1,0,2,0,4
1871.9620000000002,axi_done,13,,26,2,1,0,2,0,
1877.806666666667,ready,13,,26,3,1,0,3,0,
1877.806666666667,axi_start,13,,26,3,1,0,3,0,4
1878.838666666667,axi_done,13,,26,3,1,0,3,0,
1900.0,target_known,17,,,,,,,,
1900.0,lookup,14,miss,,,,,,,
1900.0,issue,14,,28,0,2,0,0,0,
1900.1,issue,14,,28,1,2,0,1,0,
1900.1999999999998,issue,14,,28,2,2,0,2,0,
1900.2999999999997,issue,14,,28,3,2,0,3,0,
1950.1,sensed,14,,28,0,2,0,0,0,
1950.1,transfer,14,,28,0,2,0,0,0,
1950.1999999999998,sensed,14,,28,1,2,0,1,0,
1950.2999999999997,sensed,14,,28,2,2,0,2,0,
1950.3999999999996,sensed,14,,28,3,2,0,3,0,
1956.9766666666667,transfer,14,,28,1,2,0,1,0,
1957.1766666666667,ready,14,,28,0,2,0,0,0,
1957.1766666666667,axi_start,14,,28,0,2,0,0,0,4
1958.2086666666667,axi_done,14,,28,0,2,0,0,0,
1963.8533333333335,transfer,14,,28,2,2,0,2,0,
1964.0533333333335,ready,14,,28,1,2,0,1,0,
1964.0533333333335,axi_start,14,,28,1,2,0,1,0,4
1965.0853333333334,axi_done,14,,28,1,2,0,1,0,
1970.7300000000002,transfer,14,,28,3,2,0,3,0,
1970.9300000000003,ready,14,,28,2,2,0,2,0,
1970.9300000000003,axi_start,14,,28,2,2,0,2,0,4
1971.9620000000002,axi_done,14,,28,2,2,0,2,0,
1977.806666666667,ready,14,,28,3,2,0,3,0,
1977.806666666667,axi_start,14,,28,3,2,0,3,0,4
1978.838666666667,axi_done,14,,28,3,2,0,3,0,
2000.0,target_known,18,,,,,,,,
2000.0,lookup,15,miss,,,,,,,
2000.0,issue,15,,30,0,3,0,0,0,
2000.1,issue,15,,30,1,3,0,1,0,
2000.1999999999998,issue,15,,30,2,3,0,2,0,
2000.2999999999997,issue,15,,30,3,3,0,3,0,
2050.1,sensed,15,,30,0,3,0,0,0,
2050.1,transfer,15,,30,0,3,0,0,0,
2050.2,sensed,15,,30,1,3,0,1,0,
2050.2999999999997,sensed,15,,30,2,3,0,2,0,
2050.3999999999996,sensed,15,,30,3,3,0,3,0,
2056.9766666666665,transfer,15,,30,1,3,0,1,0,
2057.1766666666663,ready,15,,30,0,3,0,0,0,
2057.1766666666663,axi_start,15,,30,0,3,0,0,0,4
2058.2086666666664,axi_done,15,,30,0,3,0,0,0,
2063.853333333333,transfer,15,,30,2,3,0,2,0,
2064.053333333333,ready,15,,30,1,3,0,1,0,
2064.053333333333,axi_start,15,,30,1,3,0,1,0,4
2065.085333333333,axi_done,15,,30,1,3,0,1,0,
2070.7299999999996,transfer,15,,30,3,3,0,3,0,
2070.9299999999994,ready,15,,30,2,3,0,2,0,
2070.9299999999994,axi_start,15,,30,2,3,0,2,0,4
2071.9619999999995,axi_done,15,,30,2,3,0,2,0,
2077.806666666666,ready,15,,30,3,3,0,3,0,
2077.806666666666,axi_start,15,,30,3,3,0,3,0,4
2078.838666666666,axi_done,15,,30,3,3,0,3,0,
2100.0,target_known,19,,,,,,,,
2100.0,lookup,16,miss,,,,,,,
2100.0,issue,16,,32,0,0,0,0,0,
2100.1,issue,16,,32,1,0,0,1,0,
2100.2,issue,16,,32,2,0,0,2,0,
2100.2999999999997,issue,16,,32,3,0,0,3,0,
2150.1,sensed,16,,32,0,0,0,0,0,
2150.1,transfer,16,,32,0,0,0,0,0,
2150.2,sensed,16,,32,1,0,0,1,0,
2150.2999999999997,sensed,16,,32,2,0,0,2,0,
2150.3999999999996,sensed,16,,32,3,0,0,3,0,
2156.9766666666665,transfer,16,,32,1,0,0,1,0,
2157.1766666666663,ready,16,,32,0,0,0,0,0,
2157.1766666666663,axi_start,16,,32,0,0,0,0,0,4
2158.2086666666664,axi_done,16,,32,0,0,0,0,0,
2163.853333333333,transfer,16,,32,2,0,0,2,0,
2164.053333333333,ready,16,,32,1,0,0,1,0,
2164.053333333333,axi_start,16,,32,1,0,0,1,0,4
2165.085333333333,axi_done,16,,32,1,0,0,1,0,
2170.7299999999996,transfer,16,,32,3,0,0,3,0,
2170.9299999999994,ready,16,,32,2,0,0,2,0,
2170.9299999999994,axi_start,16,,32,2,0,0,2,0,4
2171.9619999999995,axi_done,16,,32,2,0,0,2,0,
2177.806666666666,ready,16,,32,3,0,0,3,0,
2177.806666666666,axi_start,16,,32,3,0,0,3,0,4
2178.838666666666,axi_done,16,,32,3,0,0,3,0,
2200.0,target_known,20,,,,,,,,
2200.0,lookup,17,miss,,,,,,,
2200.0,issue,17,,34,0,1,0,0,0,
2200.1,issue,17,,34,1,1,0,1,0,
2200.2,issue,17,,34,2,1,0,2,0,
2200.2999999999997,issue,17,,34,3,1,0,3,0,
2250.1,sensed,17,,34,0,1,0,0,0,
2250.1,transfer,17,,34,0,1,0,0,0,
2250.2,sensed,17,,34,1,1,0,1,0,
2250.2999999999997,sensed,17,,34,2,1,0,2,0,
2250.3999999999996,sensed,17,,34,3,1,0,3,0,
2256.9766666666665,transfer,17,,34,1,1,0,1,0,
2257.1766666666663,ready,17,,34,0,1,0,0,0,
2257.1766666666663,axi_start,17,,34,0,1,0,0,0,4
2258.2086666666664,axi_done,17,,34,0,1,0,0,0,
2263.853333333333,transfer,17,,34,2,1,0,2,0,
2264.053333333333,ready,17,,34,1,1,0,1,0,
2264.053333333333,axi_start,17,,34,1,1,0,1,0,4
2265.085333333333,axi_done,17,,34,1,1,0,1,0,
2270.7299999999996,transfer,17,,34,3,1,0,3,0,
2270.9299999999994,ready,17,,34,2,1,0,2,0,
2270.9299999999994,axi_start,17,,34,2,1,0,2,0,4
2271.9619999999995,axi_done,17,,34,2,1,0,2,0,
2277.806666666666,ready,17,,34,3,1,0,3,0,
2277.806666666666,axi_start,17,,34,3,1,0,3,0,4
2278.838666666666,axi_done,17,,34,3,1,0,3,0,
2300.0,target_known,21,,,,,,,,
2300.0,lookup,18,miss,,,,,,,
2300.0,issue,18,,36,0,2,0,0,0,
2300.1,issue,18,,36,1,2,0,1,0,
2300.2,issue,18,,36,2,2,0,2,0,
2300.2999999999997,issue,18,,36,3,2,0,3,0,
2350.1,sensed,18,,36,0,2,0,0,0,
2350.1,transfer,18,,36,0,2,0,0,0,
2350.2,sensed,18,,36,1,2,0,1,0,
2350.2999999999997,sensed,18,,36,2,2,0,2,0,
2350.3999999999996,sensed,18,,36,3,2,0,3,0,
2356.9766666666665,transfer,18,,36,1,2,0,1,0,
2357.1766666666663,ready,18,,36,0,2,0,0,0,
2357.1766666666663,axi_start,18,,36,0,2,0,0,0,4
2358.2086666666664,axi_done,18,,36,0,2,0,0,0,
2363.853333333333,transfer,18,,36,2,2,0,2,0,
2364.053333333333,ready,18,,36,1,2,0,1,0,
2364.053333333333,axi_start,18,,36,1,2,0,1,0,4
2365.085333333333,axi_done,18,,36,1,2,0,1,0,
2370.7299999999996,transfer,18,,36,3,2,0,3,0,
2370.9299999999994,ready,18,,36,2,2,0,2,0,
2370.9299999999994,axi_start,18,,36,2,2,0,2,0,4
2371.9619999999995,axi_done,18,,36,2,2,0,2,0,
2377.806666666666,ready,18,,36,3,2,0,3,0,
2377.806666666666,axi_start,18,,36,3,2,0,3,0,4
2378.838666666666,axi_done,18,,36,3,2,0,3,0,
2400.0,target_known,22,,,,,,,,
2400.0,lookup,19,miss,,,,,,,
2400.0,issue,19,,38,0,3,0,0,0,
2400.1,issue,19,,38,1,3,0,1,0,
2400.2,issue,19,,38,2,3,0,2,0,
2400.2999999999997,issue,19,,38,3,3,0,3,0,
2450.1,sensed,19,,38,0,3,0,0,0,
2450.1,transfer,19,,38,0,3,0,0,0,
2450.2,sensed,19,,38,1,3,0,1,0,
2450.2999999999997,sensed,19,,38,2,3,0,2,0,
2450.3999999999996,sensed,19,,38,3,3,0,3,0,
2456.9766666666665,transfer,19,,38,1,3,0,1,0,
2457.1766666666663,ready,19,,38,0,3,0,0,0,
2457.1766666666663,axi_start,19,,38,0,3,0,0,0,4
2458.2086666666664,axi_done,19,,38,0,3,0,0,0,
2463.853333333333,transfer,19,,38,2,3,0,2,0,
2464.053333333333,ready,19,,38,1,3,0,1,0,
2464.053333333333,axi_start,19,,38,1,3,0,1,0,4
2465.085333333333,axi_done,19,,38,1,3,0,1,0,
2470.7299999999996,transfer,19,,38,3,3,0,3,0,
2470.9299999999994,ready,19,,38,2,3,0,2,0,
2470.9299999999994,axi_start,19,,38,2,3,0,2,0,4
2471.9619999999995,axi_done,19,,38,2,3,0,2,0,
2477.806666666666,ready,19,,38,3,3,0,3,0,
2477.806666666666,axi_start,19,,38,3,3,0,3,0,4
2478.838666666666,axi_done,19,,38,3,3,0,3,0,
2500.0,target_known,23,,,,,,,,
2500.0,lookup,20,miss,,,,,,,
2500.0,issue,20,,40,0,0,0,0,0,
2500.1,issue,20,,40,1,0,0,1,0,
2500.2,issue,20,,40,2,0,0,2,0,
2500.2999999999997,issue,20,,40,3,0,0,3,0,
2550.1,sensed,20,,40,0,0,0,0,0,
2550.1,transfer,20,,40,0,0,0,0,0,
2550.2,sensed,20,,40,1,0,0,1,0,
2550.2999999999997,sensed,20,,40,2,0,0,2,0,
2550.3999999999996,sensed,20,,40,3,0,0,3,0,
2556.9766666666665,transfer,20,,40,1,0,0,1,0,
2557.1766666666663,ready,20,,40,0,0,0,0,0,
2557.1766666666663,axi_start,20,,40,0,0,0,0,0,4
2558.2086666666664,axi_done,20,,40,0,0,0,0,0,
2563.853333333333,transfer,20,,40,2,0,0,2,0,
2564.053333333333,ready,20,,40,1,0,0,1,0,
2564.053333333333,axi_start,20,,40,1,0,0,1,0,4
2565.085333333333,axi_done,20,,40,1,0,0,1,0,
2570.7299999999996,transfer,20,,40,3,0,0,3,0,
2570.9299999999994,ready,20,,40,2,0,0,2,0,
2570.9299999999994,axi_start,20,,40,2,0,0,2,0,4
2571.9619999999995,axi_done,20,,40,2,0,0,2,0,
2577.806666666666,ready,20,,40,3,0,0,3,0,
2577.806666666666,axi_start,20,,40,3,0,0,3,0,4
2578.838666666666,axi_done,20,,40,3,0,0,3,0,
2600.0,target_known,24,,,,,,,,
2600.0,lookup,21,miss,,,,,,,
2600.0,issue,21,,42,0,1,0,0,0,
2600.1,issue,21,,42,1,1,0,1,0,
2600.2,issue,21,,42,2,1,0,2,0,
2600.2999999999997,issue,21,,42,3,1,0,3,0,
2650.1,sensed,21,,42,0,1,0,0,0,
2650.1,transfer,21,,42,0,1,0,0,0,
2650.2,sensed,21,,42,1,1,0,1,0,
2650.2999999999997,sensed,21,,42,2,1,0,2,0,
2650.3999999999996,sensed,21,,42,3,1,0,3,0,
2656.9766666666665,transfer,21,,42,1,1,0,1,0,
2657.1766666666663,ready,21,,42,0,1,0,0,0,
2657.1766666666663,axi_start,21,,42,0,1,0,0,0,4
2658.2086666666664,axi_done,21,,42,0,1,0,0,0,
2663.853333333333,transfer,21,,42,2,1,0,2,0,
2664.053333333333,ready,21,,42,1,1,0,1,0,
2664.053333333333,axi_start,21,,42,1,1,0,1,0,4
2665.085333333333,axi_done,21,,42,1,1,0,1,0,
2670.7299999999996,transfer,21,,42,3,1,0,3,0,
2670.9299999999994,ready,21,,42,2,1,0,2,0,
2670.9299999999994,axi_start,21,,42,2,1,0,2,0,4
2671.9619999999995,axi_done,21,,42,2,1,0,2,0,
2677.806666666666,ready,21,,42,3,1,0,3,0,
2677.806666666666,axi_start,21,,42,3,1,0,3,0,4
2678.838666666666,axi_done,21,,42,3,1,0,3,0,
2700.0,target_known,25,,,,,,,,
2700.0,lookup,22,miss,,,,,,,
2700.0,issue,22,,44,0,2,0,0,0,
2700.1,issue,22,,44,1,2,0,1,0,
2700.2,issue,22,,44,2,2,0,2,0,
2700.2999999999997,issue,22,,44,3,2,0,3,0,
2750.1,sensed,22,,44,0,2,0,0,0,
2750.1,transfer,22,,44,0,2,0,0,0,
2750.2,sensed,22,,44,1,2,0,1,0,
2750.2999999999997,sensed,22,,44,2,2,0,2,0,
2750.3999999999996,sensed,22,,44,3,2,0,3,0,
2756.9766666666665,transfer,22,,44,1,2,0,1,0,
2757.1766666666663,ready,22,,44,0,2,0,0,0,
2757.1766666666663,axi_start,22,,44,0,2,0,0,0,4
2758.2086666666664,axi_done,22,,44,0,2,0,0,0,
2763.853333333333,transfer,22,,44,2,2,0,2,0,
2764.053333333333,ready,22,,44,1,2,0,1,0,
2764.053333333333,axi_start,22,,44,1,2,0,1,0,4
2765.085333333333,axi_done,22,,44,1,2,0,1,0,
2770.7299999999996,transfer,22,,44,3,2,0,3,0,
2770.9299999999994,ready,22,,44,2,2,0,2,0,
2770.9299999999994,axi_start,22,,44,2,2,0,2,0,4
2771.9619999999995,axi_done,22,,44,2,2,0,2,0,
2777.806666666666,ready,22,,44,3,2,0,3,0,
2777.806666666666,axi_start,22,,44,3,2,0,3,0,4
2778.838666666666,axi_done,22,,44,3,2,0,3,0,
2800.0,target_known,26,,,,,,,,
2800.0,lookup,23,miss,,,,,,,
2800.0,issue,23,,46,0,3,0,0,0,
2800.1,issue,23,,46,1,3,0,1,0,
2800.2,issue,23,,46,2,3,0,2,0,
2800.2999999999997,issue,23,,46,3,3,0,3,0,
2850.1,sensed,23,,46,0,3,0,0,0,
2850.1,transfer,23,,46,0,3,0,0,0,
2850.2,sensed,23,,46,1,3,0,1,0,
2850.2999999999997,sensed,23,,46,2,3,0,2,0,
2850.3999999999996,sensed,23,,46,3,3,0,3,0,
2856.9766666666665,transfer,23,,46,1,3,0,1,0,
2857.1766666666663,ready,23,,46,0,3,0,0,0,
2857.1766666666663,axi_start,23,,46,0,3,0,0,0,4
2858.2086666666664,axi_done,23,,46,0,3,0,0,0,
2863.853333333333,transfer,23,,46,2,3,0,2,0,
2864.053333333333,ready,23,,46,1,3,0,1,0,
2864.053333333333,axi_start,23,,46,1,3,0,1,0,4
2865.085333333333,axi_done,23,,46,1,3,0,1,0,
2870.7299999999996,transfer,23,,46,3,3,0,3,0,
2870.9299999999994,ready,23,,46,2,3,0,2,0,
2870.9299999999994,axi_start,23,,46,2,3,0,2,0,4
2871.9619999999995,axi_done,23,,46,2,3,0,2,0,
2877.806666666666,ready,23,,46,3,3,0,3,0,
2877.806666666666,axi_start,23,,46,3,3,0,3,0,4
2878.838666666666,axi_done,23,,46,3,3,0,3,0,
2900.0,target_known,27,,,,,,,,
2900.0,lookup,24,miss,,,,,,,
2900.0,issue,24,,48,0,0,0,0,0,
2900.1,issue,24,,48,1,0,0,1,0,
2900.2,issue,24,,48,2,0,0,2,0,
2900.2999999999997,issue,24,,48,3,0,0,3,0,
2950.1,sensed,24,,48,0,0,0,0,0,
2950.1,transfer,24,,48,0,0,0,0,0,
2950.2,sensed,24,,48,1,0,0,1,0,
2950.2999999999997,sensed,24,,48,2,0,0,2,0,
2950.3999999999996,sensed,24,,48,3,0,0,3,0,
2956.9766666666665,transfer,24,,48,1,0,0,1,0,
2957.1766666666663,ready,24,,48,0,0,0,0,0,
2957.1766666666663,axi_start,24,,48,0,0,0,0,0,4
2958.2086666666664,axi_done,24,,48,0,0,0,0,0,
2963.853333333333,transfer,24,,48,2,0,0,2,0,
2964.053333333333,ready,24,,48,1,0,0,1,0,
2964.053333333333,axi_start,24,,48,1,0,0,1,0,4
2965.085333333333,axi_done,24,,48,1,0,0,1,0,
2970.7299999999996,transfer,24,,48,3,0,0,3,0,
2970.9299999999994,ready,24,,48,2,0,0,2,0,
2970.9299999999994,axi_start,24,,48,2,0,0,2,0,4
2971.9619999999995,axi_done,24,,48,2,0,0,2,0,
2977.806666666666,ready,24,,48,3,0,0,3,0,
2977.806666666666,axi_start,24,,48,3,0,0,3,0,4
2978.838666666666,axi_done,24,,48,3,0,0,3,0,
3000.0,target_known,28,,,,,,,,
3000.0,lookup,25,miss,,,,,,,
3000.0,issue,25,,50,0,1,0,0,0,
3000.1,issue,25,,50,1,1,0,1,0,
3000.2,issue,25,,50,2,1,0,2,0,
3000.2999999999997,issue,25,,50,3,1,0,3,0,
3050.1,sensed,25,,50,0,1,0,0,0,
3050.1,transfer,25,,50,0,1,0,0,0,
3050.2,sensed,25,,50,1,1,0,1,0,
3050.2999999999997,sensed,25,,50,2,1,0,2,0,
3050.3999999999996,sensed,25,,50,3,1,0,3,0,
3056.9766666666665,transfer,25,,50,1,1,0,1,0,
3057.1766666666663,ready,25,,50,0,1,0,0,0,
3057.1766666666663,axi_start,25,,50,0,1,0,0,0,4
3058.2086666666664,axi_done,25,,50,0,1,0,0,0,
3063.853333333333,transfer,25,,50,2,1,0,2,0,
3064.053333333333,ready,25,,50,1,1,0,1,0,
3064.053333333333,axi_start,25,,50,1,1,0,1,0,4
3065.085333333333,axi_done,25,,50,1,1,0,1,0,
3070.7299999999996,transfer,25,,50,3,1,0,3,0,
3070.9299999999994,ready,25,,50,2,1,0,2,0,
3070.9299999999994,axi_start,25,,50,2,1,0,2,0,4
3071.9619999999995,axi_done,25,,50,2,1,0,2,0,
3077.806666666666,ready,25,,50,3,1,0,3,0,
3077.806666666666,axi_start,25,,50,3,1,0,3,0,4
3078.838666666666,axi_done,25,,50,3,1,0,3,0,
3100.0,target_known,29,,,,,,,,
3100.0,lookup,26,miss,,,,,,,
3100.0,issue,26,,52,0,2,0,0,0,
3100.1,issue,26,,52,1,2,0,1,0,
3100.2,issue,26,,52,2,2,0,2,0,
3100.2999999999997,issue,26,,52,3,2,0,3,0,
3150.1,sensed,26,,52,0,2,0,0,0,
3150.1,transfer,26,,52,0,2,0,0,0,
3150.2,sensed,26,,52,1,2,0,1,0,
3150.2999999999997,sensed,26,,52,2,2,0,2,0,
3150.3999999999996,sensed,26,,52,3,2,0,3,0,
3156.9766666666665,transfer,26,,52,1,2,0,1,0,
3157.1766666666663,ready,26,,52,0,2,0,0,0,
3157.1766666666663,axi_start,26,,52,0,2,0,0,0,4
3158.2086666666664,axi_done,26,,52,0,2,0,0,0,
3163.853333333333,transfer,26,,52,2,2,0,2,0,
3164.053333333333,ready,26,,52,1,2,0,1,0,
3164.053333333333,axi_start,26,,52,1,2,0,1,0,4
3165.085333333333,axi_done,26,,52,1,2,0,1,0,
3170.7299999999996,transfer,26,,52,3,2,0,3,0,
3170.9299999999994,ready,26,,52,2,2,0,2,0,
3170.9299999999994,axi_start,26,,52,2,2,0,2,0,4
3171.9619999999995,axi_done,26,,52,2,2,0,2,0,
3177.806666666666,ready,26,,52,3,2,0,3,0,
3177.806666666666,axi_start,26,,52,3,2,0,3,0,4
3178.838666666666,axi_done,26,,52,3,2,0,3,0,
3200.0,target_known,30,,,,,,,,
3200.0,lookup,27,miss,,,,,,,
3200.0,issue,27,,54,0,3,0,0,0,
3200.1,issue,27,,54,1,3,0,1,0,
3200.2,issue,27,,54,2,3,0,2,0,
3200.2999999999997,issue,27,,54,3,3,0,3,0,
3250.1,sensed,27,,54,0,3,0,0,0,
3250.1,transfer,27,,54,0,3,0,0,0,
3250.2,sensed,27,,54,1,3,0,1,0,
3250.2999999999997,sensed,27,,54,2,3,0,2,0,
3250.3999999999996,sensed,27,,54,3,3,0,3,0,
3256.9766666666665,transfer,27,,54,1,3,0,1,0,
3257.1766666666663,ready,27,,54,0,3,0,0,0,
3257.1766666666663,axi_start,27,,54,0,3,0,0,0,4
3258.2086666666664,axi_done,27,,54,0,3,0,0,0,
3263.853333333333,transfer,27,,54,2,3,0,2,0,
3264.053333333333,ready,27,,54,1,3,0,1,0,
3264.053333333333,axi_start,27,,54,1,3,0,1,0,4
3265.085333333333,axi_done,27,,54,1,3,0,1,0,
3270.7299999999996,transfer,27,,54,3,3,0,3,0,
3270.9299999999994,ready,27,,54,2,3,0,2,0,
3270.9299999999994,axi_start,27,,54,2,3,0,2,0,4
3271.9619999999995,axi_done,27,,54,2,3,0,2,0,
3277.806666666666,ready,27,,54,3,3,0,3,0,
3277.806666666666,axi_start,27,,54,3,3,0,3,0,4
3278.838666666666,axi_done,27,,54,3,3,0,3,0,
3300.0,target_known,31,,,,,,,,
3300.0,lookup,28,miss,,,,,,,
3300.0,issue,28,,56,0,0,0,0,0,
3300.1,issue,28,,56,1,0,0,1,0,
3300.2,issue,28,,56,2,0,0,2,0,
3300.2999999999997,issue,28,,56,3,0,0,3,0,
3350.1,sensed,28,,56,0,0,0,0,0,
3350.1,transfer,28,,56,0,0,0,0,0,
3350.2,sensed,28,,56,1,0,0,1,0,
3350.2999999999997,sensed,28,,56,2,0,0,2,0,
3350.3999999999996,sensed,28,,56,3,0,0,3,0,
3356.9766666666665,transfer,28,,56,1,0,0,1,0,
3357.1766666666663,ready,28,,56,0,0,0,0,0,
3357.1766666666663,axi_start,28,,56,0,0,0,0,0,4
3358.2086666666664,axi_done,28,,56,0,0,0,0,0,
3363.853333333333,transfer,28,,56,2,0,0,2,0,
3364.053333333333,ready,28,,56,1,0,0,1,0,
3364.053333333333,axi_start,28,,56,1,0,0,1,0,4
3365.085333333333,axi_done,28,,56,1,0,0,1,0,
3370.7299999999996,transfer,28,,56,3,0,0,3,0,
3370.9299999999994,ready,28,,56,2,0,0,2,0,
3370.9299999999994,axi_start,28,,56,2,0,0,2,0,4
3371.9619999999995,axi_done,28,,56,2,0,0,2,0,
3377.806666666666,ready,28,,56,3,0,0,3,0,
3377.806666666666,axi_start,28,,56,3,0,0,3,0,4
3378.838666666666,axi_done,28,,56,3,0,0,3,0,
3400.0,target_known,32,,,,,,,,
3400.0,lookup,29,miss,,,,,,,
3400.0,issue,29,,58,0,1,0,0,0,
3400.1,issue,29,,58,1,1,0,1,0,
3400.2,issue,29,,58,2,1,0,2,0,
3400.2999999999997,issue,29,,58,3,1,0,3,0,
3450.1,sensed,29,,58,0,1,0,0,0,
3450.1,transfer,29,,58,0,1,0,0,0,
3450.2,sensed,29,,58,1,1,0,1,0,
3450.2999999999997,sensed,29,,58,2,1,0,2,0,
3450.3999999999996,sensed,29,,58,3,1,0,3,0,
3456.9766666666665,transfer,29,,58,1,1,0,1,0,
3457.1766666666663,ready,29,,58,0,1,0,0,0,
3457.1766666666663,axi_start,29,,58,0,1,0,0,0,4
3458.2086666666664,axi_done,29,,58,0,1,0,0,0,
3463.853333333333,transfer,29,,58,2,1,0,2,0,
3464.053333333333,ready,29,,58,1,1,0,1,0,
3464.053333333333,axi_start,29,,58,1,1,0,1,0,4
3465.085333333333,axi_done,29,,58,1,1,0,1,0,
3470.7299999999996,transfer,29,,58,3,1,0,3,0,
3470.9299999999994,ready,29,,58,2,1,0,2,0,
3470.9299999999994,axi_start,29,,58,2,1,0,2,0,4
3471.9619999999995,axi_done,29,,58,2,1,0,2,0,
3477.806666666666,ready,29,,58,3,1,0,3,0,
3477.806666666666,axi_start,29,,58,3,1,0,3,0,4
3478.838666666666,axi_done,29,,58,3,1,0,3,0,
3500.0,target_known,33,,,,,,,,
3500.0,lookup,30,miss,,,,,,,
3500.0,issue,30,,60,0,2,0,0,0,
3500.1,issue,30,,60,1,2,0,1,0,
3500.2,issue,30,,60,2,2,0,2,0,
3500.2999999999997,issue,30,,60,3,2,0,3,0,
3550.1,sensed,30,,60,0,2,0,0,0,
3550.1,transfer,30,,60,0,2,0,0,0,
3550.2,sensed,30,,60,1,2,0,1,0,
3550.2999999999997,sensed,30,,60,2,2,0,2,0,
3550.3999999999996,sensed,30,,60,3,2,0,3,0,
3556.9766666666665,transfer,30,,60,1,2,0,1,0,
3557.1766666666663,ready,30,,60,0,2,0,0,0,
3557.1766666666663,axi_start,30,,60,0,2,0,0,0,4
3558.2086666666664,axi_done,30,,60,0,2,0,0,0,
3563.853333333333,transfer,30,,60,2,2,0,2,0,
3564.053333333333,ready,30,,60,1,2,0,1,0,
3564.053333333333,axi_start,30,,60,1,2,0,1,0,4
3565.085333333333,axi_done,30,,60,1,2,0,1,0,
3570.7299999999996,transfer,30,,60,3,2,0,3,0,
3570.9299999999994,ready,30,,60,2,2,0,2,0,
3570.9299999999994,axi_start,30,,60,2,2,0,2,0,4
3571.9619999999995,axi_done,30,,60,2,2,0,2,0,
3577.806666666666,ready,30,,60,3,2,0,3,0,
3577.806666666666,axi_start,30,,60,3,2,0,3,0,4
3578.838666666666,axi_done,30,,60,3,2,0,3,0,
3600.0,target_known,34,,,,,,,,
3600.0,lookup,31,miss,,,,,,,
3600.0,issue,31,,62,0,3,0,0,0,
3600.1,issue,31,,62,1,3,0,1,0,
3600.2,issue,31,,62,2,3,0,2,0,
3600.2999999999997,issue,31,,62,3,3,0,3,0,
3650.1,sensed,31,,62,0,3,0,0,0,
3650.1,transfer,31,,62,0,3,0,0,0,
3650.2,sensed,31,,62,1,3,0,1,0,
3650.2999999999997,sensed,31,,62,2,3,0,2,0,
3650.3999999999996,sensed,31,,62,3,3,0,3,0,
3656.9766666666665,transfer,31,,62,1,3,0,1,0,
3657.1766666666663,ready,31,,62,0,3,0,0,0,
3657.1766666666663,axi_start,31,,62,0,3,0,0,0,4
3658.2086666666664,axi_done,31,,62,0,3,0,0,0,
3663.853333333333,transfer,31,,62,2,3,0,2,0,
3664.053333333333,ready,31,,62,1,3,0,1,0,
3664.053333333333,axi_start,31,,62,1,3,0,1,0,4
3665.085333333333,axi_done,31,,62,1,3,0,1,0,
3670.7299999999996,transfer,31,,62,3,3,0,3,0,
3670.9299999999994,ready,31,,62,2,3,0,2,0,
3670.9299999999994,axi_start,31,,62,2,3,0,2,0,4
3671.9619999999995,axi_done,31,,62,2,3,0,2,0,
3677.806666666666,ready,31,,62,3,3,0,3,0,
3677.806666666666,axi_start,31,,62,3,3,0,3,0,4
3678.838666666666,axi_done,31,,62,3,3,0,3,0,
3700.0,target_known,35,,,,,,,,
3700.0,lookup,32,miss,,,,,,,
3700.0,issue,32,,64,0,0,0,0,0,
3700.1,issue,32,,64,1,0,0,1,0,
3700.2,issue,32,,64,2,0,0,2,0,
3700.2999999999997,issue,32,,64,3,0,0,3,0,
3750.1,sensed,32,,64,0,0,0,0,0,
3750.1,transfer,32,,64,0,0,0,0,0,
3750.2,sensed,32,,64,1,0,0,1,0,
3750.2999999999997,sensed,32,,64,2,0,0,2,0,
3750.3999999999996,sensed,32,,64,3,0,0,3,0,
3756.9766666666665,transfer,32,,64,1,0,0,1,0,
3757.1766666666663,ready,32,,64,0,0,0,0,0,
3757.1766666666663,axi_start,32,,64,0,0,0,0,0,4
3758.2086666666664,axi_done,32,,64,0,0,0,0,0,
3763.853333333333,transfer,32,,64,2,0,0,2,0,
3764.053333333333,ready,32,,64,1,0,0,1,0,
3764.053333333333,axi_start,32,,64,1,0,0,1,0,4
3765.085333333333,axi_done,32,,64,1,0,0,1,0,
3770.7299999999996,transfer,32,,64,3,0,0,3,0,
3770.9299999999994,ready,32,,64,2,0,0,2,0,
3770.9299999999994,axi_start,32,,64,2,0,0,2,0,4
3771.9619999999995,axi_done,32,,64,2,0,0,2,0,
3777.806666666666,ready,32,,64,3,0,0,3,0,
3777.806666666666,axi_start,32,,64,3,0,0,3,0,4
3778.838666666666,axi_done,32,,64,3,0,0,3,0,
3800.0,target_known,36,,,,,,,,
3800.0,lookup,33,miss,,,,,,,
3800.0,issue,33,,66,0,1,0,0,0,
3800.1,issue,33,,66,1,1,0,1,0,
3800.2,issue,33,,66,2,1,0,2,0,
3800.2999999999997,issue,33,,66,3,1,0,3,0,
3850.1,sensed,33,,66,0,1,0,0,0,
3850.1,transfer,33,,66,0,1,0,0,0,
3850.2,sensed,33,,66,1,1,0,1,0,
3850.2999999999997,sensed,33,,66,2,1,0,2,0,
3850.3999999999996,sensed,33,,66,3,1,0,3,0,
3856.9766666666665,transfer,33,,66,1,1,0,1,0,
3857.1766666666663,ready,33,,66,0,1,0,0,0,
3857.1766666666663,axi_start,33,,66,0,1,0,0,0,4
3858.2086666666664,axi_done,33,,66,0,1,0,0,0,
3863.853333333333,transfer,33,,66,2,1,0,2,0,
3864.053333333333,ready,33,,66,1,1,0,1,0,
3864.053333333333,axi_start,33,,66,1,1,0,1,0,4
3865.085333333333,axi_done,33,,66,1,1,0,1,0,
3870.7299999999996,transfer,33,,66,3,1,0,3,0,
3870.9299999999994,ready,33,,66,2,1,0,2,0,
3870.9299999999994,axi_start,33,,66,2,1,0,2,0,4
3871.9619999999995,axi_done,33,,66,2,1,0,2,0,
3877.806666666666,ready,33,,66,3,1,0,3,0,
3877.806666666666,axi_start,33,,66,3,1,0,3,0,4
3878.838666666666,axi_done,33,,66,3,1,0,3,0,
3900.0,target_known,37,,,,,,,,
3900.0,lookup,34,miss,,,,,,,
3900.0,issue,34,,68,0,2,0,0,0,
3900.1,issue,34,,68,1,2,0,1,0,
3900.2,issue,34,,68,2,2,0,2,0,
3900.2999999999997,issue,34,,68,3,2,0,3,0,
3950.1,sensed,34,,68,0,2,0,0,0,
3950.1,transfer,34,,68,0,2,0,0,0,
3950.2,sensed,34,,68,1,2,0,1,0,
3950.2999999999997,sensed,34,,68,2,2,0,2,0,
3950.3999999999996,sensed,34,,68,3,2,0,3,0,
3956.9766666666665,transfer,34,,68,1,2,0,1,0,
3957.1766666666663,ready,34,,68,0,2,0,0,0,
3957.1766666666663,axi_start,34,,68,0,2,0,0,0,4
3958.2086666666664,axi_done,34,,68,0,2,0,0,0,
3963.853333333333,transfer,34,,68,2,2,0,2,0,
3964.053333333333,ready,34,,68,1,2,0,1,0,
3964.053333333333,axi_start,34,,68,1,2,0,1,0,4
3965.085333333333,axi_done,34,,68,1,2,0,1,0,
3970.7299999999996,transfer,34,,68,3,2,0,3,0,
3970.9299999999994,ready,34,,68,2,2,0,2,0,
3970.9299999999994,axi_start,34,,68,2,2,0,2,0,4
3971.9619999999995,axi_done,34,,68,2,2,0,2,0,
3977.806666666666,ready,34,,68,3,2,0,3,0,
3977.806666666666,axi_start,34,,68,3,2,0,3,0,4
3978.838666666666,axi_done,34,,68,3,2,0,3,0,
4000.0,target_known,38,,,,,,,,
4000.0,lookup,35,miss,,,,,,,
4000.0,issue,35,,70,0,3,0,0,0,
4000.1,issue,35,,70,1,3,0,1,0,
4000.2,issue,35,,70,2,3,0,2,0,
4000.2999999999997,issue,35,,70,3,3,0,3,0,
4050.1,sensed,35,,70,0,3,0,0,0,
4050.1,transfer,35,,70,0,3,0,0,0,
4050.2,sensed,35,,70,1,3,0,1,0,
4050.2999999999997,sensed,35,,70,2,3,0,2,0,
4050.3999999999996,sensed,35,,70,3,3,0,3,0,
4056.9766666666665,transfer,35,,70,1,3,0,1,0,
4057.1766666666663,ready,35,,70,0,3,0,0,0,
4057.1766666666663,axi_start,35,,70,0,3,0,0,0,4
4058.2086666666664,axi_done,35,,70,0,3,0,0,0,
4063.853333333333,transfer,35,,70,2,3,0,2,0,
4064.053333333333,ready,35,,70,1,3,0,1,0,
4064.053333333333,axi_start,35,,70,1,3,0,1,0,4
4065.085333333333,axi_done,35,,70,1,3,0,1,0,
4070.7299999999996,transfer,35,,70,3,3,0,3,0,
4070.9299999999994,ready,35,,70,2,3,0,2,0,
4070.9299999999994,axi_start,35,,70,2,3,0,2,0,4
4071.9619999999995,axi_done,35,,70,2,3,0,2,0,
4077.806666666666,ready,35,,70,3,3,0,3,0,
4077.806666666666,axi_start,35,,70,3,3,0,3,0,4
4078.838666666666,axi_done,35,,70,3,3,0,3,0,
4100.0,target_known,39,,,,,,,,
4100.0,lookup,36,miss,,,,,,,
4100.0,issue,36,,72,0,0,0,0,0,
4100.1,issue,36,,72,1,0,0,1,0,
4100.200000000001,issue,36,,72,2,0,0,2,0,
4100.300000000001,issue,36,,72,3,0,0,3,0,
4150.1,sensed,36,,72,0,0,0,0,0,
4150.1,transfer,36,,72,0,0,0,0,0,
4150.200000000001,sensed,36,,72,1,0,0,1,0,
4150.300000000001,sensed,36,,72,2,0,0,2,0,
4150.4000000000015,sensed,36,,72,3,0,0,3,0,
4156.976666666667,transfer,36,,72,1,0,0,1,0,
4157.176666666667,ready,36,,72,0,0,0,0,0,
4157.176666666667,axi_start,36,,72,0,0,0,0,0,4
4158.208666666667,axi_done,36,,72,0,0,0,0,0,
4163.853333333334,transfer,36,,72,2,0,0,2,0,
4164.053333333334,ready,36,,72,1,0,0,1,0,
4164.053333333334,axi_start,36,,72,1,0,0,1,0,4
4165.085333333334,axi_done,36,,72,1,0,0,1,0,
4170.730000000001,transfer,36,,72,3,0,0,3,0,
4170.930000000001,ready,36,,72,2,0,0,2,0,
4170.930000000001,axi_start,36,,72,2,0,0,2,0,4
4171.962000000001,axi_done,36,,72,2,0,0,2,0,
4177.806666666668,ready,36,,72,3,0,0,3,0,
4177.806666666668,axi_start,36,,72,3,0,0,3,0,4
4178.838666666668,axi_done,36,,72,3,0,0,3,0,
4200.0,target_known,40,,,,,,,,
4200.0,lookup,37,miss,,,,,,,
4200.0,issue,37,,74,0,1,0,0,0,
4200.1,issue,37,,74,1,1,0,1,0,
4200.200000000001,issue,37,,74,2,1,0,2,0,
4200.300000000001,issue,37,,74,3,1,0,3,0,
4250.1,sensed,37,,74,0,1,0,0,0,
4250.1,transfer,37,,74,0,1,0,0,0,
4250.200000000001,sensed,37,,74,1,1,0,1,0,
4250.300000000001,sensed,37,,74,2,1,0,2,0,
4250.4000000000015,sensed,37,,74,3,1,0,3,0,
4256.976666666667,transfer,37,,74,1,1,0,1,0,
4257.176666666667,ready,37,,74,0,1,0,0,0,
4257.176666666667,axi_start,37,,74,0,1,0,0,0,4
4258.208666666667,axi_done,37,,74,0,1,0,0,0,
4263.853333333334,transfer,37,,74,2,1,0,2,0,
4264.053333333334,ready,37,,74,1,1,0,1,0,
4264.053333333334,axi_start,37,,74,1,1,0,1,0,4
4265.085333333334,axi_done,37,,74,1,1,0,1,0,
4270.730000000001,transfer,37,,74,3,1,0,3,0,
4270.930000000001,ready,37,,74,2,1,0,2,0,
4270.930000000001,axi_start,37,,74,2,1,0,2,0,4
4271.962000000001,axi_done,37,,74,2,1,0,2,0,
4277.806666666668,ready,37,,74,3,1,0,3,0,
4277.806666666668,axi_start,37,,74,3,1,0,3,0,4
4278.838666666668,axi_done,37,,74,3,1,0,3,0,
4300.0,target_known,41,,,,,,,,
4300.0,lookup,38,miss,,,,,,,
4300.0,issue,38,,76,0,2,0,0,0,
4300.1,issue,38,,76,1,2,0,1,0,
4300.200000000001,issue,38,,76,2,2,0,2,0,
4300.300000000001,issue,38,,76,3,2,0,3,0,
4350.1,sensed,38,,76,0,2,0,0,0,
4350.1,transfer,38,,76,0,2,0,0,0,
4350.200000000001,sensed,38,,76,1,2,0,1,0,
4350.300000000001,sensed,38,,76,2,2,0,2,0,
4350.4000000000015,sensed,38,,76,3,2,0,3,0,
4356.976666666667,transfer,38,,76,1,2,0,1,0,
4357.176666666667,ready,38,,76,0,2,0,0,0,
4357.176666666667,axi_start,38,,76,0,2,0,0,0,4
4358.208666666667,axi_done,38,,76,0,2,0,0,0,
4363.853333333334,transfer,38,,76,2,2,0,2,0,
4364.053333333334,ready,38,,76,1,2,0,1,0,
4364.053333333334,axi_start,38,,76,1,2,0,1,0,4
4365.085333333334,axi_done,38,,76,1,2,0,1,0,
4370.730000000001,transfer,38,,76,3,2,0,3,0,
4370.930000000001,ready,38,,76,2,2,0,2,0,
4370.930000000001,axi_start,38,,76,2,2,0,2,0,4
4371.962000000001,axi_done,38,,76,2,2,0,2,0,
4377.806666666668,ready,38,,76,3,2,0,3,0,
4377.806666666668,axi_start,38,,76,3,2,0,3,0,4
4378.838666666668,axi_done,38,,76,3,2,0,3,0,
4400.0,target_known,42,,,,,,,,
4400.0,lookup,39,miss,,,,,,,
4400.0,issue,39,,78,0,3,0,0,0,
4400.1,issue,39,,78,1,3,0,1,0,
4400.200000000001,issue,39,,78,2,3,0,2,0,
4400.300000000001,issue,39,,78,3,3,0,3,0,
4450.1,sensed,39,,78,0,3,0,0,0,
4450.1,transfer,39,,78,0,3,0,0,0,
4450.200000000001,sensed,39,,78,1,3,0,1,0,
4450.300000000001,sensed,39,,78,2,3,0,2,0,
4450.4000000000015,sensed,39,,78,3,3,0,3,0,
4456.976666666667,transfer,39,,78,1,3,0,1,0,
4457.176666666667,ready,39,,78,0,3,0,0,0,
4457.176666666667,axi_start,39,,78,0,3,0,0,0,4
4458.208666666667,axi_done,39,,78,0,3,0,0,0,
4463.853333333334,transfer,39,,78,2,3,0,2,0,
4464.053333333334,ready,39,,78,1,3,0,1,0,
4464.053333333334,axi_start,39,,78,1,3,0,1,0,4
4465.085333333334,axi_done,39,,78,1,3,0,1,0,
4470.730000000001,transfer,39,,78,3,3,0,3,0,
4470.930000000001,ready,39,,78,2,3,0,2,0,
4470.930000000001,axi_start,39,,78,2,3,0,2,0,4
4471.962000000001,axi_done,39,,78,2,3,0,2,0,
4477.806666666668,ready,39,,78,3,3,0,3,0,
4477.806666666668,axi_start,39,,78,3,3,0,3,0,4
4478.838666666668,axi_done,39,,78,3,3,0,3,0,
4500.0,target_known,43,,,,,,,,
4500.0,lookup,40,miss,,,,,,,
4500.0,issue,40,,80,0,0,0,0,0,
4500.1,issue,40,,80,1,0,0,1,0,
4500.200000000001,issue,40,,80,2,0,0,2,0,
4500.300000000001,issue,40,,80,3,0,0,3,0,
4550.1,sensed,40,,80,0,0,0,0,0,
4550.1,transfer,40,,80,0,0,0,0,0,
4550.200000000001,sensed,40,,80,1,0,0,1,0,
4550.300000000001,sensed,40,,80,2,0,0,2,0,
4550.4000000000015,sensed,40,,80,3,0,0,3,0,
4556.976666666667,transfer,40,,80,1,0,0,1,0,
4557.176666666667,ready,40,,80,0,0,0,0,0,
4557.176666666667,axi_start,40,,80,0,0,0,0,0,4
4558.208666666667,axi_done,40,,80,0,0,0,0,0,
4563.853333333334,transfer,40,,80,2,0,0,2,0,
4564.053333333334,ready,40,,80,1,0,0,1,0,
4564.053333333334,axi_start,40,,80,1,0,0,1,0,4
4565.085333333334,axi_done,40,,80,1,0,0,1,0,
4570.730000000001,transfer,40,,80,3,0,0,3,0,
4570.930000000001,ready,40,,80,2,0,0,2,0,
4570.930000000001,axi_start,40,,80,2,0,0,2,0,4
4571.962000000001,axi_done,40,,80,2,0,0,2,0,
4577.806666666668,ready,40,,80,3,0,0,3,0,
4577.806666666668,axi_start,40,,80,3,0,0,3,0,4
4578.838666666668,axi_done,40,,80,3,0,0,3,0,
4600.0,target_known,44,,,,,,,,
4600.0,lookup,41,miss,,,,,,,
4600.0,issue,41,,82,0,1,0,0,0,
4600.1,issue,41,,82,1,1,0,1,0,
4600.200000000001,issue,41,,82,2,1,0,2,0,
4600.300000000001,issue,41,,82,3,1,0,3,0,
4650.1,sensed,41,,82,0,1,0,0,0,
4650.1,transfer,41,,82,0,1,0,0,0,
4650.200000000001,sensed,41,,82,1,1,0,1,0,
4650.300000000001,sensed,41,,82,2,1,0,2,0,
4650.4000000000015,sensed,41,,82,3,1,0,3,0,
4656.976666666667,transfer,41,,82,1,1,0,1,0,
4657.176666666667,ready,41,,82,0,1,0,0,0,
4657.176666666667,axi_start,41,,82,0,1,0,0,0,4
4658.208666666667,axi_done,41,,82,0,1,0,0,0,
4663.853333333334,transfer,41,,82,2,1,0,2,0,
4664.053333333334,ready,41,,82,1,1,0,1,0,
4664.053333333334,axi_start,41,,82,1,1,0,1,0,4
4665.085333333334,axi_done,41,,82,1,1,0,1,0,
4670.730000000001,transfer,41,,82,3,1,0,3,0,
4670.930000000001,ready,41,,82,2,1,0,2,0,
4670.930000000001,axi_start,41,,82,2,1,0,2,0,4
4671.962000000001,axi_done,41,,82,2,1,0,2,0,
4677.806666666668,ready,41,,82,3,1,0,3,0,
4677.806666666668,axi_start,41,,82,3,1,0,3,0,4
4678.838666666668,axi_done,41,,82,3,1,0,3,0,
4700.0,target_known,45,,,,,,,,
4700.0,lookup,42,miss,,,,,,,
4700.0,issue,42,,84,0,2,0,0,0,
4700.1,issue,42,,84,1,2,0,1,0,
4700.200000000001,issue,42,,84,2,2,0,2,0,
4700.300000000001,issue,42,,84,3,2,0,3,0,
4750.1,sensed,42,,84,0,2,0,0,0,
4750.1,transfer,42,,84,0,2,0,0,0,
4750.200000000001,sensed,42,,84,1,2,0,1,0,
4750.300000000001,sensed,42,,84,2,2,0,2,0,
4750.4000000000015,sensed,42,,84,3,2,0,3,0,
4756.976666666667,transfer,42,,84,1,2,0,1,0,
4757.176666666667,ready,42,,84,0,2,0,0,0,
4757.176666666667,axi_start,42,,84,0,2,0,0,0,4
4758.208666666667,axi_done,42,,84,0,2,0,0,0,
4763.853333333334,transfer,42,,84,2,2,0,2,0,
4764.053333333334,ready,42,,84,1,2,0,1,0,
4764.053333333334,axi_start,42,,84,1,2,0,1,0,4
4765.085333333334,axi_done,42,,84,1,2,0,1,0,
4770.730000000001,transfer,42,,84,3,2,0,3,0,
4770.930000000001,ready,42,,84,2,2,0,2,0,
4770.930000000001,axi_start,42,,84,2,2,0,2,0,4
4771.962000000001,axi_done,42,,84,2,2,0,2,0,
4777.806666666668,ready,42,,84,3,2,0,3,0,
4777.806666666668,axi_start,42,,84,3,2,0,3,0,4
4778.838666666668,axi_done,42,,84,3,2,0,3,0,
4800.0,target_known,46,,,,,,,,
4800.0,lookup,43,miss,,,,,,,
4800.0,issue,43,,86,0,3,0,0,0,
4800.1,issue,43,,86,1,3,0,1,0,
4800.200000000001,issue,43,,86,2,3,0,2,0,
4800.300000000001,issue,43,,86,3,3,0,3,0,
4850.1,sensed,43,,86,0,3,0,0,0,
4850.1,transfer,43,,86,0,3,0,0,0,
4850.200000000001,sensed,43,,86,1,3,0,1,0,
4850.300000000001,sensed,43,,86,2,3,0,2,0,
4850.4000000000015,sensed,43,,86,3,3,0,3,0,
4856.976666666667,transfer,43,,86,1,3,0,1,0,
4857.176666666667,ready,43,,86,0,3,0,0,0,
4857.176666666667,axi_start,43,,86,0,3,0,0,0,4
4858.208666666667,axi_done,43,,86,0,3,0,0,0,
4863.853333333334,transfer,43,,86,2,3,0,2,0,
4864.053333333334,ready,43,,86,1,3,0,1,0,
4864.053333333334,axi_start,43,,86,1,3,0,1,0,4
4865.085333333334,axi_done,43,,86,1,3,0,1,0,
4870.730000000001,transfer,43,,86,3,3,0,3,0,
4870.930000000001,ready,43,,86,2,3,0,2,0,
4870.930000000001,axi_start,43,,86,2,3,0,2,0,4
4871.962000000001,axi_done,43,,86,2,3,0,2,0,
4877.806666666668,ready,43,,86,3,3,0,3,0,
4877.806666666668,axi_start,43,,86,3,3,0,3,0,4
4878.838666666668,axi_done,43,,86,3,3,0,3,0,
4900.0,target_known,47,,,,,,,,
4900.0,lookup,44,miss,,,,,,,
4900.0,issue,44,,88,0,0,0,0,0,
4900.1,issue,44,,88,1,0,0,1,0,
4900.200000000001,issue,44,,88,2,0,0,2,0,
4900.300000000001,issue,44,,88,3,0,0,3,0,
4950.1,sensed,44,,88,0,0,0,0,0,
4950.1,transfer,44,,88,0,0,0,0,0,
4950.200000000001,sensed,44,,88,1,0,0,1,0,
4950.300000000001,sensed,44,,88,2,0,0,2,0,
4950.4000000000015,sensed,44,,88,3,0,0,3,0,
4956.976666666667,transfer,44,,88,1,0,0,1,0,
4957.176666666667,ready,44,,88,0,0,0,0,0,
4957.176666666667,axi_start,44,,88,0,0,0,0,0,4
4958.208666666667,axi_done,44,,88,0,0,0,0,0,
4963.853333333334,transfer,44,,88,2,0,0,2,0,
4964.053333333334,ready,44,,88,1,0,0,1,0,
4964.053333333334,axi_start,44,,88,1,0,0,1,0,4
4965.085333333334,axi_done,44,,88,1,0,0,1,0,
4970.730000000001,transfer,44,,88,3,0,0,3,0,
4970.930000000001,ready,44,,88,2,0,0,2,0,
4970.930000000001,axi_start,44,,88,2,0,0,2,0,4
4971.962000000001,axi_done,44,,88,2,0,0,2,0,
4977.806666666668,ready,44,,88,3,0,0,3,0,
4977.806666666668,axi_start,44,,88,3,0,0,3,0,4
4978.838666666668,axi_done,44,,88,3,0,0,3,0,
5000.0,target_known,48,,,,,,,,
5000.0,lookup,45,miss,,,,,,,
5000.0,issue,45,,90,0,1,0,0,0,
5000.1,issue,45,,90,1,1,0,1,0,
5000.200000000001,issue,45,,90,2,1,0,2,0,
5000.300000000001,issue,45,,90,3,1,0,3,0,
5050.1,sensed,45,,90,0,1,0,0,0,
5050.1,transfer,45,,90,0,1,0,0,0,
5050.200000000001,sensed,45,,90,1,1,0,1,0,
5050.300000000001,sensed,45,,90,2,1,0,2,0,
5050.4000000000015,sensed,45,,90,3,1,0,3,0,
5056.976666666667,transfer,45,,90,1,1,0,1,0,
5057.176666666667,ready,45,,90,0,1,0,0,0,
5057.176666666667,axi_start,45,,90,0,1,0,0,0,4
5058.208666666667,axi_done,45,,90,0,1,0,0,0,
5063.853333333334,transfer,45,,90,2,1,0,2,0,
5064.053333333334,ready,45,,90,1,1,0,1,0,
5064.053333333334,axi_start,45,,90,1,1,0,1,0,4
5065.085333333334,axi_done,45,,90,1,1,0,1,0,
5070.730000000001,transfer,45,,90,3,1,0,3,0,
5070.930000000001,ready,45,,90,2,1,0,2,0,
5070.930000000001,axi_start,45,,90,2,1,0,2,0,4
5071.962000000001,axi_done,45,,90,2,1,0,2,0,
5077.806666666668,ready,45,,90,3,1,0,3,0,
5077.806666666668,axi_start,45,,90,3,1,0,3,0,4
5078.838666666668,axi_done,45,,90,3,1,0,3,0,
5100.0,target_known,49,,,,,,,,
5100.0,lookup,46,miss,,,,,,,
5100.0,issue,46,,92,0,2,0,0,0,
5100.1,issue,46,,92,1,2,0,1,0,
5100.200000000001,issue,46,,92,2,2,0,2,0,
5100.300000000001,issue,46,,92,3,2,0,3,0,
5150.1,sensed,46,,92,0,2,0,0,0,
5150.1,transfer,46,,92,0,2,0,0,0,
5150.200000000001,sensed,46,,92,1,2,0,1,0,
5150.300000000001,sensed,46,,92,2,2,0,2,0,
5150.4000000000015,sensed,46,,92,3,2,0,3,0,
5156.976666666667,transfer,46,,92,1,2,0,1,0,
5157.176666666667,ready,46,,92,0,2,0,0,0,
5157.176666666667,axi_start,46,,92,0,2,0,0,0,4
5158.208666666667,axi_done,46,,92,0,2,0,0,0,
5163.853333333334,transfer,46,,92,2,2,0,2,0,
5164.053333333334,ready,46,,92,1,2,0,1,0,
5164.053333333334,axi_start,46,,92,1,2,0,1,0,4
5165.085333333334,axi_done,46,,92,1,2,0,1,0,
5170.730000000001,transfer,46,,92,3,2,0,3,0,
5170.930000000001,ready,46,,92,2,2,0,2,0,
5170.930000000001,axi_start,46,,92,2,2,0,2,0,4
5171.962000000001,axi_done,46,,92,2,2,0,2,0,
5177.806666666668,ready,46,,92,3,2,0,3,0,
5177.806666666668,axi_start,46,,92,3,2,0,3,0,4
5178.838666666668,axi_done,46,,92,3,2,0,3,0,
5200.0,target_known,50,,,,,,,,
5200.0,lookup,47,miss,,,,,,,
5200.0,issue,47,,94,0,3,0,0,0,
5200.1,issue,47,,94,1,3,0,1,0,
5200.200000000001,issue,47,,94,2,3,0,2,0,
5200.300000000001,issue,47,,94,3,3,0,3,0,
5250.1,sensed,47,,94,0,3,0,0,0,
5250.1,transfer,47,,94,0,3,0,0,0,
5250.200000000001,sensed,47,,94,1,3,0,1,0,
5250.300000000001,sensed,47,,94,2,3,0,2,0,
5250.4000000000015,sensed,47,,94,3,3,0,3,0,
5256.976666666667,transfer,47,,94,1,3,0,1,0,
5257.176666666667,ready,47,,94,0,3,0,0,0,
5257.176666666667,axi_start,47,,94,0,3,0,0,0,4
5258.208666666667,axi_done,47,,94,0,3,0,0,0,
5263.853333333334,transfer,47,,94,2,3,0,2,0,
5264.053333333334,ready,47,,94,1,3,0,1,0,
5264.053333333334,axi_start,47,,94,1,3,0,1,0,4
5265.085333333334,axi_done,47,,94,1,3,0,1,0,
5270.730000000001,transfer,47,,94,3,3,0,3,0,
5270.930000000001,ready,47,,94,2,3,0,2,0,
5270.930000000001,axi_start,47,,94,2,3,0,2,0,4
5271.962000000001,axi_done,47,,94,2,3,0,2,0,
5277.806666666668,ready,47,,94,3,3,0,3,0,
5277.806666666668,axi_start,47,,94,3,3,0,3,0,4
5278.838666666668,axi_done,47,,94,3,3,0,3,0,
5300.0,target_known,51,,,,,,,,
5300.0,lookup,48,miss,,,,,,,
5300.0,issue,48,,96,0,0,0,0,0,
5300.1,issue,48,,96,1,0,0,1,0,
5300.200000000001,issue,48,,96,2,0,0,2,0,
5300.300000000001,issue,48,,96,3,0,0,3,0,
5350.1,sensed,48,,96,0,0,0,0,0,
5350.1,transfer,48,,96,0,0,0,0,0,
5350.200000000001,sensed,48,,96,1,0,0,1,0,
5350.300000000001,sensed,48,,96,2,0,0,2,0,
5350.4000000000015,sensed,48,,96,3,0,0,3,0,
5356.976666666667,transfer,48,,96,1,0,0,1,0,
5357.176666666667,ready,48,,96,0,0,0,0,0,
5357.176666666667,axi_start,48,,96,0,0,0,0,0,4
5358.208666666667,axi_done,48,,96,0,0,0,0,0,
5363.853333333334,transfer,48,,96,2,0,0,2,0,
5364.053333333334,ready,48,,96,1,0,0,1,0,
5364.053333333334,axi_start,48,,96,1,0,0,1,0,4
5365.085333333334,axi_done,48,,96,1,0,0,1,0,
5370.730000000001,transfer,48,,96,3,0,0,3,0,
5370.930000000001,ready,48,,96,2,0,0,2,0,
5370.930000000001,axi_start,48,,96,2,0,0,2,0,4
5371.962000000001,axi_done,48,,96,2,0,0,2,0,
5377.806666666668,ready,48,,96,3,0,0,3,0,
5377.806666666668,axi_start,48,,96,3,0,0,3,0,4
5378.838666666668,axi_done,48,,96,3,0,0,3,0,
5400.0,target_known,52,,,,,,,,
5400.0,lookup,49,miss,,,,,,,
5400.0,issue,49,,98,0,1,0,0,0,
5400.1,issue,49,,98,1,1,0,1,0,
5400.200000000001,issue,49,,98,2,1,0,2,0,
5400.300000000001,issue,49,,98,3,1,0,3,0,
5450.1,sensed,49,,98,0,1,0,0,0,
5450.1,transfer,49,,98,0,1,0,0,0,
5450.200000000001,sensed,49,,98,1,1,0,1,0,
5450.300000000001,sensed,49,,98,2,1,0,2,0,
5450.4000000000015,sensed,49,,98,3,1,0,3,0,
5456.976666666667,transfer,49,,98,1,1,0,1,0,
5457.176666666667,ready,49,,98,0,1,0,0,0,
5457.176666666667,axi_start,49,,98,0,1,0,0,0,4
5458.208666666667,axi_done,49,,98,0,1,0,0,0,
5463.853333333334,transfer,49,,98,2,1,0,2,0,
5464.053333333334,ready,49,,98,1,1,0,1,0,
5464.053333333334,axi_start,49,,98,1,1,0,1,0,4
5465.085333333334,axi_done,49,,98,1,1,0,1,0,
5470.730000000001,transfer,49,,98,3,1,0,3,0,
5470.930000000001,ready,49,,98,2,1,0,2,0,
5470.930000000001,axi_start,49,,98,2,1,0,2,0,4
5471.962000000001,axi_done,49,,98,2,1,0,2,0,
5477.806666666668,ready,49,,98,3,1,0,3,0,
5477.806666666668,axi_start,49,,98,3,1,0,3,0,4
5478.838666666668,axi_done,49,,98,3,1,0,3,0,
5500.0,target_known,53,,,,,,,,
5500.0,lookup,50,miss,,,,,,,
5500.0,issue,50,,100,0,2,0,0,0,
5500.1,issue,50,,100,1,2,0,1,0,
5500.200000000001,issue,50,,100,2,2,0,2,0,
5500.300000000001,issue,50,,100,3,2,0,3,0,
5550.1,sensed,50,,100,0,2,0,0,0,
5550.1,transfer,50,,100,0,2,0,0,0,
5550.200000000001,sensed,50,,100,1,2,0,1,0,
5550.300000000001,sensed,50,,100,2,2,0,2,0,
5550.4000000000015,sensed,50,,100,3,2,0,3,0,
5556.976666666667,transfer,50,,100,1,2,0,1,0,
5557.176666666667,ready,50,,100,0,2,0,0,0,
5557.176666666667,axi_start,50,,100,0,2,0,0,0,4
5558.208666666667,axi_done,50,,100,0,2,0,0,0,
5563.853333333334,transfer,50,,100,2,2,0,2,0,
5564.053333333334,ready,50,,100,1,2,0,1,0,
5564.053333333334,axi_start,50,,100,1,2,0,1,0,4
5565.085333333334,axi_done,50,,100,1,2,0,1,0,
5570.730000000001,transfer,50,,100,3,2,0,3,0,
5570.930000000001,ready,50,,100,2,2,0,2,0,
5570.930000000001,axi_start,50,,100,2,2,0,2,0,4
5571.962000000001,axi_done,50,,100,2,2,0,2,0,
5577.806666666668,ready,50,,100,3,2,0,3,0,
5577.806666666668,axi_start,50,,100,3,2,0,3,0,4
5578.838666666668,axi_done,50,,100,3,2,0,3,0,
5600.0,target_known,54,,,,,,,,
5600.0,lookup,51,miss,,,,,,,
5600.0,issue,51,,102,0,3,0,0,0,
5600.1,issue,51,,102,1,3,0,1,0,
5600.200000000001,issue,51,,102,2,3,0,2,0,
5600.300000000001,issue,51,,102,3,3,0,3,0,
5650.1,sensed,51,,102,0,3,0,0,0,
5650.1,transfer,51,,102,0,3,0,0,0,
5650.200000000001,sensed,51,,102,1,3,0,1,0,
5650.300000000001,sensed,51,,102,2,3,0,2,0,
5650.4000000000015,sensed,51,,102,3,3,0,3,0,
5656.976666666667,transfer,51,,102,1,3,0,1,0,
5657.176666666667,ready,51,,102,0,3,0,0,0,
5657.176666666667,axi_start,51,,102,0,3,0,0,0,4
5658.208666666667,axi_done,51,,102,0,3,0,0,0,
5663.853333333334,transfer,51,,102,2,3,0,2,0,
5664.053333333334,ready,51,,102,1,3,0,1,0,
5664.053333333334,axi_start,51,,102,1,3,0,1,0,4
5665.085333333334,axi_done,51,,102,1,3,0,1,0,
5670.730000000001,transfer,51,,102,3,3,0,3,0,
5670.930000000001,ready,51,,102,2,3,0,2,0,
5670.930000000001,axi_start,51,,102,2,3,0,2,0,4
5671.962000000001,axi_done,51,,102,2,3,0,2,0,
5677.806666666668,ready,51,,102,3,3,0,3,0,
5677.806666666668,axi_start,51,,102,3,3,0,3,0,4
5678.838666666668,axi_done,51,,102,3,3,0,3,0,
5700.0,target_known,55,,,,,,,,
5700.0,lookup,52,miss,,,,,,,
5700.0,issue,52,,104,0,0,0,0,0,
5700.1,issue,52,,104,1,0,0,1,0,
5700.200000000001,issue,52,,104,2,0,0,2,0,
5700.300000000001,issue,52,,104,3,0,0,3,0,
5750.1,sensed,52,,104,0,0,0,0,0,
5750.1,transfer,52,,104,0,0,0,0,0,
5750.200000000001,sensed,52,,104,1,0,0,1,0,
5750.300000000001,sensed,52,,104,2,0,0,2,0,
5750.4000000000015,sensed,52,,104,3,0,0,3,0,
5756.976666666667,transfer,52,,104,1,0,0,1,0,
5757.176666666667,ready,52,,104,0,0,0,0,0,
5757.176666666667,axi_start,52,,104,0,0,0,0,0,4
5758.208666666667,axi_done,52,,104,0,0,0,0,0,
5763.853333333334,transfer,52,,104,2,0,0,2,0,
5764.053333333334,ready,52,,104,1,0,0,1,0,
5764.053333333334,axi_start,52,,104,1,0,0,1,0,4
5765.085333333334,axi_done,52,,104,1,0,0,1,0,
5770.730000000001,transfer,52,,104,3,0,0,3,0,
5770.930000000001,ready,52,,104,2,0,0,2,0,
5770.930000000001,axi_start,52,,104,2,0,0,2,0,4
5771.962000000001,axi_done,52,,104,2,0,0,2,0,
5777.806666666668,ready,52,,104,3,0,0,3,0,
5777.806666666668,axi_start,52,,104,3,0,0,3,0,4
5778.838666666668,axi_done,52,,104,3,0,0,3,0,
5800.0,target_known,56,,,,,,,,
5800.0,lookup,53,miss,,,,,,,
5800.0,issue,53,,106,0,1,0,0,0,
5800.1,issue,53,,106,1,1,0,1,0,
5800.200000000001,issue,53,,106,2,1,0,2,0,
5800.300000000001,issue,53,,106,3,1,0,3,0,
5850.1,sensed,53,,106,0,1,0,0,0,
5850.1,transfer,53,,106,0,1,0,0,0,
5850.200000000001,sensed,53,,106,1,1,0,1,0,
5850.300000000001,sensed,53,,106,2,1,0,2,0,
5850.4000000000015,sensed,53,,106,3,1,0,3,0,
5856.976666666667,transfer,53,,106,1,1,0,1,0,
5857.176666666667,ready,53,,106,0,1,0,0,0,
5857.176666666667,axi_start,53,,106,0,1,0,0,0,4
5858.208666666667,axi_done,53,,106,0,1,0,0,0,
5863.853333333334,transfer,53,,106,2,1,0,2,0,
5864.053333333334,ready,53,,106,1,1,0,1,0,
5864.053333333334,axi_start,53,,106,1,1,0,1,0,4
5865.085333333334,axi_done,53,,106,1,1,0,1,0,
5870.730000000001,transfer,53,,106,3,1,0,3,0,
5870.930000000001,ready,53,,106,2,1,0,2,0,
5870.930000000001,axi_start,53,,106,2,1,0,2,0,4
5871.962000000001,axi_done,53,,106,2,1,0,2,0,
5877.806666666668,ready,53,,106,3,1,0,3,0,
5877.806666666668,axi_start,53,,106,3,1,0,3,0,4
5878.838666666668,axi_done,53,,106,3,1,0,3,0,
5900.0,target_known,57,,,,,,,,
5900.0,lookup,54,miss,,,,,,,
5900.0,issue,54,,108,0,2,0,0,0,
5900.1,issue,54,,108,1,2,0,1,0,
5900.200000000001,issue,54,,108,2,2,0,2,0,
5900.300000000001,issue,54,,108,3,2,0,3,0,
5950.1,sensed,54,,108,0,2,0,0,0,
5950.1,transfer,54,,108,0,2,0,0,0,
5950.200000000001,sensed,54,,108,1,2,0,1,0,
5950.300000000001,sensed,54,,108,2,2,0,2,0,
5950.4000000000015,sensed,54,,108,3,2,0,3,0,
5956.976666666667,transfer,54,,108,1,2,0,1,0,
5957.176666666667,ready,54,,108,0,2,0,0,0,
5957.176666666667,axi_start,54,,108,0,2,0,0,0,4
5958.208666666667,axi_done,54,,108,0,2,0,0,0,
5963.853333333334,transfer,54,,108,2,2,0,2,0,
5964.053333333334,ready,54,,108,1,2,0,1,0,
5964.053333333334,axi_start,54,,108,1,2,0,1,0,4
5965.085333333334,axi_done,54,,108,1,2,0,1,0,
5970.730000000001,transfer,54,,108,3,2,0,3,0,
5970.930000000001,ready,54,,108,2,2,0,2,0,
5970.930000000001,axi_start,54,,108,2,2,0,2,0,4
5971.962000000001,axi_done,54,,108,2,2,0,2,0,
5977.806666666668,ready,54,,108,3,2,0,3,0,
5977.806666666668,axi_start,54,,108,3,2,0,3,0,4
5978.838666666668,axi_done,54,,108,3,2,0,3,0,
6000.0,target_known,58,,,,,,,,
6000.0,lookup,55,miss,,,,,,,
6000.0,issue,55,,110,0,3,0,0,0,
6000.1,issue,55,,110,1,3,0,1,0,
6000.200000000001,issue,55,,110,2,3,0,2,0,
6000.300000000001,issue,55,,110,3,3,0,3,0,
6050.1,sensed,55,,110,0,3,0,0,0,
6050.1,transfer,55,,110,0,3,0,0,0,
6050.200000000001,sensed,55,,110,1,3,0,1,0,
6050.300000000001,sensed,55,,110,2,3,0,2,0,
6050.4000000000015,sensed,55,,110,3,3,0,3,0,
6056.976666666667,transfer,55,,110,1,3,0,1,0,
6057.176666666667,ready,55,,110,0,3,0,0,0,
6057.176666666667,axi_start,55,,110,0,3,0,0,0,4
6058.208666666667,axi_done,55,,110,0,3,0,0,0,
6063.853333333334,transfer,55,,110,2,3,0,2,0,
6064.053333333334,ready,55,,110,1,3,0,1,0,
6064.053333333334,axi_start,55,,110,1,3,0,1,0,4
6065.085333333334,axi_done,55,,110,1,3,0,1,0,
6070.730000000001,transfer,55,,110,3,3,0,3,0,
6070.930000000001,ready,55,,110,2,3,0,2,0,
6070.930000000001,axi_start,55,,110,2,3,0,2,0,4
6071.962000000001,axi_done,55,,110,2,3,0,2,0,
6077.806666666668,ready,55,,110,3,3,0,3,0,
6077.806666666668,axi_start,55,,110,3,3,0,3,0,4
6078.838666666668,axi_done,55,,110,3,3,0,3,0,
6100.0,target_known,59,,,,,,,,
6100.0,lookup,56,miss,,,,,,,
6100.0,issue,56,,112,0,0,0,0,0,
6100.1,issue,56,,112,1,0,0,1,0,
6100.200000000001,issue,56,,112,2,0,0,2,0,
6100.300000000001,issue,56,,112,3,0,0,3,0,
6150.1,sensed,56,,112,0,0,0,0,0,
6150.1,transfer,56,,112,0,0,0,0,0,
6150.200000000001,sensed,56,,112,1,0,0,1,0,
6150.300000000001,sensed,56,,112,2,0,0,2,0,
6150.4000000000015,sensed,56,,112,3,0,0,3,0,
6156.976666666667,transfer,56,,112,1,0,0,1,0,
6157.176666666667,ready,56,,112,0,0,0,0,0,
6157.176666666667,axi_start,56,,112,0,0,0,0,0,4
6158.208666666667,axi_done,56,,112,0,0,0,0,0,
6163.853333333334,transfer,56,,112,2,0,0,2,0,
6164.053333333334,ready,56,,112,1,0,0,1,0,
6164.053333333334,axi_start,56,,112,1,0,0,1,0,4
6165.085333333334,axi_done,56,,112,1,0,0,1,0,
6170.730000000001,transfer,56,,112,3,0,0,3,0,
6170.930000000001,ready,56,,112,2,0,0,2,0,
6170.930000000001,axi_start,56,,112,2,0,0,2,0,4
6171.962000000001,axi_done,56,,112,2,0,0,2,0,
6177.806666666668,ready,56,,112,3,0,0,3,0,
6177.806666666668,axi_start,56,,112,3,0,0,3,0,4
6178.838666666668,axi_done,56,,112,3,0,0,3,0,
6200.0,target_known,60,,,,,,,,
6200.0,lookup,57,miss,,,,,,,
6200.0,issue,57,,114,0,1,0,0,0,
6200.1,issue,57,,114,1,1,0,1,0,
6200.200000000001,issue,57,,114,2,1,0,2,0,
6200.300000000001,issue,57,,114,3,1,0,3,0,
6250.1,sensed,57,,114,0,1,0,0,0,
6250.1,transfer,57,,114,0,1,0,0,0,
6250.200000000001,sensed,57,,114,1,1,0,1,0,
6250.300000000001,sensed,57,,114,2,1,0,2,0,
6250.4000000000015,sensed,57,,114,3,1,0,3,0,
6256.976666666667,transfer,57,,114,1,1,0,1,0,
6257.176666666667,ready,57,,114,0,1,0,0,0,
6257.176666666667,axi_start,57,,114,0,1,0,0,0,4
6258.208666666667,axi_done,57,,114,0,1,0,0,0,
6263.853333333334,transfer,57,,114,2,1,0,2,0,
6264.053333333334,ready,57,,114,1,1,0,1,0,
6264.053333333334,axi_start,57,,114,1,1,0,1,0,4
6265.085333333334,axi_done,57,,114,1,1,0,1,0,
6270.730000000001,transfer,57,,114,3,1,0,3,0,
6270.930000000001,ready,57,,114,2,1,0,2,0,
6270.930000000001,axi_start,57,,114,2,1,0,2,0,4
6271.962000000001,axi_done,57,,114,2,1,0,2,0,
6277.806666666668,ready,57,,114,3,1,0,3,0,
6277.806666666668,axi_start,57,,114,3,1,0,3,0,4
6278.838666666668,axi_done,57,,114,3,1,0,3,0,
6300.0,target_known,61,,,,,,,,
6300.0,lookup,58,miss,,,,,,,
6300.0,issue,58,,116,0,2,0,0,0,
6300.1,issue,58,,116,1,2,0,1,0,
6300.200000000001,issue,58,,116,2,2,0,2,0,
6300.300000000001,issue,58,,116,3,2,0,3,0,
6350.1,sensed,58,,116,0,2,0,0,0,
6350.1,transfer,58,,116,0,2,0,0,0,
6350.200000000001,sensed,58,,116,1,2,0,1,0,
6350.300000000001,sensed,58,,116,2,2,0,2,0,
6350.4000000000015,sensed,58,,116,3,2,0,3,0,
6356.976666666667,transfer,58,,116,1,2,0,1,0,
6357.176666666667,ready,58,,116,0,2,0,0,0,
6357.176666666667,axi_start,58,,116,0,2,0,0,0,4
6358.208666666667,axi_done,58,,116,0,2,0,0,0,
6363.853333333334,transfer,58,,116,2,2,0,2,0,
6364.053333333334,ready,58,,116,1,2,0,1,0,
6364.053333333334,axi_start,58,,116,1,2,0,1,0,4
6365.085333333334,axi_done,58,,116,1,2,0,1,0,
6370.730000000001,transfer,58,,116,3,2,0,3,0,
6370.930000000001,ready,58,,116,2,2,0,2,0,
6370.930000000001,axi_start,58,,116,2,2,0,2,0,4
6371.962000000001,axi_done,58,,116,2,2,0,2,0,
6377.806666666668,ready,58,,116,3,2,0,3,0,
6377.806666666668,axi_start,58,,116,3,2,0,3,0,4
6378.838666666668,axi_done,58,,116,3,2,0,3,0,
6400.0,target_known,62,,,,,,,,
6400.0,lookup,59,miss,,,,,,,
6400.0,issue,59,,118,0,3,0,0,0,
6400.1,issue,59,,118,1,3,0,1,0,
6400.200000000001,issue,59,,118,2,3,0,2,0,
6400.300000000001,issue,59,,118,3,3,0,3,0,
6450.1,sensed,59,,118,0,3,0,0,0,
6450.1,transfer,59,,118,0,3,0,0,0,
6450.200000000001,sensed,59,,118,1,3,0,1,0,
6450.300000000001,sensed,59,,118,2,3,0,2,0,
6450.4000000000015,sensed,59,,118,3,3,0,3,0,
6456.976666666667,transfer,59,,118,1,3,0,1,0,
6457.176666666667,ready,59,,118,0,3,0,0,0,
6457.176666666667,axi_start,59,,118,0,3,0,0,0,4
6458.208666666667,axi_done,59,,118,0,3,0,0,0,
6463.853333333334,transfer,59,,118,2,3,0,2,0,
6464.053333333334,ready,59,,118,1,3,0,1,0,
6464.053333333334,axi_start,59,,118,1,3,0,1,0,4
6465.085333333334,axi_done,59,,118,1,3,0,1,0,
6470.730000000001,transfer,59,,118,3,3,0,3,0,
6470.930000000001,ready,59,,118,2,3,0,2,0,
6470.930000000001,axi_start,59,,118,2,3,0,2,0,4
6471.962000000001,axi_done,59,,118,2,3,0,2,0,
6477.806666666668,ready,59,,118,3,3,0,3,0,
6477.806666666668,axi_start,59,,118,3,3,0,3,0,4
6478.838666666668,axi_done,59,,118,3,3,0,3,0,
6500.0,target_known,63,,,,,,,,
6500.0,lookup,60,miss,,,,,,,
6500.0,issue,60,,120,0,0,0,0,0,
6500.1,issue,60,,120,1,0,0,1,0,
6500.200000000001,issue,60,,120,2,0,0,2,0,
6500.300000000001,issue,60,,120,3,0,0,3,0,
6550.1,sensed,60,,120,0,0,0,0,0,
6550.1,transfer,60,,120,0,0,0,0,0,
6550.200000000001,sensed,60,,120,1,0,0,1,0,
6550.300000000001,sensed,60,,120,2,0,0,2,0,
6550.4000000000015,sensed,60,,120,3,0,0,3,0,
6556.976666666667,transfer,60,,120,1,0,0,1,0,
6557.176666666667,ready,60,,120,0,0,0,0,0,
6557.176666666667,axi_start,60,,120,0,0,0,0,0,4
6558.208666666667,axi_done,60,,120,0,0,0,0,0,
6563.853333333334,transfer,60,,120,2,0,0,2,0,
6564.053333333334,ready,60,,120,1,0,0,1,0,
6564.053333333334,axi_start,60,,120,1,0,0,1,0,4
6565.085333333334,axi_done,60,,120,1,0,0,1,0,
6570.730000000001,transfer,60,,120,3,0,0,3,0,
6570.930000000001,ready,60,,120,2,0,0,2,0,
6570.930000000001,axi_start,60,,120,2,0,0,2,0,4
6571.962000000001,axi_done,60,,120,2,0,0,2,0,
6577.806666666668,ready,60,,120,3,0,0,3,0,
6577.806666666668,axi_start,60,,120,3,0,0,3,0,4
6578.838666666668,axi_done,60,,120,3,0,0,3,0,
6600.0,target_known,64,,,,,,,,
6600.0,lookup,61,miss,,,,,,,
6600.0,issue,61,,122,0,1,0,0,0,
6600.1,issue,61,,122,1,1,0,1,0,
6600.200000000001,issue,61,,122,2,1,0,2,0,
6600.300000000001,issue,61,,122,3,1,0,3,0,
6650.1,sensed,61,,122,0,1,0,0,0,
6650.1,transfer,61,,122,0,1,0,0,0,
6650.200000000001,sensed,61,,122,1,1,0,1,0,
6650.300000000001,sensed,61,,122,2,1,0,2,0,
6650.4000000000015,sensed,61,,122,3,1,0,3,0,
6656.976666666667,transfer,61,,122,1,1,0,1,0,
6657.176666666667,ready,61,,122,0,1,0,0,0,
6657.176666666667,axi_start,61,,122,0,1,0,0,0,4
6658.208666666667,axi_done,61,,122,0,1,0,0,0,
6663.853333333334,transfer,61,,122,2,1,0,2,0,
6664.053333333334,ready,61,,122,1,1,0,1,0,
6664.053333333334,axi_start,61,,122,1,1,0,1,0,4
6665.085333333334,axi_done,61,,122,1,1,0,1,0,
6670.730000000001,transfer,61,,122,3,1,0,3,0,
6670.930000000001,ready,61,,122,2,1,0,2,0,
6670.930000000001,axi_start,61,,122,2,1,0,2,0,4
6671.962000000001,axi_done,61,,122,2,1,0,2,0,
6677.806666666668,ready,61,,122,3,1,0,3,0,
6677.806666666668,axi_start,61,,122,3,1,0,3,0,4
6678.838666666668,axi_done,61,,122,3,1,0,3,0,
6700.0,target_known,65,,,,,,,,
6700.0,lookup,62,miss,,,,,,,
6700.0,issue,62,,124,0,2,0,0,0,
6700.1,issue,62,,124,1,2,0,1,0,
6700.200000000001,issue,62,,124,2,2,0,2,0,
6700.300000000001,issue,62,,124,3,2,0,3,0,
6750.1,sensed,62,,124,0,2,0,0,0,
6750.1,transfer,62,,124,0,2,0,0,0,
6750.200000000001,sensed,62,,124,1,2,0,1,0,
6750.300000000001,sensed,62,,124,2,2,0,2,0,
6750.4000000000015,sensed,62,,124,3,2,0,3,0,
6756.976666666667,transfer,62,,124,1,2,0,1,0,
6757.176666666667,ready,62,,124,0,2,0,0,0,
6757.176666666667,axi_start,62,,124,0,2,0,0,0,4
6758.208666666667,axi_done,62,,124,0,2,0,0,0,
6763.853333333334,transfer,62,,124,2,2,0,2,0,
6764.053333333334,ready,62,,124,1,2,0,1,0,
6764.053333333334,axi_start,62,,124,1,2,0,1,0,4
6765.085333333334,axi_done,62,,124,1,2,0,1,0,
6770.730000000001,transfer,62,,124,3,2,0,3,0,
6770.930000000001,ready,62,,124,2,2,0,2,0,
6770.930000000001,axi_start,62,,124,2,2,0,2,0,4
6771.962000000001,axi_done,62,,124,2,2,0,2,0,
6777.806666666668,ready,62,,124,3,2,0,3,0,
6777.806666666668,axi_start,62,,124,3,2,0,3,0,4
6778.838666666668,axi_done,62,,124,3,2,0,3,0,
6800.0,target_known,66,,,,,,,,
6800.0,lookup,63,miss,,,,,,,
6800.0,issue,63,,126,0,3,0,0,0,
6800.1,issue,63,,126,1,3,0,1,0,
6800.200000000001,issue,63,,126,2,3,0,2,0,
6800.300000000001,issue,63,,126,3,3,0,3,0,
6850.1,sensed,63,,126,0,3,0,0,0,
6850.1,transfer,63,,126,0,3,0,0,0,
6850.200000000001,sensed,63,,126,1,3,0,1,0,
6850.300000000001,sensed,63,,126,2,3,0,2,0,
6850.4000000000015,sensed,63,,126,3,3,0,3,0,
6856.976666666667,transfer,63,,126,1,3,0,1,0,
6857.176666666667,ready,63,,126,0,3,0,0,0,
6857.176666666667,axi_start,63,,126,0,3,0,0,0,4
6858.208666666667,axi_done,63,,126,0,3,0,0,0,
6863.853333333334,transfer,63,,126,2,3,0,2,0,
6864.053333333334,ready,63,,126,1,3,0,1,0,
6864.053333333334,axi_start,63,,126,1,3,0,1,0,4
6865.085333333334,axi_done,63,,126,1,3,0,1,0,
6870.730000000001,transfer,63,,126,3,3,0,3,0,
6870.930000000001,ready,63,,126,2,3,0,2,0,
6870.930000000001,axi_start,63,,126,2,3,0,2,0,4
6871.962000000001,axi_done,63,,126,2,3,0,2,0,
6877.806666666668,ready,63,,126,3,3,0,3,0,
6877.806666666668,axi_start,63,,126,3,3,0,3,0,4
6878.838666666668,axi_done,63,,126,3,3,0,3,0,
6900.0,target_known,67,,,,,,,,
6900.0,lookup,64,miss,,,,,,,
6900.0,issue,64,,128,0,0,0,0,0,
6900.1,issue,64,,128,1,0,0,1,0,
6900.200000000001,issue,64,,128,2,0,0,2,0,
6900.300000000001,issue,64,,128,3,0,0,3,0,
6950.1,sensed,64,,128,0,0,0,0,0,
6950.1,transfer,64,,128,0,0,0,0,0,
6950.200000000001,sensed,64,,128,1,0,0,1,0,
6950.300000000001,sensed,64,,128,2,0,0,2,0,
6950.4000000000015,sensed,64,,128,3,0,0,3,0,
6956.976666666667,transfer,64,,128,1,0,0,1,0,
6957.176666666667,ready,64,,128,0,0,0,0,0,
6957.176666666667,axi_start,64,,128,0,0,0,0,0,4
6958.208666666667,axi_done,64,,128,0,0,0,0,0,
6963.853333333334,transfer,64,,128,2,0,0,2,0,
6964.053333333334,ready,64,,128,1,0,0,1,0,
6964.053333333334,axi_start,64,,128,1,0,0,1,0,4
6965.085333333334,axi_done,64,,128,1,0,0,1,0,
6970.730000000001,transfer,64,,128,3,0,0,3,0,
6970.930000000001,ready,64,,128,2,0,0,2,0,
6970.930000000001,axi_start,64,,128,2,0,0,2,0,4
6971.962000000001,axi_done,64,,128,2,0,0,2,0,
6977.806666666668,ready,64,,128,3,0,0,3,0,
6977.806666666668,axi_start,64,,128,3,0,0,3,0,4
6978.838666666668,axi_done,64,,128,3,0,0,3,0,
7000.0,target_known,68,,,,,,,,
7000.0,lookup,65,miss,,,,,,,
7000.0,issue,65,,130,0,1,0,0,0,
7000.1,issue,65,,130,1,1,0,1,0,
7000.200000000001,issue,65,,130,2,1,0,2,0,
7000.300000000001,issue,65,,130,3,1,0,3,0,
7050.1,sensed,65,,130,0,1,0,0,0,
7050.1,transfer,65,,130,0,1,0,0,0,
7050.200000000001,sensed,65,,130,1,1,0,1,0,
7050.300000000001,sensed,65,,130,2,1,0,2,0,
7050.4000000000015,sensed,65,,130,3,1,0,3,0,
7056.976666666667,transfer,65,,130,1,1,0,1,0,
7057.176666666667,ready,65,,130,0,1,0,0,0,
7057.176666666667,axi_start,65,,130,0,1,0,0,0,4
7058.208666666667,axi_done,65,,130,0,1,0,0,0,
7063.853333333334,transfer,65,,130,2,1,0,2,0,
7064.053333333334,ready,65,,130,1,1,0,1,0,
7064.053333333334,axi_start,65,,130,1,1,0,1,0,4
7065.085333333334,axi_done,65,,130,1,1,0,1,0,
7070.730000000001,transfer,65,,130,3,1,0,3,0,
7070.930000000001,ready,65,,130,2,1,0,2,0,
7070.930000000001,axi_start,65,,130,2,1,0,2,0,4
7071.962000000001,axi_done,65,,130,2,1,0,2,0,
7077.806666666668,ready,65,,130,3,1,0,3,0,
7077.806666666668,axi_start,65,,130,3,1,0,3,0,4
7078.838666666668,axi_done,65,,130,3,1,0,3,0,
7100.0,target_known,69,,,,,,,,
7100.0,lookup,66,miss,,,,,,,
7100.0,issue,66,,132,0,2,0,0,0,
7100.1,issue,66,,132,1,2,0,1,0,
7100.200000000001,issue,66,,132,2,2,0,2,0,
7100.300000000001,issue,66,,132,3,2,0,3,0,
7150.1,sensed,66,,132,0,2,0,0,0,
7150.1,transfer,66,,132,0,2,0,0,0,
7150.200000000001,sensed,66,,132,1,2,0,1,0,
7150.300000000001,sensed,66,,132,2,2,0,2,0,
7150.4000000000015,sensed,66,,132,3,2,0,3,0,
7156.976666666667,transfer,66,,132,1,2,0,1,0,
7157.176666666667,ready,66,,132,0,2,0,0,0,
7157.176666666667,axi_start,66,,132,0,2,0,0,0,4
7158.208666666667,axi_done,66,,132,0,2,0,0,0,
7163.853333333334,transfer,66,,132,2,2,0,2,0,
7164.053333333334,ready,66,,132,1,2,0,1,0,
7164.053333333334,axi_start,66,,132,1,2,0,1,0,4
7165.085333333334,axi_done,66,,132,1,2,0,1,0,
7170.730000000001,transfer,66,,132,3,2,0,3,0,
7170.930000000001,ready,66,,132,2,2,0,2,0,
7170.930000000001,axi_start,66,,132,2,2,0,2,0,4
7171.962000000001,axi_done,66,,132,2,2,0,2,0,
7177.806666666668,ready,66,,132,3,2,0,3,0,
7177.806666666668,axi_start,66,,132,3,2,0,3,0,4
7178.838666666668,axi_done,66,,132,3,2,0,3,0,
7200.0,target_known,70,,,,,,,,
7200.0,lookup,67,miss,,,,,,,
7200.0,issue,67,,134,0,3,0,0,0,
7200.1,issue,67,,134,1,3,0,1,0,
7200.200000000001,issue,67,,134,2,3,0,2,0,
7200.300000000001,issue,67,,134,3,3,0,3,0,
7250.1,sensed,67,,134,0,3,0,0,0,
7250.1,transfer,67,,134,0,3,0,0,0,
7250.200000000001,sensed,67,,134,1,3,0,1,0,
7250.300000000001,sensed,67,,134,2,3,0,2,0,
7250.4000000000015,sensed,67,,134,3,3,0,3,0,
7256.976666666667,transfer,67,,134,1,3,0,1,0,
7257.176666666667,ready,67,,134,0,3,0,0,0,
7257.176666666667,axi_start,67,,134,0,3,0,0,0,4
7258.208666666667,axi_done,67,,134,0,3,0,0,0,
7263.853333333334,transfer,67,,134,2,3,0,2,0,
7264.053333333334,ready,67,,134,1,3,0,1,0,
7264.053333333334,axi_start,67,,134,1,3,0,1,0,4
7265.085333333334,axi_done,67,,134,1,3,0,1,0,
7270.730000000001,transfer,67,,134,3,3,0,3,0,
7270.930000000001,ready,67,,134,2,3,0,2,0,
7270.930000000001,axi_start,67,,134,2,3,0,2,0,4
7271.962000000001,axi_done,67,,134,2,3,0,2,0,
7277.806666666668,ready,67,,134,3,3,0,3,0,
7277.806666666668,axi_start,67,,134,3,3,0,3,0,4
7278.838666666668,axi_done,67,,134,3,3,0,3,0,
7300.0,target_known,71,,,,,,,,
7300.0,lookup,68,miss,,,,,,,
7300.0,issue,68,,136,0,0,0,0,0,
7300.1,issue,68,,136,1,0,0,1,0,
7300.200000000001,issue,68,,136,2,0,0,2,0,
7300.300000000001,issue,68,,136,3,0,0,3,0,
7350.1,sensed,68,,136,0,0,0,0,0,
7350.1,transfer,68,,136,0,0,0,0,0,
7350.200000000001,sensed,68,,136,1,0,0,1,0,
7350.300000000001,sensed,68,,136,2,0,0,2,0,
7350.4000000000015,sensed,68,,136,3,0,0,3,0,
7356.976666666667,transfer,68,,136,1,0,0,1,0,
7357.176666666667,ready,68,,136,0,0,0,0,0,
7357.176666666667,axi_start,68,,136,0,0,0,0,0,4
7358.208666666667,axi_done,68,,136,0,0,0,0,0,
7363.853333333334,transfer,68,,136,2,0,0,2,0,
7364.053333333334,ready,68,,136,1,0,0,1,0,
7364.053333333334,axi_start,68,,136,1,0,0,1,0,4
7365.085333333334,axi_done,68,,136,1,0,0,1,0,
7370.730000000001,transfer,68,,136,3,0,0,3,0,
7370.930000000001,ready,68,,136,2,0,0,2,0,
7370.930000000001,axi_start,68,,136,2,0,0,2,0,4
7371.962000000001,axi_done,68,,136,2,0,0,2,0,
7377.806666666668,ready,68,,136,3,0,0,3,0,
7377.806666666668,axi_start,68,,136,3,0,0,3,0,4
7378.838666666668,axi_done,68,,136,3,0,0,3,0,
7400.0,target_known,72,,,,,,,,
7400.0,lookup,69,miss,,,,,,,
7400.0,issue,69,,138,0,1,0,0,0,
7400.1,issue,69,,138,1,1,0,1,0,
7400.200000000001,issue,69,,138,2,1,0,2,0,
7400.300000000001,issue,69,,138,3,1,0,3,0,
7450.1,sensed,69,,138,0,1,0,0,0,
7450.1,transfer,69,,138,0,1,0,0,0,
7450.200000000001,sensed,69,,138,1,1,0,1,0,
7450.300000000001,sensed,69,,138,2,1,0,2,0,
7450.4000000000015,sensed,69,,138,3,1,0,3,0,
7456.976666666667,transfer,69,,138,1,1,0,1,0,
7457.176666666667,ready,69,,138,0,1,0,0,0,
7457.176666666667,axi_start,69,,138,0,1,0,0,0,4
7458.208666666667,axi_done,69,,138,0,1,0,0,0,
7463.853333333334,transfer,69,,138,2,1,0,2,0,
7464.053333333334,ready,69,,138,1,1,0,1,0,
7464.053333333334,axi_start,69,,138,1,1,0,1,0,4
7465.085333333334,axi_done,69,,138,1,1,0,1,0,
7470.730000000001,transfer,69,,138,3,1,0,3,0,
7470.930000000001,ready,69,,138,2,1,0,2,0,
7470.930000000001,axi_start,69,,138,2,1,0,2,0,4
7471.962000000001,axi_done,69,,138,2,1,0,2,0,
7477.806666666668,ready,69,,138,3,1,0,3,0,
7477.806666666668,axi_start,69,,138,3,1,0,3,0,4
7478.838666666668,axi_done,69,,138,3,1,0,3,0,
7500.0,target_known,73,,,,,,,,
7500.0,lookup,70,miss,,,,,,,
7500.0,issue,70,,140,0,2,0,0,0,
7500.1,issue,70,,140,1,2,0,1,0,
7500.200000000001,issue,70,,140,2,2,0,2,0,
7500.300000000001,issue,70,,140,3,2,0,3,0,
7550.1,sensed,70,,140,0,2,0,0,0,
7550.1,transfer,70,,140,0,2,0,0,0,
7550.200000000001,sensed,70,,140,1,2,0,1,0,
7550.300000000001,sensed,70,,140,2,2,0,2,0,
7550.4000000000015,sensed,70,,140,3,2,0,3,0,
7556.976666666667,transfer,70,,140,1,2,0,1,0,
7557.176666666667,ready,70,,140,0,2,0,0,0,
7557.176666666667,axi_start,70,,140,0,2,0,0,0,4
7558.208666666667,axi_done,70,,140,0,2,0,0,0,
7563.853333333334,transfer,70,,140,2,2,0,2,0,
7564.053333333334,ready,70,,140,1,2,0,1,0,
7564.053333333334,axi_start,70,,140,1,2,0,1,0,4
7565.085333333334,axi_done,70,,140,1,2,0,1,0,
7570.730000000001,transfer,70,,140,3,2,0,3,0,
7570.930000000001,ready,70,,140,2,2,0,2,0,
7570.930000000001,axi_start,70,,140,2,2,0,2,0,4
7571.962000000001,axi_done,70,,140,2,2,0,2,0,
7577.806666666668,ready,70,,140,3,2,0,3,0,
7577.806666666668,axi_start,70,,140,3,2,0,3,0,4
7578.838666666668,axi_done,70,,140,3,2,0,3,0,
7600.0,target_known,74,,,,,,,,
7600.0,lookup,71,miss,,,,,,,
7600.0,issue,71,,142,0,3,0,0,0,
7600.1,issue,71,,142,1,3,0,1,0,
7600.200000000001,issue,71,,142,2,3,0,2,0,
7600.300000000001,issue,71,,142,3,3,0,3,0,
7650.1,sensed,71,,142,0,3,0,0,0,
7650.1,transfer,71,,142,0,3,0,0,0,
7650.200000000001,sensed,71,,142,1,3,0,1,0,
7650.300000000001,sensed,71,,142,2,3,0,2,0,
7650.4000000000015,sensed,71,,142,3,3,0,3,0,
7656.976666666667,transfer,71,,142,1,3,0,1,0,
7657.176666666667,ready,71,,142,0,3,0,0,0,
7657.176666666667,axi_start,71,,142,0,3,0,0,0,4
7658.208666666667,axi_done,71,,142,0,3,0,0,0,
7663.853333333334,transfer,71,,142,2,3,0,2,0,
7664.053333333334,ready,71,,142,1,3,0,1,0,
7664.053333333334,axi_start,71,,142,1,3,0,1,0,4
7665.085333333334,axi_done,71,,142,1,3,0,1,0,
7670.730000000001,transfer,71,,142,3,3,0,3,0,
7670.930000000001,ready,71,,142,2,3,0,2,0,
7670.930000000001,axi_start,71,,142,2,3,0,2,0,4
7671.962000000001,axi_done,71,,142,2,3,0,2,0,
7677.806666666668,ready,71,,142,3,3,0,3,0,
7677.806666666668,axi_start,71,,142,3,3,0,3,0,4
7678.838666666668,axi_done,71,,142,3,3,0,3,0,
7700.0,target_known,75,,,,,,,,
7700.0,lookup,72,miss,,,,,,,
7700.0,issue,72,,144,0,0,0,0,0,
7700.1,issue,72,,144,1,0,0,1,0,
7700.200000000001,issue,72,,144,2,0,0,2,0,
7700.300000000001,issue,72,,144,3,0,0,3,0,
7750.1,sensed,72,,144,0,0,0,0,0,
7750.1,transfer,72,,144,0,0,0,0,0,
7750.200000000001,sensed,72,,144,1,0,0,1,0,
7750.300000000001,sensed,72,,144,2,0,0,2,0,
7750.4000000000015,sensed,72,,144,3,0,0,3,0,
7756.976666666667,transfer,72,,144,1,0,0,1,0,
7757.176666666667,ready,72,,144,0,0,0,0,0,
7757.176666666667,axi_start,72,,144,0,0,0,0,0,4
7758.208666666667,axi_done,72,,144,0,0,0,0,0,
7763.853333333334,transfer,72,,144,2,0,0,2,0,
7764.053333333334,ready,72,,144,1,0,0,1,0,
7764.053333333334,axi_start,72,,144,1,0,0,1,0,4
7765.085333333334,axi_done,72,,144,1,0,0,1,0,
7770.730000000001,transfer,72,,144,3,0,0,3,0,
7770.930000000001,ready,72,,144,2,0,0,2,0,
7770.930000000001,axi_start,72,,144,2,0,0,2,0,4
7771.962000000001,axi_done,72,,144,2,0,0,2,0,
7777.806666666668,ready,72,,144,3,0,0,3,0,
7777.806666666668,axi_start,72,,144,3,0,0,3,0,4
7778.838666666668,axi_done,72,,144,3,0,0,3,0,
7800.0,target_known,76,,,,,,,,
7800.0,lookup,73,miss,,,,,,,
7800.0,issue,73,,146,0,1,0,0,0,
7800.1,issue,73,,146,1,1,0,1,0,
7800.200000000001,issue,73,,146,2,1,0,2,0,
7800.300000000001,issue,73,,146,3,1,0,3,0,
7850.1,sensed,73,,146,0,1,0,0,0,
7850.1,transfer,73,,146,0,1,0,0,0,
7850.200000000001,sensed,73,,146,1,1,0,1,0,
7850.300000000001,sensed,73,,146,2,1,0,2,0,
7850.4000000000015,sensed,73,,146,3,1,0,3,0,
7856.976666666667,transfer,73,,146,1,1,0,1,0,
7857.176666666667,ready,73,,146,0,1,0,0,0,
7857.176666666667,axi_start,73,,146,0,1,0,0,0,4
7858.208666666667,axi_done,73,,146,0,1,0,0,0,
7863.853333333334,transfer,73,,146,2,1,0,2,0,
7864.053333333334,ready,73,,146,1,1,0,1,0,
7864.053333333334,axi_start,73,,146,1,1,0,1,0,4
7865.085333333334,axi_done,73,,146,1,1,0,1,0,
7870.730000000001,transfer,73,,146,3,1,0,3,0,
7870.930000000001,ready,73,,146,2,1,0,2,0,
7870.930000000001,axi_start,73,,146,2,1,0,2,0,4
7871.962000000001,axi_done,73,,146,2,1,0,2,0,
7877.806666666668,ready,73,,146,3,1,0,3,0,
7877.806666666668,axi_start,73,,146,3,1,0,3,0,4
7878.838666666668,axi_done,73,,146,3,1,0,3,0,
7900.0,target_known,77,,,,,,,,
7900.0,lookup,74,miss,,,,,,,
7900.0,issue,74,,148,0,2,0,0,0,
7900.1,issue,74,,148,1,2,0,1,0,
7900.200000000001,issue,74,,148,2,2,0,2,0,
7900.300000000001,issue,74,,148,3,2,0,3,0,
7950.1,sensed,74,,148,0,2,0,0,0,
7950.1,transfer,74,,148,0,2,0,0,0,
7950.200000000001,sensed,74,,148,1,2,0,1,0,
7950.300000000001,sensed,74,,148,2,2,0,2,0,
7950.4000000000015,sensed,74,,148,3,2,0,3,0,
7956.976666666667,transfer,74,,148,1,2,0,1,0,
7957.176666666667,ready,74,,148,0,2,0,0,0,
7957.176666666667,axi_start,74,,148,0,2,0,0,0,4
7958.208666666667,axi_done,74,,148,0,2,0,0,0,
7963.853333333334,transfer,74,,148,2,2,0,2,0,
7964.053333333334,ready,74,,148,1,2,0,1,0,
7964.053333333334,axi_start,74,,148,1,2,0,1,0,4
7965.085333333334,axi_done,74,,148,1,2,0,1,0,
7970.730000000001,transfer,74,,148,3,2,0,3,0,
7970.930000000001,ready,74,,148,2,2,0,2,0,
7970.930000000001,axi_start,74,,148,2,2,0,2,0,4
7971.962000000001,axi_done,74,,148,2,2,0,2,0,
7977.806666666668,ready,74,,148,3,2,0,3,0,
7977.806666666668,axi_start,74,,148,3,2,0,3,0,4
7978.838666666668,axi_done,74,,148,3,2,0,3,0,
8000.0,target_known,78,,,,,,,,
8000.0,lookup,75,miss,,,,,,,
8000.0,issue,75,,150,0,3,0,0,0,
8000.1,issue,75,,150,1,3,0,1,0,
8000.200000000001,issue,75,,150,2,3,0,2,0,
8000.300000000001,issue,75,,150,3,3,0,3,0,
8050.1,sensed,75,,150,0,3,0,0,0,
8050.1,transfer,75,,150,0,3,0,0,0,
8050.200000000001,sensed,75,,150,1,3,0,1,0,
8050.300000000001,sensed,75,,150,2,3,0,2,0,
8050.4000000000015,sensed,75,,150,3,3,0,3,0,
8056.976666666667,transfer,75,,150,1,3,0,1,0,
8057.176666666667,ready,75,,150,0,3,0,0,0,
8057.176666666667,axi_start,75,,150,0,3,0,0,0,4
8058.208666666667,axi_done,75,,150,0,3,0,0,0,
8063.853333333334,transfer,75,,150,2,3,0,2,0,
8064.053333333334,ready,75,,150,1,3,0,1,0,
8064.053333333334,axi_start,75,,150,1,3,0,1,0,4
8065.085333333334,axi_done,75,,150,1,3,0,1,0,
8070.730000000001,transfer,75,,150,3,3,0,3,0,
8070.930000000001,ready,75,,150,2,3,0,2,0,
8070.930000000001,axi_start,75,,150,2,3,0,2,0,4
8071.962000000001,axi_done,75,,150,2,3,0,2,0,
8077.806666666668,ready,75,,150,3,3,0,3,0,
8077.806666666668,axi_start,75,,150,3,3,0,3,0,4
8078.838666666668,axi_done,75,,150,3,3,0,3,0,
8100.0,target_known,79,,,,,,,,
8100.0,lookup,76,miss,,,,,,,
8100.0,issue,76,,152,0,0,0,0,0,
8100.1,issue,76,,152,1,0,0,1,0,
8100.200000000001,issue,76,,152,2,0,0,2,0,
8100.300000000001,issue,76,,152,3,0,0,3,0,
8150.1,sensed,76,,152,0,0,0,0,0,
8150.1,transfer,76,,152,0,0,0,0,0,
8150.200000000001,sensed,76,,152,1,0,0,1,0,
8150.300000000001,sensed,76,,152,2,0,0,2,0,
8150.4000000000015,sensed,76,,152,3,0,0,3,0,
8156.976666666667,transfer,76,,152,1,0,0,1,0,
8157.176666666667,ready,76,,152,0,0,0,0,0,
8157.176666666667,axi_start,76,,152,0,0,0,0,0,4
8158.208666666667,axi_done,76,,152,0,0,0,0,0,
8163.853333333334,transfer,76,,152,2,0,0,2,0,
8164.053333333334,ready,76,,152,1,0,0,1,0,
8164.053333333334,axi_start,76,,152,1,0,0,1,0,4
8165.085333333334,axi_done,76,,152,1,0,0,1,0,
8170.730000000001,transfer,76,,152,3,0,0,3,0,
8170.930000000001,ready,76,,152,2,0,0,2,0,
8170.930000000001,axi_start,76,,152,2,0,0,2,0,4
8171.962000000001,axi_done,76,,152,2,0,0,2,0,
8177.806666666668,ready,76,,152,3,0,0,3,0,
8177.806666666668,axi_start,76,,152,3,0,0,3,0,4
8178.838666666668,axi_done,76,,152,3,0,0,3,0,
8200.0,target_known,80,,,,,,,,
8200.0,lookup,77,miss,,,,,,,
8200.0,issue,77,,154,0,1,0,0,0,
8200.1,issue,77,,154,1,1,0,1,0,
8200.2,issue,77,,154,2,1,0,2,0,
8200.300000000001,issue,77,,154,3,1,0,3,0,
8250.1,sensed,77,,154,0,1,0,0,0,
8250.1,transfer,77,,154,0,1,0,0,0,
8250.2,sensed,77,,154,1,1,0,1,0,
8250.300000000001,sensed,77,,154,2,1,0,2,0,
8250.400000000001,sensed,77,,154,3,1,0,3,0,
8256.976666666667,transfer,77,,154,1,1,0,1,0,
8257.176666666668,ready,77,,154,0,1,0,0,0,
8257.176666666668,axi_start,77,,154,0,1,0,0,0,4
8258.208666666667,axi_done,77,,154,0,1,0,0,0,
8263.853333333334,transfer,77,,154,2,1,0,2,0,
8264.053333333335,ready,77,,154,1,1,0,1,0,
8264.053333333335,axi_start,77,,154,1,1,0,1,0,4
8265.085333333334,axi_done,77,,154,1,1,0,1,0,
8270.730000000001,transfer,77,,154,3,1,0,3,0,
8270.930000000002,ready,77,,154,2,1,0,2,0,
8270.930000000002,axi_start,77,,154,2,1,0,2,0,4
8271.962000000001,axi_done,77,,154,2,1,0,2,0,
8277.80666666667,ready,77,,154,3,1,0,3,0,
8277.80666666667,axi_start,77,,154,3,1,0,3,0,4
8278.838666666668,axi_done,77,,154,3,1,0,3,0,
8300.0,target_known,81,,,,,,,,
8300.0,lookup,78,miss,,,,,,,
8300.0,issue,78,,156,0,2,0,0,0,
8300.1,issue,78,,156,1,2,0,1,0,
8300.2,issue,78,,156,2,2,0,2,0,
8300.300000000001,issue,78,,156,3,2,0,3,0,
8350.1,sensed,78,,156,0,2,0,0,0,
8350.1,transfer,78,,156,0,2,0,0,0,
8350.2,sensed,78,,156,1,2,0,1,0,
8350.300000000001,sensed,78,,156,2,2,0,2,0,
8350.400000000001,sensed,78,,156,3,2,0,3,0,
8356.976666666667,transfer,78,,156,1,2,0,1,0,
8357.176666666668,ready,78,,156,0,2,0,0,0,
8357.176666666668,axi_start,78,,156,0,2,0,0,0,4
8358.208666666667,axi_done,78,,156,0,2,0,0,0,
8363.853333333334,transfer,78,,156,2,2,0,2,0,
8364.053333333335,ready,78,,156,1,2,0,1,0,
8364.053333333335,axi_start,78,,156,1,2,0,1,0,4
8365.085333333334,axi_done,78,,156,1,2,0,1,0,
8370.730000000001,transfer,78,,156,3,2,0,3,0,
8370.930000000002,ready,78,,156,2,2,0,2,0,
8370.930000000002,axi_start,78,,156,2,2,0,2,0,4
8371.962000000001,axi_done,78,,156,2,2,0,2,0,
8377.80666666667,ready,78,,156,3,2,0,3,0,
8377.80666666667,axi_start,78,,156,3,2,0,3,0,4
8378.838666666668,axi_done,78,,156,3,2,0,3,0,
8400.0,target_known,82,,,,,,,,
8400.0,lookup,79,miss,,,,,,,
8400.0,issue,79,,158,0,3,0,0,0,
8400.1,issue,79,,158,1,3,0,1,0,
8400.2,issue,79,,158,2,3,0,2,0,
8400.300000000001,issue,79,,158,3,3,0,3,0,
8450.1,sensed,79,,158,0,3,0,0,0,
8450.1,transfer,79,,158,0,3,0,0,0,
8450.2,sensed,79,,158,1,3,0,1,0,
8450.300000000001,sensed,79,,158,2,3,0,2,0,
8450.400000000001,sensed,79,,158,3,3,0,3,0,
8456.976666666667,transfer,79,,158,1,3,0,1,0,
8457.176666666668,ready,79,,158,0,3,0,0,0,
8457.176666666668,axi_start,79,,158,0,3,0,0,0,4
8458.208666666667,axi_done,79,,158,0,3,0,0,0,
8463.853333333334,transfer,79,,158,2,3,0,2,0,
8464.053333333335,ready,79,,158,1,3,0,1,0,
8464.053333333335,axi_start,79,,158,1,3,0,1,0,4
8465.085333333334,axi_done,79,,158,1,3,0,1,0,
8470.730000000001,transfer,79,,158,3,3,0,3,0,
8470.930000000002,ready,79,,158,2,3,0,2,0,
8470.930000000002,axi_start,79,,158,2,3,0,2,0,4
8471.962000000001,axi_done,79,,158,2,3,0,2,0,
8477.80666666667,ready,79,,158,3,3,0,3,0,
8477.80666666667,axi_start,79,,158,3,3,0,3,0,4
8478.838666666668,axi_done,79,,158,3,3,0,3,0,
8500.0,target_known,83,,,,,,,,
8500.0,lookup,80,miss,,,,,,,
8500.0,issue,80,,160,0,0,0,0,0,
8500.1,issue,80,,160,1,0,0,1,0,
8500.2,issue,80,,160,2,0,0,2,0,
8500.300000000001,issue,80,,160,3,0,0,3,0,
8550.1,sensed,80,,160,0,0,0,0,0,
8550.1,transfer,80,,160,0,0,0,0,0,
8550.2,sensed,80,,160,1,0,0,1,0,
8550.300000000001,sensed,80,,160,2,0,0,2,0,
8550.400000000001,sensed,80,,160,3,0,0,3,0,
8556.976666666667,transfer,80,,160,1,0,0,1,0,
8557.176666666668,ready,80,,160,0,0,0,0,0,
8557.176666666668,axi_start,80,,160,0,0,0,0,0,4
8558.208666666667,axi_done,80,,160,0,0,0,0,0,
8563.853333333334,transfer,80,,160,2,0,0,2,0,
8564.053333333335,ready,80,,160,1,0,0,1,0,
8564.053333333335,axi_start,80,,160,1,0,0,1,0,4
8565.085333333334,axi_done,80,,160,1,0,0,1,0,
8570.730000000001,transfer,80,,160,3,0,0,3,0,
8570.930000000002,ready,80,,160,2,0,0,2,0,
8570.930000000002,axi_start,80,,160,2,0,0,2,0,4
8571.962000000001,axi_done,80,,160,2,0,0,2,0,
8577.80666666667,ready,80,,160,3,0,0,3,0,
8577.80666666667,axi_start,80,,160,3,0,0,3,0,4
8578.838666666668,axi_done,80,,160,3,0,0,3,0,
8600.0,target_known,84,,,,,,,,
8600.0,lookup,81,miss,,,,,,,
8600.0,issue,81,,162,0,1,0,0,0,
8600.1,issue,81,,162,1,1,0,1,0,
8600.2,issue,81,,162,2,1,0,2,0,
8600.300000000001,issue,81,,162,3,1,0,3,0,
8650.1,sensed,81,,162,0,1,0,0,0,
8650.1,transfer,81,,162,0,1,0,0,0,
8650.2,sensed,81,,162,1,1,0,1,0,
8650.300000000001,sensed,81,,162,2,1,0,2,0,
8650.400000000001,sensed,81,,162,3,1,0,3,0,
8656.976666666667,transfer,81,,162,1,1,0,1,0,
8657.176666666668,ready,81,,162,0,1,0,0,0,
8657.176666666668,axi_start,81,,162,0,1,0,0,0,4
8658.208666666667,axi_done,81,,162,0,1,0,0,0,
8663.853333333334,transfer,81,,162,2,1,0,2,0,
8664.053333333335,ready,81,,162,1,1,0,1,0,
8664.053333333335,axi_start,81,,162,1,1,0,1,0,4
8665.085333333334,axi_done,81,,162,1,1,0,1,0,
8670.730000000001,transfer,81,,162,3,1,0,3,0,
8670.930000000002,ready,81,,162,2,1,0,2,0,
8670.930000000002,axi_start,81,,162,2,1,0,2,0,4
8671.962000000001,axi_done,81,,162,2,1,0,2,0,
8677.80666666667,ready,81,,162,3,1,0,3,0,
8677.80666666667,axi_start,81,,162,3,1,0,3,0,4
8678.838666666668,axi_done,81,,162,3,1,0,3,0,
8700.0,target_known,85,,,,,,,,
8700.0,lookup,82,miss,,,,,,,
8700.0,issue,82,,164,0,2,0,0,0,
8700.1,issue,82,,164,1,2,0,1,0,
8700.2,issue,82,,164,2,2,0,2,0,
8700.300000000001,issue,82,,164,3,2,0,3,0,
8750.1,sensed,82,,164,0,2,0,0,0,
8750.1,transfer,82,,164,0,2,0,0,0,
8750.2,sensed,82,,164,1,2,0,1,0,
8750.300000000001,sensed,82,,164,2,2,0,2,0,
8750.400000000001,sensed,82,,164,3,2,0,3,0,
8756.976666666667,transfer,82,,164,1,2,0,1,0,
8757.176666666668,ready,82,,164,0,2,0,0,0,
8757.176666666668,axi_start,82,,164,0,2,0,0,0,4
8758.208666666667,axi_done,82,,164,0,2,0,0,0,
8763.853333333334,transfer,82,,164,2,2,0,2,0,
8764.053333333335,ready,82,,164,1,2,0,1,0,
8764.053333333335,axi_start,82,,164,1,2,0,1,0,4
8765.085333333334,axi_done,82,,164,1,2,0,1,0,
8770.730000000001,transfer,82,,164,3,2,0,3,0,
8770.930000000002,ready,82,,164,2,2,0,2,0,
8770.930000000002,axi_start,82,,164,2,2,0,2,0,4
8771.962000000001,axi_done,82,,164,2,2,0,2,0,
8777.80666666667,ready,82,,164,3,2,0,3,0,
8777.80666666667,axi_start,82,,164,3,2,0,3,0,4
8778.838666666668,axi_done,82,,164,3,2,0,3,0,
8800.0,target_known,86,,,,,,,,
8800.0,lookup,83,miss,,,,,,,
8800.0,issue,83,,166,0,3,0,0,0,
8800.1,issue,83,,166,1,3,0,1,0,
8800.2,issue,83,,166,2,3,0,2,0,
8800.300000000001,issue,83,,166,3,3,0,3,0,
8850.1,sensed,83,,166,0,3,0,0,0,
8850.1,transfer,83,,166,0,3,0,0,0,
8850.2,sensed,83,,166,1,3,0,1,0,
8850.300000000001,sensed,83,,166,2,3,0,2,0,
8850.400000000001,sensed,83,,166,3,3,0,3,0,
8856.976666666667,transfer,83,,166,1,3,0,1,0,
8857.176666666668,ready,83,,166,0,3,0,0,0,
8857.176666666668,axi_start,83,,166,0,3,0,0,0,4
8858.208666666667,axi_done,83,,166,0,3,0,0,0,
8863.853333333334,transfer,83,,166,2,3,0,2,0,
8864.053333333335,ready,83,,166,1,3,0,1,0,
8864.053333333335,axi_start,83,,166,1,3,0,1,0,4
8865.085333333334,axi_done,83,,166,1,3,0,1,0,
8870.730000000001,transfer,83,,166,3,3,0,3,0,
8870.930000000002,ready,83,,166,2,3,0,2,0,
8870.930000000002,axi_start,83,,166,2,3,0,2,0,4
8871.962000000001,axi_done,83,,166,2,3,0,2,0,
8877.80666666667,ready,83,,166,3,3,0,3,0,
8877.80666666667,axi_start,83,,166,3,3,0,3,0,4
8878.838666666668,axi_done,83,,166,3,3,0,3,0,
8900.0,target_known,87,,,,,,,,
8900.0,lookup,84,miss,,,,,,,
8900.0,issue,84,,168,0,0,0,0,0,
8900.1,issue,84,,168,1,0,0,1,0,
8900.2,issue,84,,168,2,0,0,2,0,
8900.300000000001,issue,84,,168,3,0,0,3,0,
8950.1,sensed,84,,168,0,0,0,0,0,
8950.1,transfer,84,,168,0,0,0,0,0,
8950.2,sensed,84,,168,1,0,0,1,0,
8950.300000000001,sensed,84,,168,2,0,0,2,0,
8950.400000000001,sensed,84,,168,3,0,0,3,0,
8956.976666666667,transfer,84,,168,1,0,0,1,0,
8957.176666666668,ready,84,,168,0,0,0,0,0,
8957.176666666668,axi_start,84,,168,0,0,0,0,0,4
8958.208666666667,axi_done,84,,168,0,0,0,0,0,
8963.853333333334,transfer,84,,168,2,0,0,2,0,
8964.053333333335,ready,84,,168,1,0,0,1,0,
8964.053333333335,axi_start,84,,168,1,0,0,1,0,4
8965.085333333334,axi_done,84,,168,1,0,0,1,0,
8970.730000000001,transfer,84,,168,3,0,0,3,0,
8970.930000000002,ready,84,,168,2,0,0,2,0,
8970.930000000002,axi_start,84,,168,2,0,0,2,0,4
8971.962000000001,axi_done,84,,168,2,0,0,2,0,
8977.80666666667,ready,84,,168,3,0,0,3,0,
8977.80666666667,axi_start,84,,168,3,0,0,3,0,4
8978.838666666668,axi_done,84,,168,3,0,0,3,0,
9000.0,target_known,88,,,,,,,,
9000.0,lookup,85,miss,,,,,,,
9000.0,issue,85,,170,0,1,0,0,0,
9000.1,issue,85,,170,1,1,0,1,0,
9000.2,issue,85,,170,2,1,0,2,0,
9000.300000000001,issue,85,,170,3,1,0,3,0,
9050.1,sensed,85,,170,0,1,0,0,0,
9050.1,transfer,85,,170,0,1,0,0,0,
9050.2,sensed,85,,170,1,1,0,1,0,
9050.300000000001,sensed,85,,170,2,1,0,2,0,
9050.400000000001,sensed,85,,170,3,1,0,3,0,
9056.976666666667,transfer,85,,170,1,1,0,1,0,
9057.176666666668,ready,85,,170,0,1,0,0,0,
9057.176666666668,axi_start,85,,170,0,1,0,0,0,4
9058.208666666667,axi_done,85,,170,0,1,0,0,0,
9063.853333333334,transfer,85,,170,2,1,0,2,0,
9064.053333333335,ready,85,,170,1,1,0,1,0,
9064.053333333335,axi_start,85,,170,1,1,0,1,0,4
9065.085333333334,axi_done,85,,170,1,1,0,1,0,
9070.730000000001,transfer,85,,170,3,1,0,3,0,
9070.930000000002,ready,85,,170,2,1,0,2,0,
9070.930000000002,axi_start,85,,170,2,1,0,2,0,4
9071.962000000001,axi_done,85,,170,2,1,0,2,0,
9077.80666666667,ready,85,,170,3,1,0,3,0,
9077.80666666667,axi_start,85,,170,3,1,0,3,0,4
9078.838666666668,axi_done,85,,170,3,1,0,3,0,
9100.0,target_known,89,,,,,,,,
9100.0,lookup,86,miss,,,,,,,
9100.0,issue,86,,172,0,2,0,0,0,
9100.1,issue,86,,172,1,2,0,1,0,
9100.2,issue,86,,172,2,2,0,2,0,
9100.300000000001,issue,86,,172,3,2,0,3,0,
9150.1,sensed,86,,172,0,2,0,0,0,
9150.1,transfer,86,,172,0,2,0,0,0,
9150.2,sensed,86,,172,1,2,0,1,0,
9150.300000000001,sensed,86,,172,2,2,0,2,0,
9150.400000000001,sensed,86,,172,3,2,0,3,0,
9156.976666666667,transfer,86,,172,1,2,0,1,0,
9157.176666666668,ready,86,,172,0,2,0,0,0,
9157.176666666668,axi_start,86,,172,0,2,0,0,0,4
9158.208666666667,axi_done,86,,172,0,2,0,0,0,
9163.853333333334,transfer,86,,172,2,2,0,2,0,
9164.053333333335,ready,86,,172,1,2,0,1,0,
9164.053333333335,axi_start,86,,172,1,2,0,1,0,4
9165.085333333334,axi_done,86,,172,1,2,0,1,0,
9170.730000000001,transfer,86,,172,3,2,0,3,0,
9170.930000000002,ready,86,,172,2,2,0,2,0,
9170.930000000002,axi_start,86,,172,2,2,0,2,0,4
9171.962000000001,axi_done,86,,172,2,2,0,2,0,
9177.80666666667,ready,86,,172,3,2,0,3,0,
9177.80666666667,axi_start,86,,172,3,2,0,3,0,4
9178.838666666668,axi_done,86,,172,3,2,0,3,0,
9200.0,target_known,90,,,,,,,,
9200.0,lookup,87,miss,,,,,,,
9200.0,issue,87,,174,0,3,0,0,0,
9200.1,issue,87,,174,1,3,0,1,0,
9200.2,issue,87,,174,2,3,0,2,0,
9200.300000000001,issue,87,,174,3,3,0,3,0,
9250.1,sensed,87,,174,0,3,0,0,0,
9250.1,transfer,87,,174,0,3,0,0,0,
9250.2,sensed,87,,174,1,3,0,1,0,
9250.300000000001,sensed,87,,174,2,3,0,2,0,
9250.400000000001,sensed,87,,174,3,3,0,3,0,
9256.976666666667,transfer,87,,174,1,3,0,1,0,
9257.176666666668,ready,87,,174,0,3,0,0,0,
9257.176666666668,axi_start,87,,174,0,3,0,0,0,4
9258.208666666667,axi_done,87,,174,0,3,0,0,0,
9263.853333333334,transfer,87,,174,2,3,0,2,0,
9264.053333333335,ready,87,,174,1,3,0,1,0,
9264.053333333335,axi_start,87,,174,1,3,0,1,0,4
9265.085333333334,axi_done,87,,174,1,3,0,1,0,
9270.730000000001,transfer,87,,174,3,3,0,3,0,
9270.930000000002,ready,87,,174,2,3,0,2,0,
9270.930000000002,axi_start,87,,174,2,3,0,2,0,4
9271.962000000001,axi_done,87,,174,2,3,0,2,0,
9277.80666666667,ready,87,,174,3,3,0,3,0,
9277.80666666667,axi_start,87,,174,3,3,0,3,0,4
9278.838666666668,axi_done,87,,174,3,3,0,3,0,
9300.0,target_known,91,,,,,,,,
9300.0,lookup,88,miss,,,,,,,
9300.0,issue,88,,176,0,0,0,0,0,
9300.1,issue,88,,176,1,0,0,1,0,
9300.2,issue,88,,176,2,0,0,2,0,
9300.300000000001,issue,88,,176,3,0,0,3,0,
9350.1,sensed,88,,176,0,0,0,0,0,
9350.1,transfer,88,,176,0,0,0,0,0,
9350.2,sensed,88,,176,1,0,0,1,0,
9350.300000000001,sensed,88,,176,2,0,0,2,0,
9350.400000000001,sensed,88,,176,3,0,0,3,0,
9356.976666666667,transfer,88,,176,1,0,0,1,0,
9357.176666666668,ready,88,,176,0,0,0,0,0,
9357.176666666668,axi_start,88,,176,0,0,0,0,0,4
9358.208666666667,axi_done,88,,176,0,0,0,0,0,
9363.853333333334,transfer,88,,176,2,0,0,2,0,
9364.053333333335,ready,88,,176,1,0,0,1,0,
9364.053333333335,axi_start,88,,176,1,0,0,1,0,4
9365.085333333334,axi_done,88,,176,1,0,0,1,0,
9370.730000000001,transfer,88,,176,3,0,0,3,0,
9370.930000000002,ready,88,,176,2,0,0,2,0,
9370.930000000002,axi_start,88,,176,2,0,0,2,0,4
9371.962000000001,axi_done,88,,176,2,0,0,2,0,
9377.80666666667,ready,88,,176,3,0,0,3,0,
9377.80666666667,axi_start,88,,176,3,0,0,3,0,4
9378.838666666668,axi_done,88,,176,3,0,0,3,0,
9400.0,target_known,92,,,,,,,,
9400.0,lookup,89,miss,,,,,,,
9400.0,issue,89,,178,0,1,0,0,0,
9400.1,issue,89,,178,1,1,0,1,0,
9400.2,issue,89,,178,2,1,0,2,0,
9400.300000000001,issue,89,,178,3,1,0,3,0,
9450.1,sensed,89,,178,0,1,0,0,0,
9450.1,transfer,89,,178,0,1,0,0,0,
9450.2,sensed,89,,178,1,1,0,1,0,
9450.300000000001,sensed,89,,178,2,1,0,2,0,
9450.400000000001,sensed,89,,178,3,1,0,3,0,
9456.976666666667,transfer,89,,178,1,1,0,1,0,
9457.176666666668,ready,89,,178,0,1,0,0,0,
9457.176666666668,axi_start,89,,178,0,1,0,0,0,4
9458.208666666667,axi_done,89,,178,0,1,0,0,0,
9463.853333333334,transfer,89,,178,2,1,0,2,0,
9464.053333333335,ready,89,,178,1,1,0,1,0,
9464.053333333335,axi_start,89,,178,1,1,0,1,0,4
9465.085333333334,axi_done,89,,178,1,1,0,1,0,
9470.730000000001,transfer,89,,178,3,1,0,3,0,
9470.930000000002,ready,89,,178,2,1,0,2,0,
9470.930000000002,axi_start,89,,178,2,1,0,2,0,4
9471.962000000001,axi_done,89,,178,2,1,0,2,0,
9477.80666666667,ready,89,,178,3,1,0,3,0,
9477.80666666667,axi_start,89,,178,3,1,0,3,0,4
9478.838666666668,axi_done,89,,178,3,1,0,3,0,
9500.0,target_known,93,,,,,,,,
9500.0,lookup,90,miss,,,,,,,
9500.0,issue,90,,180,0,2,0,0,0,
9500.1,issue,90,,180,1,2,0,1,0,
9500.2,issue,90,,180,2,2,0,2,0,
9500.300000000001,issue,90,,180,3,2,0,3,0,
9550.1,sensed,90,,180,0,2,0,0,0,
9550.1,transfer,90,,180,0,2,0,0,0,
9550.2,sensed,90,,180,1,2,0,1,0,
9550.300000000001,sensed,90,,180,2,2,0,2,0,
9550.400000000001,sensed,90,,180,3,2,0,3,0,
9556.976666666667,transfer,90,,180,1,2,0,1,0,
9557.176666666668,ready,90,,180,0,2,0,0,0,
9557.176666666668,axi_start,90,,180,0,2,0,0,0,4
9558.208666666667,axi_done,90,,180,0,2,0,0,0,
9563.853333333334,transfer,90,,180,2,2,0,2,0,
9564.053333333335,ready,90,,180,1,2,0,1,0,
9564.053333333335,axi_start,90,,180,1,2,0,1,0,4
9565.085333333334,axi_done,90,,180,1,2,0,1,0,
9570.730000000001,transfer,90,,180,3,2,0,3,0,
9570.930000000002,ready,90,,180,2,2,0,2,0,
9570.930000000002,axi_start,90,,180,2,2,0,2,0,4
9571.962000000001,axi_done,90,,180,2,2,0,2,0,
9577.80666666667,ready,90,,180,3,2,0,3,0,
9577.80666666667,axi_start,90,,180,3,2,0,3,0,4
9578.838666666668,axi_done,90,,180,3,2,0,3,0,
9600.0,target_known,94,,,,,,,,
9600.0,lookup,91,miss,,,,,,,
9600.0,issue,91,,182,0,3,0,0,0,
9600.1,issue,91,,182,1,3,0,1,0,
9600.2,issue,91,,182,2,3,0,2,0,
9600.300000000001,issue,91,,182,3,3,0,3,0,
9650.1,sensed,91,,182,0,3,0,0,0,
9650.1,transfer,91,,182,0,3,0,0,0,
9650.2,sensed,91,,182,1,3,0,1,0,
9650.300000000001,sensed,91,,182,2,3,0,2,0,
9650.400000000001,sensed,91,,182,3,3,0,3,0,
9656.976666666667,transfer,91,,182,1,3,0,1,0,
9657.176666666668,ready,91,,182,0,3,0,0,0,
9657.176666666668,axi_start,91,,182,0,3,0,0,0,4
9658.208666666667,axi_done,91,,182,0,3,0,0,0,
9663.853333333334,transfer,91,,182,2,3,0,2,0,
9664.053333333335,ready,91,,182,1,3,0,1,0,
9664.053333333335,axi_start,91,,182,1,3,0,1,0,4
9665.085333333334,axi_done,91,,182,1,3,0,1,0,
9670.730000000001,transfer,91,,182,3,3,0,3,0,
9670.930000000002,ready,91,,182,2,3,0,2,0,
9670.930000000002,axi_start,91,,182,2,3,0,2,0,4
9671.962000000001,axi_done,91,,182,2,3,0,2,0,
9677.80666666667,ready,91,,182,3,3,0,3,0,
9677.80666666667,axi_start,91,,182,3,3,0,3,0,4
9678.838666666668,axi_done,91,,182,3,3,0,3,0,
9700.0,target_known,95,,,,,,,,
9700.0,lookup,92,miss,,,,,,,
9700.0,issue,92,,184,0,0,0,0,0,
9700.1,issue,92,,184,1,0,0,1,0,
9700.2,issue,92,,184,2,0,0,2,0,
9700.300000000001,issue,92,,184,3,0,0,3,0,
9750.1,sensed,92,,184,0,0,0,0,0,
9750.1,transfer,92,,184,0,0,0,0,0,
9750.2,sensed,92,,184,1,0,0,1,0,
9750.300000000001,sensed,92,,184,2,0,0,2,0,
9750.400000000001,sensed,92,,184,3,0,0,3,0,
9756.976666666667,transfer,92,,184,1,0,0,1,0,
9757.176666666668,ready,92,,184,0,0,0,0,0,
9757.176666666668,axi_start,92,,184,0,0,0,0,0,4
9758.208666666667,axi_done,92,,184,0,0,0,0,0,
9763.853333333334,transfer,92,,184,2,0,0,2,0,
9764.053333333335,ready,92,,184,1,0,0,1,0,
9764.053333333335,axi_start,92,,184,1,0,0,1,0,4
9765.085333333334,axi_done,92,,184,1,0,0,1,0,
9770.730000000001,transfer,92,,184,3,0,0,3,0,
9770.930000000002,ready,92,,184,2,0,0,2,0,
9770.930000000002,axi_start,92,,184,2,0,0,2,0,4
9771.962000000001,axi_done,92,,184,2,0,0,2,0,
9777.80666666667,ready,92,,184,3,0,0,3,0,
9777.80666666667,axi_start,92,,184,3,0,0,3,0,4
9778.838666666668,axi_done,92,,184,3,0,0,3,0,
9800.0,target_known,96,,,,,,,,
9800.0,lookup,93,miss,,,,,,,
9800.0,issue,93,,186,0,1,0,0,0,
9800.1,issue,93,,186,1,1,0,1,0,
9800.2,issue,93,,186,2,1,0,2,0,
9800.300000000001,issue,93,,186,3,1,0,3,0,
9850.1,sensed,93,,186,0,1,0,0,0,
9850.1,transfer,93,,186,0,1,0,0,0,
9850.2,sensed,93,,186,1,1,0,1,0,
9850.300000000001,sensed,93,,186,2,1,0,2,0,
9850.400000000001,sensed,93,,186,3,1,0,3,0,
9856.976666666667,transfer,93,,186,1,1,0,1,0,
9857.176666666668,ready,93,,186,0,1,0,0,0,
9857.176666666668,axi_start,93,,186,0,1,0,0,0,4
9858.208666666667,axi_done,93,,186,0,1,0,0,0,
9863.853333333334,transfer,93,,186,2,1,0,2,0,
9864.053333333335,ready,93,,186,1,1,0,1,0,
9864.053333333335,axi_start,93,,186,1,1,0,1,0,4
9865.085333333334,axi_done,93,,186,1,1,0,1,0,
9870.730000000001,transfer,93,,186,3,1,0,3,0,
9870.930000000002,ready,93,,186,2,1,0,2,0,
9870.930000000002,axi_start,93,,186,2,1,0,2,0,4
9871.962000000001,axi_done,93,,186,2,1,0,2,0,
9877.80666666667,ready,93,,186,3,1,0,3,0,
9877.80666666667,axi_start,93,,186,3,1,0,3,0,4
9878.838666666668,axi_done,93,,186,3,1,0,3,0,
9900.0,target_known,97,,,,,,,,
9900.0,lookup,94,miss,,,,,,,
9900.0,issue,94,,188,0,2,0,0,0,
9900.1,issue,94,,188,1,2,0,1,0,
9900.2,issue,94,,188,2,2,0,2,0,
9900.300000000001,issue,94,,188,3,2,0,3,0,
9950.1,sensed,94,,188,0,2,0,0,0,
9950.1,transfer,94,,188,0,2,0,0,0,
9950.2,sensed,94,,188,1,2,0,1,0,
9950.300000000001,sensed,94,,188,2,2,0,2,0,
9950.400000000001,sensed,94,,188,3,2,0,3,0,
9956.976666666667,transfer,94,,188,1,2,0,1,0,
9957.176666666668,ready,94,,188,0,2,0,0,0,
9957.176666666668,axi_start,94,,188,0,2,0,0,0,4
9958.208666666667,axi_done,94,,188,0,2,0,0,0,
9963.853333333334,transfer,94,,188,2,2,0,2,0,
9964.053333333335,ready,94,,188,1,2,0,1,0,
9964.053333333335,axi_start,94,,188,1,2,0,1,0,4
9965.085333333334,axi_done,94,,188,1,2,0,1,0,
9970.730000000001,transfer,94,,188,3,2,0,3,0,
9970.930000000002,ready,94,,188,2,2,0,2,0,
9970.930000000002,axi_start,94,,188,2,2,0,2,0,4
9971.962000000001,axi_done,94,,188,2,2,0,2,0,
9977.80666666667,ready,94,,188,3,2,0,3,0,
9977.80666666667,axi_start,94,,188,3,2,0,3,0,4
9978.838666666668,axi_done,94,,188,3,2,0,3,0,
10000.0,target_known,98,,,,,,,,
10000.0,lookup,95,miss,,,,,,,
10000.0,issue,95,,190,0,3,0,0,0,
10000.1,issue,95,,190,1,3,0,1,0,
10000.2,issue,95,,190,2,3,0,2,0,
10000.300000000001,issue,95,,190,3,3,0,3,0,
10050.1,sensed,95,,190,0,3,0,0,0,
10050.1,transfer,95,,190,0,3,0,0,0,
10050.2,sensed,95,,190,1,3,0,1,0,
10050.300000000001,sensed,95,,190,2,3,0,2,0,
10050.400000000001,sensed,95,,190,3,3,0,3,0,
10056.976666666667,transfer,95,,190,1,3,0,1,0,
10057.176666666668,ready,95,,190,0,3,0,0,0,
10057.176666666668,axi_start,95,,190,0,3,0,0,0,4
10058.208666666667,axi_done,95,,190,0,3,0,0,0,
10063.853333333334,transfer,95,,190,2,3,0,2,0,
10064.053333333335,ready,95,,190,1,3,0,1,0,
10064.053333333335,axi_start,95,,190,1,3,0,1,0,4
10065.085333333334,axi_done,95,,190,1,3,0,1,0,
10070.730000000001,transfer,95,,190,3,3,0,3,0,
10070.930000000002,ready,95,,190,2,3,0,2,0,
10070.930000000002,axi_start,95,,190,2,3,0,2,0,4
10071.962000000001,axi_done,95,,190,2,3,0,2,0,
10077.80666666667,ready,95,,190,3,3,0,3,0,
10077.80666666667,axi_start,95,,190,3,3,0,3,0,4
10078.838666666668,axi_done,95,,190,3,3,0,3,0,
10100.0,target_known,99,,,,,,,,
10100.0,lookup,96,miss,,,,,,,
10100.0,issue,96,,192,0,0,0,0,0,
10100.1,issue,96,,192,1,0,0,1,0,
10100.2,issue,96,,192,2,0,0,2,0,
10100.300000000001,issue,96,,192,3,0,0,3,0,
10150.1,sensed,96,,192,0,0,0,0,0,
10150.1,transfer,96,,192,0,0,0,0,0,
10150.2,sensed,96,,192,1,0,0,1,0,
10150.300000000001,sensed,96,,192,2,0,0,2,0,
10150.400000000001,sensed,96,,192,3,0,0,3,0,
10156.976666666667,transfer,96,,192,1,0,0,1,0,
10157.176666666668,ready,96,,192,0,0,0,0,0,
10157.176666666668,axi_start,96,,192,0,0,0,0,0,4
10158.208666666667,axi_done,96,,192,0,0,0,0,0,
10163.853333333334,transfer,96,,192,2,0,0,2,0,
10164.053333333335,ready,96,,192,1,0,0,1,0,
10164.053333333335,axi_start,96,,192,1,0,0,1,0,4
10165.085333333334,axi_done,96,,192,1,0,0,1,0,
10170.730000000001,transfer,96,,192,3,0,0,3,0,
10170.930000000002,ready,96,,192,2,0,0,2,0,
10170.930000000002,axi_start,96,,192,2,0,0,2,0,4
10171.962000000001,axi_done,96,,192,2,0,0,2,0,
10177.80666666667,ready,96,,192,3,0,0,3,0,
10177.80666666667,axi_start,96,,192,3,0,0,3,0,4
10178.838666666668,axi_done,96,,192,3,0,0,3,0,
10200.0,lookup,97,miss,,,,,,,
10200.0,issue,97,,194,0,1,0,0,0,
10200.1,issue,97,,194,1,1,0,1,0,
10200.2,issue,97,,194,2,1,0,2,0,
10200.300000000001,issue,97,,194,3,1,0,3,0,
10250.1,sensed,97,,194,0,1,0,0,0,
10250.1,transfer,97,,194,0,1,0,0,0,
10250.2,sensed,97,,194,1,1,0,1,0,
10250.300000000001,sensed,97,,194,2,1,0,2,0,
10250.400000000001,sensed,97,,194,3,1,0,3,0,
10256.976666666667,transfer,97,,194,1,1,0,1,0,
10257.176666666668,ready,97,,194,0,1,0,0,0,
10257.176666666668,axi_start,97,,194,0,1,0,0,0,4
10258.208666666667,axi_done,97,,194,0,1,0,0,0,
10263.853333333334,transfer,97,,194,2,1,0,2,0,
10264.053333333335,ready,97,,194,1,1,0,1,0,
10264.053333333335,axi_start,97,,194,1,1,0,1,0,4
10265.085333333334,axi_done,97,,194,1,1,0,1,0,
10270.730000000001,transfer,97,,194,3,1,0,3,0,
10270.930000000002,ready,97,,194,2,1,0,2,0,
10270.930000000002,axi_start,97,,194,2,1,0,2,0,4
10271.962000000001,axi_done,97,,194,2,1,0,2,0,
10277.80666666667,ready,97,,194,3,1,0,3,0,
10277.80666666667,axi_start,97,,194,3,1,0,3,0,4
10278.838666666668,axi_done,97,,194,3,1,0,3,0,
10300.0,lookup,98,miss,,,,,,,
10300.0,issue,98,,196,0,2,0,0,0,
10300.1,issue,98,,196,1,2,0,1,0,
10300.2,issue,98,,196,2,2,0,2,0,
10300.300000000001,issue,98,,196,3,2,0,3,0,
10350.1,sensed,98,,196,0,2,0,0,0,
10350.1,transfer,98,,196,0,2,0,0,0,
10350.2,sensed,98,,196,1,2,0,1,0,
10350.300000000001,sensed,98,,196,2,2,0,2,0,
10350.400000000001,sensed,98,,196,3,2,0,3,0,
10356.976666666667,transfer,98,,196,1,2,0,1,0,
10357.176666666668,ready,98,,196,0,2,0,0,0,
10357.176666666668,axi_start,98,,196,0,2,0,0,0,4
10358.208666666667,axi_done,98,,196,0,2,0,0,0,
10363.853333333334,transfer,98,,196,2,2,0,2,0,
10364.053333333335,ready,98,,196,1,2,0,1,0,
10364.053333333335,axi_start,98,,196,1,2,0,1,0,4
10365.085333333334,axi_done,98,,196,1,2,0,1,0,
10370.730000000001,transfer,98,,196,3,2,0,3,0,
10370.930000000002,ready,98,,196,2,2,0,2,0,
10370.930000000002,axi_start,98,,196,2,2,0,2,0,4
10371.962000000001,axi_done,98,,196,2,2,0,2,0,
10377.80666666667,ready,98,,196,3,2,0,3,0,
10377.80666666667,axi_start,98,,196,3,2,0,3,0,4
10378.838666666668,axi_done,98,,196,3,2,0,3,0,
10400.0,lookup,99,miss,,,,,,,
10400.0,issue,99,,198,0,3,0,0,0,
10400.1,issue,99,,198,1,3,0,1,0,
10400.2,issue,99,,198,2,3,0,2,0,
10400.300000000001,issue,99,,198,3,3,0,3,0,
10450.1,sensed,99,,198,0,3,0,0,0,
10450.1,transfer,99,,198,0,3,0,0,0,
10450.2,sensed,99,,198,1,3,0,1,0,
10450.300000000001,sensed,99,,198,2,3,0,2,0,
10450.400000000001,sensed,99,,198,3,3,0,3,0,
10456.976666666667,transfer,99,,198,1,3,0,1,0,
10457.176666666668,ready,99,,198,0,3,0,0,0,
10457.176666666668,axi_start,99,,198,0,3,0,0,0,4
10458.208666666667,axi_done,99,,198,0,3,0,0,0,
10463.853333333334,transfer,99,,198,2,3,0,2,0,
10464.053333333335,ready,99,,198,1,3,0,1,0,
10464.053333333335,axi_start,99,,198,1,3,0,1,0,4
10465.085333333334,axi_done,99,,198,1,3,0,1,0,
10470.730000000001,transfer,99,,198,3,3,0,3,0,
10470.930000000002,ready,99,,198,2,3,0,2,0,
10470.930000000002,axi_start,99,,198,2,3,0,2,0,4
10471.962000000001,axi_done,99,,198,2,3,0,2,0,
10477.80666666667,ready,99,,198,3,3,0,3,0,
10477.80666666667,axi_start,99,,198,3,3,0,3,0,4
10478.838666666668,axi_done,99,,198,3,3,0,3,0,
