group,scenario,outstanding,lookup_slots,lookup_pipelines,lookup_ii_cycles,design,lookup_clock_mhz,lookup_us,power_variant,clock_gating,lookup_voltage_v,mean_request_latency_us,p95_request_latency_us,mean_request_service_us,mean_first_data_latency_us,mean_burst_latency_us,throughput_gbps,completion_span_us,peak_outstanding,buffer_peak_bytes,ready_hit_at_ar,ready_hit_at_lookup,late_hit_at_ar,r_idle_us,hol_idle_us,nand_bytes,peak_lookup_active,peak_lookup_queue,mean_lookup_wait_us,max_lookup_wait_us,mean_ar_to_lookup_done_us,p99_burst_latency_us,tail_throughput_gbps,lookup_clock_cycles,lookup_clock_enabled_us,lookup_clock_duty,clock_energy_eu,lookup_operation_energy_eu,queue_energy_eu,lookup_leakage_energy_eu,background_energy_eu,axi_energy_eu,nand_energy_eu,measured_nand_bytes,lookup_energy_eu,total_energy_eu,mean_lookup_power_eu_per_us,mean_total_power_eu_per_us,energy_eu_per_byte
main,ready,100,1,1,1,fast,1000,0,same_voltage_always_on,False,1.0,33.79200000688434,63.48800001293421,2.23981250045631,31.745000006467308,0.19939877323398225,31.999999993480742,65.53600001335144,100,2097152,1.0,1.0,0.0,0.0,0.0,2097152,1,0,0.0,0.0,0.0,0.20000000004074536,31.999999993480742,65536,65.53600001335144,1.0,68943.872,262144.0,32768.0,6625.68960134983,13107.200002670288,104857.6,0.0,0,370481.5616013498,488446.3616040201,5653.099998868908,7453.099998542946,0.23290937500191694
main,ready,100,1,1,1,fast,1000,0,same_voltage_gated,True,1.0,33.79200000688434,63.48800001293421,2.23981250045631,31.745000006467308,0.19939877323398225,31.999999993480742,65.53600001335144,100,2097152,1.0,1.0,0.0,0.0,0.0,2097152,1,0,0.0,0.0,0.0,0.20000000004074536,31.999999993480742,32768,32.76821742820539,0.5000033175892582,34471.936,262144.0,32768.0,6625.68960134983,13107.200002670288,104857.6,0.0,0,336009.6256013498,453974.4256040201,5127.0999989760685,6927.0999986501065,0.21647187500191695
main,ready,100,1,1,1,slow,500,0.5,same_voltage_always_on,False,1.0,8448.002,15872.002,559.9531875,7936.500999999999,49.9243240356445,0.1279999843750019,16384.002,100,2097152,1.0,1.0,0.0,16318.465999986649,0.0,2097152,1,99,49.422324035644095,49.49799999999959,49.922324035644095,50.0,0.128,8192001,16384.002,1.0,8617985.052000001,262144.0,32768.0,1656422.6021999998,3276800.4,104857.6,0.0,0,10569319.6542,13950977.6542,645.0999978027347,851.4999970214848,6.652344538784027
main,ready,100,1,1,1,slow,500,0.5,same_voltage_gated,True,1.0,8448.002,15872.002,559.9531875,7936.500999999999,49.9243240356445,0.1279999843750019,16384.002,100,2097152,1.0,1.0,0.0,16318.465999986649,0.0,2097152,1,99,49.422324035644095,49.49799999999959,49.922324035644095,50.0,0.128,8192000,16384.0,0.9999998779297024,8617984.0,262144.0,32768.0,1656422.6021999998,3276800.4,104857.6,0.0,0,10569318.6022,13950976.6022,645.099933593758,851.4999328125082,6.6523440371513365
main,ready,100,1,1,1,slow,500,0.5,lower_voltage_always_on,False,0.8,8448.002,15872.002,559.9531875,7936.500999999999,49.9243240356445,0.1279999843750019,16384.002,100,2097152,1.0,1.0,0.0,16318.465999986649,0.0,2097152,1,99,49.422324035644095,49.49799999999959,49.922324035644095,50.0,0.128,8192001,16384.002,1.0,5515510.433280001,167772.16000000003,20971.520000000004,1656422.6021999998,3276800.4,104857.6,0.0,0,7360676.715480001,10742334.71548,449.2599985937502,655.6599978125003,5.122344358196258
main,ready,100,1,1,1,slow,500,0.5,lower_voltage_gated,True,0.8,8448.002,15872.002,559.9531875,7936.500999999999,49.9243240356445,0.1279999843750019,16384.002,100,2097152,1.0,1.0,0.0,16318.465999986649,0.0,2097152,1,99,49.422324035644095,49.49799999999959,49.922324035644095,50.0,0.128,8192000,16384.0,0.9999998779297024,5515509.760000001,167772.16000000003,20971.520000000004,1656422.6021999998,3276800.4,104857.6,0.0,0,7360676.0422,10742334.0422,449.25995750000516,655.6599567187552,5.122344037151336
main,ready,100,4,1,1,fast,1000,0,same_voltage_always_on,False,1.0,33.79200000688434,63.48800001293421,2.23981250045631,31.745000006467308,0.19939877323398225,31.999999993480742,65.53600001335144,100,2097152,1.0,1.0,0.0,0.0,0.0,2097152,1,0,0.0,0.0,0.0,0.20000000004074536,31.999999993480742,65536,65.53600001335144,1.0,69337.088,262144.0,32768.0,6645.350401353837,13107.200002670288,104857.6,0.0,0,370894.43840135384,488859.23840402416,5659.399998867686,7459.399998541724,0.23310625000191887
main,ready,100,4,1,1,fast,1000,0,same_voltage_gated,True,1.0,33.79200000688434,63.48800001293421,2.23981250045631,31.745000006467308,0.19939877323398225,31.999999993480742,65.53600001335144,100,2097152,1.0,1.0,0.0,0.0,0.0,2097152,1,0,0.0,0.0,0.0,0.20000000004074536,31.999999993480742,32768,32.76821742820539,0.5000033175892582,34668.544,262144.0,32768.0,6645.350401353837,13107.200002670288,104857.6,0.0,0,336225.89440135384,454190.69440402417,5130.399998975458,6930.3999986494955,0.21657500000191887
main,ready,100,4,1,1,slow,500,0.5,same_voltage_always_on,False,1.0,2112.0080000000016,3968.0080000000016,139.63106250000124,1984.5010000000002,12.481553649902317,0.511999000001953,4096.008000000002,100,2097152,1.0,1.0,0.0,4030.47199998665,0.0,2097152,4,96,11.97955364990191,11.997999999999593,12.47955364990191,12.5,0.512,2048004,4096.008000000002,1.0,2166788.2320000003,262144.0,32768.0,415335.2112000002,819201.6000000003,104857.6,0.0,0,2877035.4432000006,3801094.643200001,702.3998593752746,927.9998093753723,1.81250316772461
main,ready,100,4,1,1,slow,500,0.5,same_voltage_gated,True,1.0,2112.0080000000016,3968.0080000000016,139.63106250000124,1984.5010000000002,12.481553649902317,0.511999000001953,4096.008000000002,100,2097152,1.0,1.0,0.0,4030.47199998665,0.0,2097152,4,96,11.97955364990191,11.997999999999593,12.47955364990191,12.5,0.512,2048003,4096.006000000001,0.9999995117197036,2166787.174,262144.0,32768.0,415335.2112000002,819201.6000000003,104857.6,0.0,0,2877034.3852000004,3801093.585200001,702.3996010749977,927.9995510750954,1.8125026632308965
main,ready,100,4,1,1,slow,500,0.5,lower_voltage_always_on,False,0.8,2112.0080000000016,3968.0080000000016,139.63106250000124,1984.5010000000002,12.481553649902317,0.511999000001953,4096.008000000002,100,2097152,1.0,1.0,0.0,4030.47199998665,0.0,2097152,4,96,11.97955364990191,11.997999999999593,12.47955364990191,12.5,0.512,2048004,4096.008000000002,1.0,1386744.4684800005,167772.16000000003,20971.520000000004,415335.2112000002,819201.6000000003,104857.6,0.0,0,1990823.3596800007,2914882.5596800013,486.0399100001758,711.6398600002735,1.3899243162536628
main,ready,100,4,1,1,slow,500,0.5,lower_voltage_gated,True,0.8,2112.0080000000016,3968.0080000000016,139.63106250000124,1984.5010000000002,12.481553649902317,0.511999000001953,4096.008000000002,100,2097152,1.0,1.0,0.0,4030.47199998665,0.0,2097152,4,96,11.97955364990191,11.997999999999593,12.47955364990191,12.5,0.512,2048003,4096.006000000001,0.9999995117197036,1386743.7913600004,167772.16000000003,20971.520000000004,415335.2112000002,819201.6000000003,104857.6,0.0,0,1990822.6825600006,2914881.882560001,486.0397446879986,711.6396946880964,1.3899239933776861
main,ready,100,16,1,1,fast,1000,0,same_voltage_always_on,False,1.0,33.79200000688434,63.48800001293421,2.23981250045631,31.745000006467308,0.19939877323398225,31.999999993480742,65.53600001335144,100,2097152,1.0,1.0,0.0,0.0,0.0,2097152,1,0,0.0,0.0,0.0,0.20000000004074536,31.999999993480742,65536,65.53600001335144,1.0,70909.952,262144.0,32768.0,6723.993601369857,13107.200002670288,104857.6,0.0,0,372545.94560136984,490510.7456040401,5684.599998862796,7484.5999985368335,0.23389375000192647
main,ready,100,16,1,1,fast,1000,0,same_voltage_gated,True,1.0,33.79200000688434,63.48800001293421,2.23981250045631,31.745000006467308,0.19939877323398225,31.999999993480742,65.53600001335144,100,2097152,1.0,1.0,0.0,0.0,0.0,2097152,1,0,0.0,0.0,0.0,0.20000000004074536,31.999999993480742,32768,32.76821742820539,0.5000033175892582,35454.976,262144.0,32768.0,6723.993601369857,13107.200002670288,104857.6,0.0,0,337090.96960136987,455055.7696040402,5143.5999989730135,6943.599998647051,0.21698750000192651
main,ready,100,16,1,1,slow,500,0.5,same_voltage_always_on,False,1.0,528.0320000000065,992.0320000000065,34.91306250000139,496.5010000000002,3.1208739624023236,2.0479360019999246,1024.0320000000065,100,2097152,1.0,1.0,0.0,958.4959999866551,0.0,2097152,16,84,2.6188739623989603,2.973999999994703,3.1188739623989603,3.4759999999951106,2.048,512016,1024.0320000000065,1.0,554001.312,262144.0,32768.0,105065.68320000067,204806.4000000013,104857.6,0.0,0,953978.9952000007,1263642.995200002,931.591000281236,1233.9878003812323,0.6025519348144541
main,ready,100,16,1,1,slow,500,0.5,same_voltage_gated,True,1.0,528.0320000000065,992.0320000000065,34.91306250000139,496.5010000000002,3.1208739624023236,2.0479360019999246,1024.0320000000065,100,2097152,1.0,1.0,0.0,958.4959999866551,0.0,2097152,16,84,2.6188739623989603,2.973999999994703,3.1188739623989603,3.4759999999951106,2.048,512015,1024.0299999999988,0.9999980469360258,554000.23,262144.0,32768.0,105065.68320000067,204806.4000000013,104857.6,0.0,0,953977.9132000007,1263641.9132000022,931.5899436736299,1233.9867437736264,0.602551418876649
main,ready,100,16,1,1,slow,500,0.5,lower_voltage_always_on,False,0.8,528.0320000000065,992.0320000000065,34.91306250000139,496.5010000000002,3.1208739624023236,2.0479360019999246,1024.0320000000065,100,2097152,1.0,1.0,0.0,958.4959999866551,0.0,2097152,16,84,2.6188739623989603,2.973999999994703,3.1188739623989603,3.4759999999951106,2.048,512016,1024.0320000000065,1.0,354560.8396800001,167772.16000000003,20971.520000000004,105065.68320000067,204806.4000000013,104857.6,0.0,0,648370.2028800008,958034.2028800021,633.1542401799911,935.5510402799873,0.4568263067626963
main,ready,100,16,1,1,slow,500,0.5,lower_voltage_gated,True,0.8,528.0320000000065,992.0320000000065,34.91306250000139,496.5010000000002,3.1208739624023236,2.0479360019999246,1024.0320000000065,100,2097152,1.0,1.0,0.0,958.4959999866551,0.0,2097152,16,84,2.6188739623989603,2.973999999994703,3.1188739623989603,3.4759999999951106,2.048,512015,1024.0299999999988,0.9999980469360258,354560.14720000006,167772.16000000003,20971.520000000004,105065.68320000067,204806.4000000013,104857.6,0.0,0,648369.5104000007,958033.510400002,633.1535639511233,935.5503640511195,0.45682597656250096
main,ready,100,64,1,1,fast,1000,0,same_voltage_always_on,False,1.0,33.79200000688434,63.48800001293421,2.23981250045631,31.745000006467308,0.19939877323398225,31.999999993480742,65.53600001335144,100,2097152,1.0,1.0,0.0,0.0,0.0,2097152,1,0,0.0,0.0,0.0,0.20000000004074536,31.999999993480742,65536,65.53600001335144,1.0,77201.40800000001,262144.0,32768.0,7038.566401433945,13107.200002670288,104857.6,0.0,0,379151.97440143395,497116.7744041042,5785.39999884324,7585.399998517276,0.23704375000195704
main,ready,100,64,1,1,fast,1000,0,same_voltage_gated,True,1.0,33.79200000688434,63.48800001293421,2.23981250045631,31.745000006467308,0.19939877323398225,31.999999993480742,65.53600001335144,100,2097152,1.0,1.0,0.0,0.0,0.0,2097152,1,0,0.0,0.0,0.0,0.20000000004074536,31.999999993480742,32768,32.76821742820539,0.5000033175892582,38600.704000000005,262144.0,32768.0,7038.566401433945,13107.200002670288,104857.6,0.0,0,340551.270401434,458516.0704041043,5196.399998963235,6996.399998637273,0.21863750000195709
main,ready,100,64,1,1,slow,500,0.5,same_voltage_always_on,False,1.0,132.12800000002608,248.12800000002608,8.55618750001463,124.5010000000002,0.7807787475586097,8.187906046975678,256.1280000000261,100,2097152,1.0,1.0,0.0,190.59199998667464,0.0,2097152,64,50,0.2787787475454693,0.47099999997954,0.7787787475454693,0.9439999999885913,8.192,128064,256.1280000000261,1.0,150859.39200000002,262144.0,32768.0,27508.1472000028,51225.600000005215,104857.6,0.0,0,473279.5392000028,629362.739200008,1847.8242878558947,2457.2195902046788,0.3001035400390663
main,ready,100,64,1,1,slow,500,0.5,same_voltage_gated,True,1.0,132.12800000002608,248.12800000002608,8.55618750001463,124.5010000000002,0.7807787475586097,8.187906046975678,256.1280000000261,100,2097152,1.0,1.0,0.0,190.59199998667464,0.0,2097152,64,50,0.2787787475454693,0.47099999997954,0.7787787475454693,0.9439999999885913,8.192,128063,256.1260000000002,0.9999921914041968,150858.214,262144.0,32768.0,27508.1472000028,51225.600000005215,104857.6,0.0,0,473278.36120000284,629361.561200008,1847.8196885930263,2457.2149909418104,0.30010297832489397
main,ready,100,64,1,1,slow,500,0.5,lower_voltage_always_on,False,0.8,132.12800000002608,248.12800000002608,8.55618750001463,124.5010000000002,0.7807787475586097,8.187906046975678,256.1280000000261,100,2097152,1.0,1.0,0.0,190.59199998667464,0.0,2097152,64,50,0.2787787475454693,0.47099999997954,0.7787787475454693,0.9439999999885913,8.192,128064,256.1280000000261,1.0,96550.01088000003,167772.16000000003,20971.520000000004,27508.1472000028,51225.600000005215,104857.6,0.0,0,312801.83808000287,468885.0380800081,1221.271544227773,1830.666846576557,0.22358180908203512
main,ready,100,64,1,1,slow,500,0.5,lower_voltage_gated,True,0.8,132.12800000002608,248.12800000002608,8.55618750001463,124.5010000000002,0.7807787475586097,8.187906046975678,256.1280000000261,100,2097152,1.0,1.0,0.0,190.59199998667464,0.0,2097152,64,50,0.2787787475454693,0.47099999997954,0.7787787475454693,0.9439999999885913,8.192,128063,256.1260000000002,0.9999921914041968,96549.25696000003,167772.16000000003,20971.520000000004,27508.1472000028,51225.600000005215,104857.6,0.0,0,312801.0841600029,468884.2841600081,1221.268600699537,1830.663903048321,0.2235814495849648
main,ready,100,128,1,1,fast,1000,0,same_voltage_always_on,False,1.0,33.79200000688434,63.48800001293421,2.23981250045631,31.745000006467308,0.19939877323398225,31.999999993480742,65.53600001335144,100,2097152,1.0,1.0,0.0,0.0,0.0,2097152,1,0,0.0,0.0,0.0,0.20000000004074536,31.999999993480742,65536,65.53600001335144,1.0,85590.016,262144.0,32768.0,7457.996801519394,13107.200002670288,104857.6,0.0,0,387960.0128015194,505924.81280418974,5919.799998817162,7719.7999984912,0.24124375000199783
main,ready,100,128,1,1,fast,1000,0,same_voltage_gated,True,1.0,33.79200000688434,63.48800001293421,2.23981250045631,31.745000006467308,0.19939877323398225,31.999999993480742,65.53600001335144,100,2097152,1.0,1.0,0.0,0.0,0.0,2097152,1,0,0.0,0.0,0.0,0.20000000004074536,31.999999993480742,32768,32.76821742820539,0.5000033175892582,42795.008,262144.0,32768.0,7457.996801519394,13107.200002670288,104857.6,0.0,0,345165.00480151945,463129.8048041897,5266.799998950197,7066.799998624233,0.2208375000019978
main,ready,100,128,1,1,slow,500,0.5,same_voltage_always_on,False,1.0,85.16012500008992,159.7220000001471,5.62462500000629,80.03650000008383,0.502151062012157,12.726209114618314,164.79000000016094,100,2097152,1.0,1.0,0.0,99.2539999868095,0.0,2097152,100,50,0.00015106201168801903,0.09899999998015119,0.500151062011688,0.5020000000004075,12.741518421299112,82395,164.79000000016094,1.0,107607.87000000001,262144.0,32768.0,18753.102000018316,32958.00000003219,104857.6,0.0,0,421272.9720000183,559088.5720000505,2556.4231567425622,3392.733612473478,0.2665942058563473
main,ready,100,128,1,1,slow,500,0.5,same_voltage_gated,True,1.0,85.16012500008992,159.7220000001471,5.62462500000629,80.03650000008383,0.502151062012157,12.726209114618314,164.79000000016094,100,2097152,1.0,1.0,0.0,99.2539999868095,0.0,2097152,100,50,0.00015106201168801903,0.09899999998015119,0.500151062011688,0.5020000000004075,12.741518421299112,82394,164.78800000000047,0.9999878633402484,107606.564,262144.0,32768.0,18753.102000018316,32958.00000003219,104857.6,0.0,0,421271.6660000183,559087.2660000505,2556.4152315043807,3392.725687235296,0.2665935831070187
main,ready,100,128,1,1,slow,500,0.5,lower_voltage_always_on,False,0.8,85.16012500008992,159.7220000001471,5.62462500000629,80.03650000008383,0.502151062012157,12.726209114618314,164.79000000016094,100,2097152,1.0,1.0,0.0,99.2539999868095,0.0,2097152,100,50,0.00015106201168801903,0.09899999998015119,0.500151062011688,0.5020000000004075,12.741518421299112,82395,164.79000000016094,1.0,68869.03680000002,167772.16000000003,20971.520000000004,18753.102000018316,32958.00000003219,104857.6,0.0,0,276365.81880001834,414181.4188000505,1677.0788203152401,2513.389276046156,0.19749709072115446
main,ready,100,128,1,1,slow,500,0.5,lower_voltage_gated,True,0.8,85.16012500008992,159.7220000001471,5.62462500000629,80.03650000008383,0.502151062012157,12.726209114618314,164.79000000016094,100,2097152,1.0,1.0,0.0,99.2539999868095,0.0,2097152,100,50,0.00015106201168801903,0.09899999998015119,0.500151062011688,0.5020000000004075,12.741518421299112,82394,164.78800000000047,0.9999878633402484,68868.20096000002,167772.16000000003,20971.520000000004,18753.102000018316,32958.00000003219,104857.6,0.0,0,276364.98296001833,414180.58296005055,1677.0737481628037,2513.3842038937196,0.19749669216158416
main,ready,100,200,1,1,fast,1000,0,same_voltage_always_on,False,1.0,33.79200000688434,63.48800001293421,2.23981250045631,31.745000006467308,0.19939877323398225,31.999999993480742,65.53600001335144,100,2097152,1.0,1.0,0.0,0.0,0.0,2097152,1,0,0.0,0.0,0.0,0.20000000004074536,31.999999993480742,65536,65.53600001335144,1.0,95027.2,262144.0,32768.0,7929.856001615524,13107.200002670288,104857.6,0.0,0,397869.05600161554,515833.85600428586,6070.9999987878255,7870.9999984618635,0.24596875000204366
main,ready,100,200,1,1,fast,1000,0,same_voltage_gated,True,1.0,33.79200000688434,63.48800001293421,2.23981250045631,31.745000006467308,0.19939877323398225,31.999999993480742,65.53600001335144,100,2097152,1.0,1.0,0.0,0.0,0.0,2097152,1,0,0.0,0.0,0.0,0.20000000004074536,31.999999993480742,32768,32.76821742820539,0.5000033175892582,47513.6,262144.0,32768.0,7929.856001615524,13107.200002670288,104857.6,0.0,0,350355.4560016155,468320.25600428577,5345.999998935527,7145.999998609564,0.2233125000020436
main,ready,100,200,1,1,slow,500,0.5,same_voltage_always_on,False,1.0,85.16012500008992,159.7220000001471,5.62462500000629,80.03650000008383,0.502151062012157,12.726209114618314,164.79000000016094,100,2097152,1.0,1.0,0.0,99.2539999868095,0.0,2097152,100,50,0.00015106201168801903,0.09899999998015119,0.500151062011688,0.5020000000004075,12.741518421299112,82395,164.79000000016094,1.0,119472.75,262144.0,32768.0,19939.590000019474,32958.00000003219,104857.6,0.0,0,434324.34000001947,572139.9400000516,2635.623156742492,3471.9336124734077,0.27281758308413107
main,ready,100,200,1,1,slow,500,0.5,same_voltage_gated,True,1.0,85.16012500008992,159.7220000001471,5.62462500000629,80.03650000008383,0.502151062012157,12.726209114618314,164.79000000016094,100,2097152,1.0,1.0,0.0,99.2539999868095,0.0,2097152,100,50,0.00015106201168801903,0.09899999998015119,0.500151062011688,0.5020000000004075,12.741518421299112,82394,164.78800000000047,0.9999878633402484,119471.3,262144.0,32768.0,19939.590000019474,32958.00000003219,104857.6,0.0,0,434322.89000001946,572138.4900000517,2635.6143576648783,3471.924813395794,0.2728168916702517
main,ready,100,200,1,1,slow,500,0.5,lower_voltage_always_on,False,0.8,85.16012500008992,159.7220000001471,5.62462500000629,80.03650000008383,0.502151062012157,12.726209114618314,164.79000000016094,100,2097152,1.0,1.0,0.0,99.2539999868095,0.0,2097152,100,50,0.00015106201168801903,0.09899999998015119,0.500151062011688,0.5020000000004075,12.741518421299112,82395,164.79000000016094,1.0,76462.56000000001,167772.16000000003,20971.520000000004,19939.590000019474,32958.00000003219,104857.6,0.0,0,285145.8300000195,422961.43000005174,1730.3588203151953,2566.669276046111,0.20168372631075465
main,ready,100,200,1,1,slow,500,0.5,lower_voltage_gated,True,0.8,85.16012500008992,159.7220000001471,5.62462500000629,80.03650000008383,0.502151062012157,12.726209114618314,164.79000000016094,100,2097152,1.0,1.0,0.0,99.2539999868095,0.0,2097152,100,50,0.00015106201168801903,0.09899999998015119,0.500151062011688,0.5020000000004075,12.741518421299112,82394,164.78800000000047,0.9999878633402484,76461.63200000001,167772.16000000003,20971.520000000004,19939.590000019474,32958.00000003219,104857.6,0.0,0,285144.9020000195,422960.50200005167,1730.3531889055223,2566.6636446364378,0.2016832838058718
main,ready,100,250,1,1,fast,1000,0,same_voltage_always_on,False,1.0,33.79200000688434,63.48800001293421,2.23981250045631,31.745000006467308,0.19939877323398225,31.999999993480742,65.53600001335144,100,2097152,1.0,1.0,0.0,0.0,0.0,2097152,1,0,0.0,0.0,0.0,0.20000000004074536,31.999999993480742,65536,65.53600001335144,1.0,101580.8,262144.0,32768.0,8257.536001682281,13107.200002670288,104857.6,0.0,0,404750.33600168227,522715.1360043526,6175.999998767453,7975.99999844149,0.24925000000207548
main,ready,100,250,1,1,fast,1000,0,same_voltage_gated,True,1.0,33.79200000688434,63.48800001293421,2.23981250045631,31.745000006467308,0.19939877323398225,31.999999993480742,65.53600001335144,100,2097152,1.0,1.0,0.0,0.0,0.0,2097152,1,0,0.0,0.0,0.0,0.20000000004074536,31.999999993480742,32768,32.76821742820539,0.5000033175892582,50790.4,262144.0,32768.0,8257.536001682281,13107.200002670288,104857.6,0.0,0,353959.9360016823,471924.73600435257,5400.999998925341,7200.999998599378,0.22503125000207547
main,ready,100,250,1,1,slow,500,0.5,same_voltage_always_on,False,1.0,85.16012500008992,159.7220000001471,5.62462500000629,80.03650000008383,0.502151062012157,12.726209114618314,164.79000000016094,100,2097152,1.0,1.0,0.0,99.2539999868095,0.0,2097152,100,50,0.00015106201168801903,0.09899999998015119,0.500151062011688,0.5020000000004075,12.741518421299112,82395,164.79000000016094,1.0,127712.25,262144.0,32768.0,20763.54000002028,32958.00000003219,104857.6,0.0,0,443387.7900000203,581203.3900000525,2690.6231567424434,3526.9336124733595,0.2771393728256476
main,ready,100,250,1,1,slow,500,0.5,same_voltage_gated,True,1.0,85.16012500008992,159.7220000001471,5.62462500000629,80.03650000008383,0.502151062012157,12.726209114618314,164.79000000016094,100,2097152,1.0,1.0,0.0,99.2539999868095,0.0,2097152,100,50,0.00015106201168801903,0.09899999998015119,0.500151062011688,0.5020000000004075,12.741518421299112,82394,164.78800000000047,0.9999878633402484,127710.7,262144.0,32768.0,20763.54000002028,32958.00000003219,104857.6,0.0,0,443386.2400000203,581201.8400000525,2690.6137508318907,3526.9242065628064,0.27713863372805236
main,ready,100,250,1,1,slow,500,0.5,lower_voltage_always_on,False,0.8,85.16012500008992,159.7220000001471,5.62462500000629,80.03650000008383,0.502151062012157,12.726209114618314,164.79000000016094,100,2097152,1.0,1.0,0.0,99.2539999868095,0.0,2097152,100,50,0.00015106201168801903,0.09899999998015119,0.500151062011688,0.5020000000004075,12.741518421299112,82395,164.79000000016094,1.0,81735.84000000001,167772.16000000003,20971.520000000004,20763.54000002028,32958.00000003219,104857.6,0.0,0,291243.06000002037,429058.66000005254,1767.3588203151644,2603.6692760460796,0.20459111213686587
main,ready,100,250,1,1,slow,500,0.5,lower_voltage_gated,True,0.8,85.16012500008992,159.7220000001471,5.62462500000629,80.03650000008383,0.502151062012157,12.726209114618314,164.79000000016094,100,2097152,1.0,1.0,0.0,99.2539999868095,0.0,2097152,100,50,0.00015106201168801903,0.09899999998015119,0.500151062011688,0.5020000000004075,12.741518421299112,82394,164.78800000000047,0.9999878633402484,81734.84800000001,167772.16000000003,20971.520000000004,20763.54000002028,32958.00000003219,104857.6,0.0,0,291242.06800002034,429057.66800005257,1767.3528005324104,2603.6632562633263,0.20459063911440495
main,ready,100,500,1,1,fast,1000,0,same_voltage_always_on,False,1.0,33.79200000688434,63.48800001293421,2.23981250045631,31.745000006467308,0.19939877323398225,31.999999993480742,65.53600001335144,100,2097152,1.0,1.0,0.0,0.0,0.0,2097152,1,0,0.0,0.0,0.0,0.20000000004074536,31.999999993480742,65536,65.53600001335144,1.0,134348.8,262144.0,32768.0,9895.936002016068,13107.200002670288,104857.6,0.0,0,439156.73600201606,557121.5360046864,6700.999998665589,8500.999998339626,0.26565625000223464
main,ready,100,500,1,1,fast,1000,0,same_voltage_gated,True,1.0,33.79200000688434,63.48800001293421,2.23981250045631,31.745000006467308,0.19939877323398225,31.999999993480742,65.53600001335144,100,2097152,1.0,1.0,0.0,0.0,0.0,2097152,1,0,0.0,0.0,0.0,0.20000000004074536,31.999999993480742,32768,32.76821742820539,0.5000033175892582,67174.4,262144.0,32768.0,9895.936002016068,13107.200002670288,104857.6,0.0,0,371982.3360020161,489947.13600468636,5675.999998874409,7475.9999985484465,0.23362500000223463
main,ready,100,500,1,1,slow,500,0.5,same_voltage_always_on,False,1.0,85.16012500008992,159.7220000001471,5.62462500000629,80.03650000008383,0.502151062012157,12.726209114618314,164.79000000016094,100,2097152,1.0,1.0,0.0,99.2539999868095,0.0,2097152,100,50,0.00015106201168801903,0.09899999998015119,0.500151062011688,0.5020000000004075,12.741518421299112,82395,164.79000000016094,1.0,168909.74999999997,262144.0,32768.0,24883.290000024303,32958.00000003219,104857.6,0.0,0,488705.0400000243,626520.6400000565,2965.623156742199,3801.933612473115,0.29874832153323005
main,ready,100,500,1,1,slow,500,0.5,same_voltage_gated,True,1.0,85.16012500008992,159.7220000001471,5.62462500000629,80.03650000008383,0.502151062012157,12.726209114618314,164.79000000016094,100,2097152,1.0,1.0,0.0,99.2539999868095,0.0,2097152,100,50,0.00015106201168801903,0.09899999998015119,0.500151062011688,0.5020000000004075,12.741518421299112,82394,164.78800000000047,0.9999878633402484,168907.69999999998,262144.0,32768.0,24883.290000024303,32958.00000003219,104857.6,0.0,0,488702.99000002426,626518.5900000564,2965.6107166669517,3801.9211723978674,0.2987473440170557
main,ready,100,500,1,1,slow,500,0.5,lower_voltage_always_on,False,0.8,85.16012500008992,159.7220000001471,5.62462500000629,80.03650000008383,0.502151062012157,12.726209114618314,164.79000000016094,100,2097152,1.0,1.0,0.0,99.2539999868095,0.0,2097152,100,50,0.00015106201168801903,0.09899999998015119,0.500151062011688,0.5020000000004075,12.741518421299112,82395,164.79000000016094,1.0,108102.24,167772.16000000003,20971.520000000004,24883.290000024303,32958.00000003219,104857.6,0.0,0,321729.21000002435,459544.8100000565,1952.3588203150077,2788.669276045923,0.21912804126742197
main,ready,100,500,1,1,slow,500,0.5,lower_voltage_gated,True,0.8,85.16012500008992,159.7220000001471,5.62462500000629,80.03650000008383,0.502151062012157,12.726209114618314,164.79000000016094,100,2097152,1.0,1.0,0.0,99.2539999868095,0.0,2097152,100,50,0.00015106201168801903,0.09899999998015119,0.500151062011688,0.5020000000004075,12.741518421299112,82394,164.78800000000047,0.9999878633402484,108100.92800000001,167772.16000000003,20971.520000000004,24883.290000024303,32958.00000003219,104857.6,0.0,0,321727.8980000244,459543.4980000566,1952.3508586668497,2788.6613143977656,0.21912741565707045
main,ready,251,1,1,1,fast,1000,0,same_voltage_always_on,False,1.0,33.79200000688434,63.48800001293421,2.5323750005159127,31.745000006467308,0.4981776734413359,31.999999993480742,65.53600001335144,251,2097152,1.0,1.0,0.0,0.0,0.0,2097152,1,0,0.0,0.0,0.0,0.5020000001022709,31.999999993480742,65536,65.53600001335144,1.0,68943.872,262144.0,32768.0,6625.68960134983,13107.200002670288,104857.6,0.0,0,370481.5616013498,488446.3616040201,5653.099998868908,7453.099998542946,0.23290937500191694
main,ready,251,1,1,1,fast,1000,0,same_voltage_gated,True,1.0,33.79200000688434,63.48800001293421,2.5323750005159127,31.745000006467308,0.4981776734413359,31.999999993480742,65.53600001335144,251,2097152,1.0,1.0,0.0,0.0,0.0,2097152,1,0,0.0,0.0,0.0,0.5020000001022709,31.999999993480742,32768,32.7682154121394,0.5000032868265325,34471.936,262144.0,32768.0,6625.68960134983,13107.200002670288,104857.6,0.0,0,336009.6256013498,453974.4256040201,5127.0999989760685,6927.0999986501065,0.21647187500191695
main,ready,251,1,1,1,slow,500,0.5,same_voltage_always_on,False,1.0,8448.002,15872.002,633.0938125,7936.500999999999,125.02031332397442,0.1279999843750019,16384.002,251,2097152,1.0,1.0,0.0,16318.465999986649,0.0,2097152,1,250,124.51831332397401,124.99799999999959,125.01831332397401,125.5,0.128,8192001,16384.002,1.0,8617985.052000001,262144.0,32768.0,1656422.6021999998,3276800.4,104857.6,0.0,0,10569319.6542,13950977.6542,645.0999978027347,851.4999970214848,6.652344538784027
main,ready,251,1,1,1,slow,500,0.5,same_voltage_gated,True,1.0,8448.002,15872.002,633.0938125,7936.500999999999,125.02031332397442,0.1279999843750019,16384.002,251,2097152,1.0,1.0,0.0,16318.465999986649,0.0,2097152,1,250,124.51831332397401,124.99799999999959,125.01831332397401,125.5,0.128,8192000,16384.0,0.9999998779297024,8617984.0,262144.0,32768.0,1656422.6021999998,3276800.4,104857.6,0.0,0,10569318.6022,13950976.6022,645.099933593758,851.4999328125082,6.6523440371513365
main,ready,251,1,1,1,slow,500,0.5,lower_voltage_always_on,False,0.8,8448.002,15872.002,633.0938125,7936.500999999999,125.02031332397442,0.1279999843750019,16384.002,251,2097152,1.0,1.0,0.0,16318.465999986649,0.0,2097152,1,250,124.51831332397401,124.99799999999959,125.01831332397401,125.5,0.128,8192001,16384.002,1.0,5515510.433280001,167772.16000000003,20971.520000000004,1656422.6021999998,3276800.4,104857.6,0.0,0,7360676.715480001,10742334.71548,449.2599985937502,655.6599978125003,5.122344358196258
main,ready,251,1,1,1,slow,500,0.5,lower_voltage_gated,True,0.8,8448.002,15872.002,633.0938125,7936.500999999999,125.02031332397442,0.1279999843750019,16384.002,251,2097152,1.0,1.0,0.0,16318.465999986649,0.0,2097152,1,250,124.51831332397401,124.99799999999959,125.01831332397401,125.5,0.128,8192000,16384.0,0.9999998779297024,5515509.760000001,167772.16000000003,20971.520000000004,1656422.6021999998,3276800.4,104857.6,0.0,0,7360676.0422,10742334.0422,449.25995750000516,655.6599567187552,5.122344037151336
main,ready,251,4,1,1,fast,1000,0,same_voltage_always_on,False,1.0,33.79200000688434,63.48800001293421,2.5323750005159127,31.745000006467308,0.4981776734413359,31.999999993480742,65.53600001335144,251,2097152,1.0,1.0,0.0,0.0,0.0,2097152,1,0,0.0,0.0,0.0,0.5020000001022709,31.999999993480742,65536,65.53600001335144,1.0,69337.088,262144.0,32768.0,6645.350401353837,13107.200002670288,104857.6,0.0,0,370894.43840135384,488859.23840402416,5659.399998867686,7459.399998541724,0.23310625000191887
main,ready,251,4,1,1,fast,1000,0,same_voltage_gated,True,1.0,33.79200000688434,63.48800001293421,2.5323750005159127,31.745000006467308,0.4981776734413359,31.999999993480742,65.53600001335144,251,2097152,1.0,1.0,0.0,0.0,0.0,2097152,1,0,0.0,0.0,0.0,0.5020000001022709,31.999999993480742,32768,32.7682154121394,0.5000032868265325,34668.544,262144.0,32768.0,6645.350401353837,13107.200002670288,104857.6,0.0,0,336225.89440135384,454190.69440402417,5130.399998975458,6930.3999986494955,0.21657500000191887
main,ready,251,4,1,1,slow,500,0.5,same_voltage_always_on,False,1.0,2112.0080000000016,3968.0080000000016,158.03537500000084,1984.5010000000002,31.255825286865047,0.511999000001953,4096.008000000002,251,2097152,1.0,1.0,0.0,4030.47199998665,0.0,2097152,4,247,30.75382528686464,30.995999999999185,31.25382528686464,31.497999999999593,0.512,2048004,4096.008000000002,1.0,2166788.2320000003,262144.0,32768.0,415335.2112000002,819201.6000000003,104857.6,0.0,0,2877035.4432000006,3801094.643200001,702.3998593752746,927.9998093753723,1.81250316772461
main,ready,251,4,1,1,slow,500,0.5,same_voltage_gated,True,1.0,2112.0080000000016,3968.0080000000016,158.03537500000084,1984.5010000000002,31.255825286865047,0.511999000001953,4096.008000000002,251,2097152,1.0,1.0,0.0,4030.47199998665,0.0,2097152,4,247,30.75382528686464,30.995999999999185,31.25382528686464,31.497999999999593,0.512,2048003,4096.006000000001,0.9999995117197036,2166787.174,262144.0,32768.0,415335.2112000002,819201.6000000003,104857.6,0.0,0,2877034.3852000004,3801093.585200001,702.3996010749977,927.9995510750954,1.8125026632308965
main,ready,251,4,1,1,slow,500,0.5,lower_voltage_always_on,False,0.8,2112.0080000000016,3968.0080000000016,158.03537500000084,1984.5010000000002,31.255825286865047,0.511999000001953,4096.008000000002,251,2097152,1.0,1.0,0.0,4030.47199998665,0.0,2097152,4,247,30.75382528686464,30.995999999999185,31.25382528686464,31.497999999999593,0.512,2048004,4096.008000000002,1.0,1386744.4684800005,167772.16000000003,20971.520000000004,415335.2112000002,819201.6000000003,104857.6,0.0,0,1990823.3596800007,2914882.5596800013,486.0399100001758,711.6398600002735,1.3899243162536628
main,ready,251,4,1,1,slow,500,0.5,lower_voltage_gated,True,0.8,2112.0080000000016,3968.0080000000016,158.03537500000084,1984.5010000000002,31.255825286865047,0.511999000001953,4096.008000000002,251,2097152,1.0,1.0,0.0,4030.47199998665,0.0,2097152,4,247,30.75382528686464,30.995999999999185,31.25382528686464,31.497999999999593,0.512,2048003,4096.006000000001,0.9999995117197036,1386743.7913600004,167772.16000000003,20971.520000000004,415335.2112000002,819201.6000000003,104857.6,0.0,0,1990822.6825600006,2914881.882560001,486.0397446879986,711.6396946880964,1.3899239933776861
main,ready,251,16,1,1,fast,1000,0,same_voltage_always_on,False,1.0,33.79200000688434,63.48800001293421,2.5323750005159127,31.745000006467308,0.4981776734413359,31.999999993480742,65.53600001335144,251,2097152,1.0,1.0,0.0,0.0,0.0,2097152,1,0,0.0,0.0,0.0,0.5020000001022709,31.999999993480742,65536,65.53600001335144,1.0,70909.952,262144.0,32768.0,6723.993601369857,13107.200002670288,104857.6,0.0,0,372545.94560136984,490510.7456040401,5684.599998862796,7484.5999985368335,0.23389375000192647
main,ready,251,16,1,1,fast,1000,0,same_voltage_gated,True,1.0,33.79200000688434,63.48800001293421,2.5323750005159127,31.745000006467308,0.4981776734413359,31.999999993480742,65.53600001335144,251,2097152,1.0,1.0,0.0,0.0,0.0,2097152,1,0,0.0,0.0,0.0,0.5020000001022709,31.999999993480742,32768,32.7682154121394,0.5000032868265325,35454.976,262144.0,32768.0,6723.993601369857,13107.200002670288,104857.6,0.0,0,337090.96960136987,455055.7696040402,5143.5999989730135,6943.599998647051,0.21698750000192651
main,ready,251,16,1,1,slow,500,0.5,same_voltage_always_on,False,1.0,528.0320000000065,992.0320000000065,39.28600000000415,496.5010000000002,7.814771942138504,2.0479360019999246,1024.0320000000065,251,2097152,1.0,1.0,0.0,958.4959999866551,0.0,2097152,16,235,7.31277194213514,7.487999999997555,7.81277194213514,7.989999999997963,2.048,512016,1024.0320000000065,1.0,554001.312,262144.0,32768.0,105065.68320000067,204806.4000000013,104857.6,0.0,0,953978.9952000007,1263642.995200002,931.591000281236,1233.9878003812323,0.6025519348144541
main,ready,251,16,1,1,slow,500,0.5,same_voltage_gated,True,1.0,528.0320000000065,992.0320000000065,39.28600000000415,496.5010000000002,7.814771942138504,2.0479360019999246,1024.0320000000065,251,2097152,1.0,1.0,0.0,958.4959999866551,0.0,2097152,16,235,7.31277194213514,7.487999999997555,7.81277194213514,7.989999999997963,2.048,512015,1024.0299999999988,0.9999980469360258,554000.23,262144.0,32768.0,105065.68320000067,204806.4000000013,104857.6,0.0,0,953977.9132000007,1263641.9132000022,931.5899436736299,1233.9867437736264,0.602551418876649
main,ready,251,16,1,1,slow,500,0.5,lower_voltage_always_on,False,0.8,528.0320000000065,992.0320000000065,39.28600000000415,496.5010000000002,7.814771942138504,2.0479360019999246,1024.0320000000065,251,2097152,1.0,1.0,0.0,958.4959999866551,0.0,2097152,16,235,7.31277194213514,7.487999999997555,7.81277194213514,7.989999999997963,2.048,512016,1024.0320000000065,1.0,354560.8396800001,167772.16000000003,20971.520000000004,105065.68320000067,204806.4000000013,104857.6,0.0,0,648370.2028800008,958034.2028800021,633.1542401799911,935.5510402799873,0.4568263067626963
main,ready,251,16,1,1,slow,500,0.5,lower_voltage_gated,True,0.8,528.0320000000065,992.0320000000065,39.28600000000415,496.5010000000002,7.814771942138504,2.0479360019999246,1024.0320000000065,251,2097152,1.0,1.0,0.0,958.4959999866551,0.0,2097152,16,235,7.31277194213514,7.487999999997555,7.81277194213514,7.989999999997963,2.048,512015,1024.0299999999988,0.9999980469360258,354560.14720000006,167772.16000000003,20971.520000000004,105065.68320000067,204806.4000000013,104857.6,0.0,0,648369.5104000007,958033.510400002,633.1535639511233,935.5503640511195,0.45682597656250096
main,ready,251,64,1,1,fast,1000,0,same_voltage_always_on,False,1.0,33.79200000688434,63.48800001293421,2.5323750005159127,31.745000006467308,0.4981776734413359,31.999999993480742,65.53600001335144,251,2097152,1.0,1.0,0.0,0.0,0.0,2097152,1,0,0.0,0.0,0.0,0.5020000001022709,31.999999993480742,65536,65.53600001335144,1.0,77201.40800000001,262144.0,32768.0,7038.566401433945,13107.200002670288,104857.6,0.0,0,379151.97440143395,497116.7744041042,5785.39999884324,7585.399998517276,0.23704375000195704
main,ready,251,64,1,1,fast,1000,0,same_voltage_gated,True,1.0,33.79200000688434,63.48800001293421,2.5323750005159127,31.745000006467308,0.4981776734413359,31.999999993480742,65.53600001335144,251,2097152,1.0,1.0,0.0,0.0,0.0,2097152,1,0,0.0,0.0,0.0,0.5020000001022709,31.999999993480742,32768,32.7682154121394,0.5000032868265325,38600.704000000005,262144.0,32768.0,7038.566401433945,13107.200002670288,104857.6,0.0,0,340551.270401434,458516.0704041043,5196.399998963235,6996.399998637273,0.21863750000195709
main,ready,251,64,1,1,slow,500,0.5,same_voltage_always_on,False,1.0,132.12800000002608,248.12800000002608,9.569500000023709,124.5010000000002,1.95485641479483,8.187906046975678,256.1280000000261,251,2097152,1.0,1.0,0.0,190.59199998667464,0.0,2097152,64,187,1.4528564147816896,1.4879999999975553,1.9528564147816896,1.9899999999979627,8.192,128064,256.1280000000261,1.0,150859.39200000002,262144.0,32768.0,27508.1472000028,51225.600000005215,104857.6,0.0,0,473279.5392000028,629362.739200008,1847.8242878558947,2457.2195902046788,0.3001035400390663
main,ready,251,64,1,1,slow,500,0.5,same_voltage_gated,True,1.0,132.12800000002608,248.12800000002608,9.569500000023709,124.5010000000002,1.95485641479483,8.187906046975678,256.1280000000261,251,2097152,1.0,1.0,0.0,190.59199998667464,0.0,2097152,64,187,1.4528564147816896,1.4879999999975553,1.9528564147816896,1.9899999999979627,8.192,128063,256.1260000000002,0.9999921914041968,150858.214,262144.0,32768.0,27508.1472000028,51225.600000005215,104857.6,0.0,0,473278.36120000284,629361.561200008,1847.8196885930263,2457.2149909418104,0.30010297832489397
main,ready,251,64,1,1,slow,500,0.5,lower_voltage_always_on,False,0.8,132.12800000002608,248.12800000002608,9.569500000023709,124.5010000000002,1.95485641479483,8.187906046975678,256.1280000000261,251,2097152,1.0,1.0,0.0,190.59199998667464,0.0,2097152,64,187,1.4528564147816896,1.4879999999975553,1.9528564147816896,1.9899999999979627,8.192,128064,256.1280000000261,1.0,96550.01088000003,167772.16000000003,20971.520000000004,27508.1472000028,51225.600000005215,104857.6,0.0,0,312801.83808000287,468885.0380800081,1221.271544227773,1830.666846576557,0.22358180908203512
main,ready,251,64,1,1,slow,500,0.5,lower_voltage_gated,True,0.8,132.12800000002608,248.12800000002608,9.569500000023709,124.5010000000002,1.95485641479483,8.187906046975678,256.1280000000261,251,2097152,1.0,1.0,0.0,190.59199998667464,0.0,2097152,64,187,1.4528564147816896,1.4879999999975553,1.9528564147816896,1.9899999999979627,8.192,128063,256.1260000000002,0.9999921914041968,96549.25696000003,167772.16000000003,20971.520000000004,27508.1472000028,51225.600000005215,104857.6,0.0,0,312801.0841600029,468884.2841600081,1221.268600699537,1830.663903048321,0.2235814495849648
main,ready,251,128,1,1,fast,1000,0,same_voltage_always_on,False,1.0,33.79200000688434,63.48800001293421,2.5323750005159127,31.745000006467308,0.4981776734413359,31.999999993480742,65.53600001335144,251,2097152,1.0,1.0,0.0,0.0,0.0,2097152,1,0,0.0,0.0,0.0,0.5020000001022709,31.999999993480742,65536,65.53600001335144,1.0,85590.016,262144.0,32768.0,7457.996801519394,13107.200002670288,104857.6,0.0,0,387960.0128015194,505924.81280418974,5919.799998817162,7719.7999984912,0.24124375000199783
main,ready,251,128,1,1,fast,1000,0,same_voltage_gated,True,1.0,33.79200000688434,63.48800001293421,2.5323750005159127,31.745000006467308,0.4981776734413359,31.999999993480742,65.53600001335144,251,2097152,1.0,1.0,0.0,0.0,0.0,2097152,1,0,0.0,0.0,0.0,0.5020000001022709,31.999999993480742,32768,32.7682154121394,0.5000032868265325,42795.008,262144.0,32768.0,7457.996801519394,13107.200002670288,104857.6,0.0,0,345165.00480151945,463129.8048041897,5266.799998950197,7066.799998624233,0.2208375000019978
main,ready,251,128,1,1,slow,500,0.5,same_voltage_always_on,False,1.0,66.25600000005215,124.25600000005215,4.728750000049786,62.501000000000204,0.9786413269043069,16.351297405182972,128.25600000005215,251,2097152,1.0,1.0,0.0,62.719999986700714,0.0,2097152,128,125,0.47664132687803573,0.49399999994784594,0.9766413268780357,0.9899999999979627,16.384,64128,128.25600000005215,1.0,83751.168,262144.0,32768.0,14595.532800005934,25651.20000001043,104857.6,0.0,0,393258.7008000059,523767.50080001634,3066.2011976035897,4083.766067862738,0.2497518066406328
main,ready,251,128,1,1,slow,500,0.5,same_voltage_gated,True,1.0,66.25600000005215,124.25600000005215,4.728750000049786,62.501000000000204,0.9786413269043069,16.351297405182972,128.25600000005215,251,2097152,1.0,1.0,0.0,62.719999986700714,0.0,2097152,128,125,0.47664132687803573,0.49399999994784594,0.9766413268780357,0.9899999999979627,16.384,64127,128.25400000000081,0.9999844061872245,83749.86200000001,262144.0,32768.0,14595.532800005934,25651.20000001043,104857.6,0.0,0,393257.39480000595,523766.19480001635,3066.191014844109,4083.7558851032572,0.24975118389130418
main,ready,251,128,1,1,slow,500,0.5,lower_voltage_always_on,False,0.8,66.25600000005215,124.25600000005215,4.728750000049786,62.501000000000204,0.9786413269043069,16.351297405182972,128.25600000005215,251,2097152,1.0,1.0,0.0,62.719999986700714,0.0,2097152,128,125,0.47664132687803573,0.49399999994784594,0.9766413268780357,0.9899999999979627,16.384,64128,128.25600000005215,1.0,53600.74752000001,167772.16000000003,20971.520000000004,14595.532800005934,25651.20000001043,104857.6,0.0,0,256939.96032000595,387448.7603200164,2003.3367664662976,3020.9016367254467,0.18474996582032033
main,ready,251,128,1,1,slow,500,0.5,lower_voltage_gated,True,0.8,66.25600000005215,124.25600000005215,4.728750000049786,62.501000000000204,0.9786413269043069,16.351297405182972,128.25600000005215,251,2097152,1.0,1.0,0.0,62.719999986700714,0.0,2097152,128,125,0.47664132687803573,0.49399999994784594,0.9766413268780357,0.9899999999979627,16.384,64127,128.25400000000081,0.9999844061872245,53599.91168000002,167772.16000000003,20971.520000000004,14595.532800005934,25651.20000001043,104857.6,0.0,0,256939.124480006,387447.92448001646,2003.3302495002301,3020.8951197593788,0.18474956726075004
main,ready,251,200,1,1,fast,1000,0,same_voltage_always_on,False,1.0,33.79200000688434,63.48800001293421,2.5323750005159127,31.745000006467308,0.4981776734413359,31.999999993480742,65.53600001335144,251,2097152,1.0,1.0,0.0,0.0,0.0,2097152,1,0,0.0,0.0,0.0,0.5020000001022709,31.999999993480742,65536,65.53600001335144,1.0,95027.2,262144.0,32768.0,7929.856001615524,13107.200002670288,104857.6,0.0,0,397869.05600161554,515833.85600428586,6070.9999987878255,7870.9999984618635,0.24596875000204366
main,ready,251,200,1,1,fast,1000,0,same_voltage_gated,True,1.0,33.79200000688434,63.48800001293421,2.5323750005159127,31.745000006467308,0.4981776734413359,31.999999993480742,65.53600001335144,251,2097152,1.0,1.0,0.0,0.0,0.0,2097152,1,0,0.0,0.0,0.0,0.5020000001022709,31.999999993480742,32768,32.7682154121394,0.5000032868265325,47513.6,262144.0,32768.0,7929.856001615524,13107.200002670288,104857.6,0.0,0,350355.4560016155,468320.25600428577,5345.999998935527,7145.999998609564,0.2233125000020436
main,ready,251,200,1,1,slow,500,0.5,same_voltage_always_on,False,1.0,42.68887500004166,79.78800000005867,3.1792500000015025,40.13562500003718,0.6275607604981924,25.47065682081054,82.33600000006845,251,2097152,1.0,1.0,0.0,16.799999986717012,0.0,2097152,200,125,0.12556076045730946,0.3499999999476131,0.6255607604573095,0.7019999999392894,25.595000976375875,41168,82.33600000006845,1.0,59693.6,262144.0,32768.0,9962.656000008283,16467.20000001369,104857.6,0.0,0,364568.25600000826,485893.056000022,4427.811115425879,5901.343956466406,0.23169186401368236
main,ready,251,200,1,1,slow,500,0.5,same_voltage_gated,True,1.0,42.68887500004166,79.78800000005867,3.1792500000015025,40.13562500003718,0.6275607604981924,25.47065682081054,82.33600000006845,251,2097152,1.0,1.0,0.0,16.799999986717012,0.0,2097152,200,125,0.12556076045730946,0.3499999999476131,0.6255607604573095,0.7019999999392894,25.595000976375875,41167,82.33399999999892,0.9999757092879236,59692.15,262144.0,32768.0,9962.656000008283,16467.20000001369,104857.6,0.0,0,364566.8060000083,485891.60600002203,4427.793504660236,5901.326345700763,0.23169117259980299
main,ready,251,200,1,1,slow,500,0.5,lower_voltage_always_on,False,0.8,42.68887500004166,79.78800000005867,3.1792500000015025,40.13562500003718,0.6275607604981924,25.47065682081054,82.33600000006845,251,2097152,1.0,1.0,0.0,16.799999986717012,0.0,2097152,200,125,0.12556076045730946,0.3499999999476131,0.6255607604573095,0.7019999999392894,25.595000976375875,41168,82.33600000006845,1.0,38203.90400000001,167772.16000000003,20971.520000000004,9962.656000008283,16467.20000001369,104857.6,0.0,0,236910.2400000083,358235.04000002204,2877.3591138725633,4350.891954913091,0.17081977844239332
main,ready,251,200,1,1,slow,500,0.5,lower_voltage_gated,True,0.8,42.68887500004166,79.78800000005867,3.1792500000015025,40.13562500003718,0.6275607604981924,25.47065682081054,82.33600000006845,251,2097152,1.0,1.0,0.0,16.799999986717012,0.0,2097152,200,125,0.12556076045730946,0.3499999999476131,0.6255607604573095,0.7019999999392894,25.595000976375875,41167,82.33399999999892,0.9999757092879236,38202.97600000001,167772.16000000003,20971.520000000004,9962.656000008283,16467.20000001369,104857.6,0.0,0,236909.31200000836,358234.1120000221,2877.347842982552,4350.880684023079,0.17081933593751053
main,ready,251,250,1,1,fast,1000,0,same_voltage_always_on,False,1.0,33.79200000688434,63.48800001293421,2.5323750005159127,31.745000006467308,0.4981776734413359,31.999999993480742,65.53600001335144,251,2097152,1.0,1.0,0.0,0.0,0.0,2097152,1,0,0.0,0.0,0.0,0.5020000001022709,31.999999993480742,65536,65.53600001335144,1.0,101580.8,262144.0,32768.0,8257.536001682281,13107.200002670288,104857.6,0.0,0,404750.33600168227,522715.1360043526,6175.999998767453,7975.99999844149,0.24925000000207548
main,ready,251,250,1,1,fast,1000,0,same_voltage_gated,True,1.0,33.79200000688434,63.48800001293421,2.5323750005159127,31.745000006467308,0.4981776734413359,31.999999993480742,65.53600001335144,251,2097152,1.0,1.0,0.0,0.0,0.0,2097152,1,0,0.0,0.0,0.0,0.5020000001022709,31.999999993480742,32768,32.7682154121394,0.5000032868265325,50790.4,262144.0,32768.0,8257.536001682281,13107.200002670288,104857.6,0.0,0,353959.9360016823,471924.73600435257,5400.999998925341,7200.999998599378,0.22503125000207547
main,ready,251,250,1,1,slow,500,0.5,same_voltage_always_on,False,1.0,34.29200000688434,63.98800001293421,2.5480000005159127,32.24500000646731,0.5029574891153575,31.757707910472906,66.03600001335144,251,2097152,1.0,1.0,0.0,0.5,0.0,2097152,250,125,0.0009574890134768088,0.2499999999490683,0.5009574890134768,0.5020000001022709,31.999999993480742,33018,66.03600001335144,1.0,51177.9,262144.0,32768.0,8320.536001682281,13207.200002670288,104857.6,0.0,0,354410.4360016823,472475.23600435257,5366.92767475356,7154.813070277205,0.2252937488576663
main,ready,251,250,1,1,slow,500,0.5,same_voltage_gated,True,1.0,34.29200000688434,63.98800001293421,2.5480000005159127,32.24500000646731,0.5029574891153575,31.757707910472906,66.03600001335144,251,2097152,1.0,1.0,0.0,0.5,0.0,2097152,250,125,0.0009574890134768088,0.2499999999490683,0.5009574890134768,0.5020000001022709,31.999999993480742,33017,66.03399999999965,0.9999697132874283,51176.35,262144.0,32768.0,8320.536001682281,13207.200002670288,104857.6,0.0,0,354408.88600168226,472473.6860043525,5366.904202708013,7154.789598231658,0.22529300976007105
main,ready,251,250,1,1,slow,500,0.5,lower_voltage_always_on,False,0.8,34.29200000688434,63.98800001293421,2.5480000005159127,32.24500000646731,0.5029574891153575,31.757707910472906,66.03600001335144,251,2097152,1.0,1.0,0.0,0.5,0.0,2097152,250,125,0.0009574890134768088,0.2499999999490683,0.5009574890134768,0.5020000001022709,31.999999993480742,33018,66.03600001335144,1.0,32753.856000000007,167772.16000000003,20971.520000000004,8320.536001682281,13207.200002670288,104857.6,0.0,0,229818.0720016823,347882.8720043526,3480.1937118422784,5268.079107365925,0.16588348007409698
main,ready,251,250,1,1,slow,500,0.5,lower_voltage_gated,True,0.8,34.29200000688434,63.98800001293421,2.5480000005159127,32.24500000646731,0.5029574891153575,31.757707910472906,66.03600001335144,251,2097152,1.0,1.0,0.0,0.5,0.0,2097152,250,125,0.0009574890134768088,0.2499999999490683,0.5009574890134768,0.5020000001022709,31.999999993480742,33017,66.03399999999965,0.9999697132874283,32752.864000000005,167772.16000000003,20971.520000000004,8320.536001682281,13207.200002670288,104857.6,0.0,0,229817.08000168233,347881.88000435266,3480.1786897331294,5268.064085256775,0.16588300705163606
main,ready,251,500,1,1,fast,1000,0,same_voltage_always_on,False,1.0,33.79200000688434,63.48800001293421,2.5323750005159127,31.745000006467308,0.4981776734413359,31.999999993480742,65.53600001335144,251,2097152,1.0,1.0,0.0,0.0,0.0,2097152,1,0,0.0,0.0,0.0,0.5020000001022709,31.999999993480742,65536,65.53600001335144,1.0,134348.8,262144.0,32768.0,9895.936002016068,13107.200002670288,104857.6,0.0,0,439156.73600201606,557121.5360046864,6700.999998665589,8500.999998339626,0.26565625000223464
main,ready,251,500,1,1,fast,1000,0,same_voltage_gated,True,1.0,33.79200000688434,63.48800001293421,2.5323750005159127,31.745000006467308,0.4981776734413359,31.999999993480742,65.53600001335144,251,2097152,1.0,1.0,0.0,0.0,0.0,2097152,1,0,0.0,0.0,0.0,0.5020000001022709,31.999999993480742,32768,32.7682154121394,0.5000032868265325,67174.4,262144.0,32768.0,9895.936002016068,13107.200002670288,104857.6,0.0,0,371982.3360020161,489947.13600468636,5675.999998874409,7475.9999985484465,0.23362500000223463
main,ready,251,500,1,1,slow,500,0.5,same_voltage_always_on,False,1.0,34.29200000688434,63.98800001293421,2.5480000005159127,32.24500000646731,0.5029574891153575,31.757707910472906,66.03600001335144,251,2097152,1.0,1.0,0.0,0.5,0.0,2097152,250,125,0.0009574890134768088,0.2499999999490683,0.5009574890134768,0.5020000001022709,31.999999993480742,33018,66.03600001335144,1.0,67686.9,262144.0,32768.0,9971.436002016068,13207.200002670288,104857.6,0.0,0,372570.3360020161,490635.13600468636,5641.9276747030135,7429.813070226659,0.23395306396707838
main,ready,251,500,1,1,slow,500,0.5,same_voltage_gated,True,1.0,34.29200000688434,63.98800001293421,2.5480000005159127,32.24500000646731,0.5029574891153575,31.757707910472906,66.03600001335144,251,2097152,1.0,1.0,0.0,0.5,0.0,2097152,250,125,0.0009574890134768088,0.2499999999490683,0.5009574890134768,0.5020000001022709,31.999999993480742,33017,66.03399999999965,0.9999697132874283,67684.84999999999,262144.0,32768.0,9971.436002016068,13207.200002670288,104857.6,0.0,0,372568.28600201604,490633.0860046863,5641.896631029872,7429.7820265535165,0.23395208645090404
main,ready,251,500,1,1,slow,500,0.5,lower_voltage_always_on,False,0.8,34.29200000688434,63.98800001293421,2.5480000005159127,32.24500000646731,0.5029574891153575,31.757707910472906,66.03600001335144,251,2097152,1.0,1.0,0.0,0.5,0.0,2097152,250,125,0.0009574890134768088,0.2499999999490683,0.5009574890134768,0.5020000001022709,31.999999993480742,33018,66.03600001335144,1.0,43319.616,167772.16000000003,20971.520000000004,9971.436002016068,13207.200002670288,104857.6,0.0,0,242034.7320020161,360099.5320046864,3665.193711809929,5453.079107333575,0.17170883751138993
main,ready,251,500,1,1,slow,500,0.5,lower_voltage_gated,True,0.8,34.29200000688434,63.98800001293421,2.5480000005159127,32.24500000646731,0.5029574891153575,31.757707910472906,66.03600001335144,251,2097152,1.0,1.0,0.0,0.5,0.0,2097152,250,125,0.0009574890134768088,0.2499999999490683,0.5009574890134768,0.5020000001022709,31.999999993480742,33017,66.03399999999965,0.9999697132874283,43318.304000000004,167772.16000000003,20971.520000000004,9971.436002016068,13207.200002670288,104857.6,0.0,0,242033.42000201612,360098.2200046864,3665.1738438591187,5453.059239382764,0.17170821190103835
main,ready,500,1,1,1,fast,1000,0,same_voltage_always_on,False,1.0,33.79200000688434,63.48800001293421,3.014812500614198,31.745000006467308,0.9847869569877369,31.999999993480742,65.53600001335144,500,2097152,1.0,1.0,0.0,0.0,0.0,2097152,1,0,0.0,0.0,0.0,1.0000000002037268,31.999999993480742,65536,65.53600001335144,1.0,68943.872,262144.0,32768.0,6625.68960134983,13107.200002670288,104857.6,0.0,0,370481.5616013498,488446.3616040201,5653.099998868908,7453.099998542946,0.23290937500191694
main,ready,500,1,1,1,fast,1000,0,same_voltage_gated,True,1.0,33.79200000688434,63.48800001293421,3.014812500614198,31.745000006467308,0.9847869569877369,31.999999993480742,65.53600001335144,500,2097152,1.0,1.0,0.0,0.0,0.0,2097152,1,0,0.0,0.0,0.0,1.0000000002037268,31.999999993480742,32768,32.76821208763067,0.5000032360985551,34471.936,262144.0,32768.0,6625.68960134983,13107.200002670288,104857.6,0.0,0,336009.6256013498,453974.4256040201,5127.0999989760685,6927.0999986501065,0.21647187500191695
main,ready,500,1,1,1,slow,500,0.5,same_voltage_always_on,False,1.0,8448.002,15872.002,753.7031875,7936.500999999999,248.0926895141594,0.1279999843750019,16384.002,500,2097152,1.0,1.0,0.0,16318.465999986649,0.0,2097152,1,499,247.59068951415898,249.4979999999996,248.09068951415898,250.0,0.128,8192001,16384.002,1.0,8617985.052000001,262144.0,32768.0,1656422.6021999998,3276800.4,104857.6,0.0,0,10569319.6542,13950977.6542,645.0999978027347,851.4999970214848,6.652344538784027
main,ready,500,1,1,1,slow,500,0.5,same_voltage_gated,True,1.0,8448.002,15872.002,753.7031875,7936.500999999999,248.0926895141594,0.1279999843750019,16384.002,500,2097152,1.0,1.0,0.0,16318.465999986649,0.0,2097152,1,499,247.59068951415898,249.4979999999996,248.09068951415898,250.0,0.128,8192000,16384.0,0.9999998779297024,8617984.0,262144.0,32768.0,1656422.6021999998,3276800.4,104857.6,0.0,0,10569318.6022,13950976.6022,645.099933593758,851.4999328125082,6.6523440371513365
main,ready,500,1,1,1,slow,500,0.5,lower_voltage_always_on,False,0.8,8448.002,15872.002,753.7031875,7936.500999999999,248.0926895141594,0.1279999843750019,16384.002,500,2097152,1.0,1.0,0.0,16318.465999986649,0.0,2097152,1,499,247.59068951415898,249.4979999999996,248.09068951415898,250.0,0.128,8192001,16384.002,1.0,5515510.433280001,167772.16000000003,20971.520000000004,1656422.6021999998,3276800.4,104857.6,0.0,0,7360676.715480001,10742334.71548,449.2599985937502,655.6599978125003,5.122344358196258
main,ready,500,1,1,1,slow,500,0.5,lower_voltage_gated,True,0.8,8448.002,15872.002,753.7031875,7936.500999999999,248.0926895141594,0.1279999843750019,16384.002,500,2097152,1.0,1.0,0.0,16318.465999986649,0.0,2097152,1,499,247.59068951415898,249.4979999999996,248.09068951415898,250.0,0.128,8192000,16384.0,0.9999998779297024,5515509.760000001,167772.16000000003,20971.520000000004,1656422.6021999998,3276800.4,104857.6,0.0,0,7360676.0422,10742334.0422,449.25995750000516,655.6599567187552,5.122344037151336
main,ready,500,4,1,1,fast,1000,0,same_voltage_always_on,False,1.0,33.79200000688434,63.48800001293421,3.014812500614198,31.745000006467308,0.9847869569877369,31.999999993480742,65.53600001335144,500,2097152,1.0,1.0,0.0,0.0,0.0,2097152,1,0,0.0,0.0,0.0,1.0000000002037268,31.999999993480742,65536,65.53600001335144,1.0,69337.088,262144.0,32768.0,6645.350401353837,13107.200002670288,104857.6,0.0,0,370894.43840135384,488859.23840402416,5659.399998867686,7459.399998541724,0.23310625000191887
main,ready,500,4,1,1,fast,1000,0,same_voltage_gated,True,1.0,33.79200000688434,63.48800001293421,3.014812500614198,31.745000006467308,0.9847869569877369,31.999999993480742,65.53600001335144,500,2097152,1.0,1.0,0.0,0.0,0.0,2097152,1,0,0.0,0.0,0.0,1.0000000002037268,31.999999993480742,32768,32.76821208763067,0.5000032360985551,34668.544,262144.0,32768.0,6645.350401353837,13107.200002670288,104857.6,0.0,0,336225.89440135384,454190.69440402417,5130.399998975458,6930.3999986494955,0.21657500000191887
main,ready,500,4,1,1,slow,500,0.5,same_voltage_always_on,False,1.0,2112.0080000000016,3968.0080000000016,188.06856250000124,1984.5010000000002,62.02324676513596,0.511999000001953,4096.008000000002,500,2097152,1.0,1.0,0.0,4030.47199998665,0.0,2097152,4,496,61.52124676513555,61.99799999999959,62.02124676513555,62.5,0.512,2048004,4096.008000000002,1.0,2166788.2320000003,262144.0,32768.0,415335.2112000002,819201.6000000003,104857.6,0.0,0,2877035.4432000006,3801094.643200001,702.3998593752746,927.9998093753723,1.81250316772461
main,ready,500,4,1,1,slow,500,0.5,same_voltage_gated,True,1.0,2112.0080000000016,3968.0080000000016,188.06856250000124,1984.5010000000002,62.02324676513596,0.511999000001953,4096.008000000002,500,2097152,1.0,1.0,0.0,4030.47199998665,0.0,2097152,4,496,61.52124676513555,61.99799999999959,62.02124676513555,62.5,0.512,2048003,4096.006000000001,0.9999995117197036,2166787.174,262144.0,32768.0,415335.2112000002,819201.6000000003,104857.6,0.0,0,2877034.3852000004,3801093.585200001,702.3996010749977,927.9995510750954,1.8125026632308965
main,ready,500,4,1,1,slow,500,0.5,lower_voltage_always_on,False,0.8,2112.0080000000016,3968.0080000000016,188.06856250000124,1984.5010000000002,62.02324676513596,0.511999000001953,4096.008000000002,500,2097152,1.0,1.0,0.0,4030.47199998665,0.0,2097152,4,496,61.52124676513555,61.99799999999959,62.02124676513555,62.5,0.512,2048004,4096.008000000002,1.0,1386744.4684800005,167772.16000000003,20971.520000000004,415335.2112000002,819201.6000000003,104857.6,0.0,0,1990823.3596800007,2914882.5596800013,486.0399100001758,711.6398600002735,1.3899243162536628
main,ready,500,4,1,1,slow,500,0.5,lower_voltage_gated,True,0.8,2112.0080000000016,3968.0080000000016,188.06856250000124,1984.5010000000002,62.02324676513596,0.511999000001953,4096.008000000002,500,2097152,1.0,1.0,0.0,4030.47199998665,0.0,2097152,4,496,61.52124676513555,61.99799999999959,62.02124676513555,62.5,0.512,2048003,4096.006000000001,0.9999995117197036,1386743.7913600004,167772.16000000003,20971.520000000004,415335.2112000002,819201.6000000003,104857.6,0.0,0,1990822.6825600006,2914881.882560001,486.0397446879986,711.6396946880964,1.3899239933776861
main,ready,500,16,1,1,fast,1000,0,same_voltage_always_on,False,1.0,33.79200000688434,63.48800001293421,3.014812500614198,31.745000006467308,0.9847869569877369,31.999999993480742,65.53600001335144,500,2097152,1.0,1.0,0.0,0.0,0.0,2097152,1,0,0.0,0.0,0.0,1.0000000002037268,31.999999993480742,65536,65.53600001335144,1.0,70909.952,262144.0,32768.0,6723.993601369857,13107.200002670288,104857.6,0.0,0,372545.94560136984,490510.7456040401,5684.599998862796,7484.5999985368335,0.23389375000192647
main,ready,500,16,1,1,fast,1000,0,same_voltage_gated,True,1.0,33.79200000688434,63.48800001293421,3.014812500614198,31.745000006467308,0.9847869569877369,31.999999993480742,65.53600001335144,500,2097152,1.0,1.0,0.0,0.0,0.0,2097152,1,0,0.0,0.0,0.0,1.0000000002037268,31.999999993480742,32768,32.76821208763067,0.5000032360985551,35454.976,262144.0,32768.0,6723.993601369857,13107.200002670288,104857.6,0.0,0,337090.96960136987,455055.7696040402,5143.5999989730135,6943.599998647051,0.21698750000192651
main,ready,500,16,1,1,slow,500,0.5,same_voltage_always_on,False,1.0,528.0320000000065,992.0320000000065,47.02243750000139,496.5010000000002,15.506036315917246,2.0479360019999246,1024.0320000000065,500,2097152,1.0,1.0,0.0,958.4959999866551,0.0,2097152,16,484,15.004036315913883,15.473999999994703,15.504036315913883,15.97599999999511,2.048,512016,1024.0320000000065,1.0,554001.312,262144.0,32768.0,105065.68320000067,204806.4000000013,104857.6,0.0,0,953978.9952000007,1263642.995200002,931.591000281236,1233.9878003812323,0.6025519348144541
main,ready,500,16,1,1,slow,500,0.5,same_voltage_gated,True,1.0,528.0320000000065,992.0320000000065,47.02243750000139,496.5010000000002,15.506036315917246,2.0479360019999246,1024.0320000000065,500,2097152,1.0,1.0,0.0,958.4959999866551,0.0,2097152,16,484,15.004036315913883,15.473999999994703,15.504036315913883,15.97599999999511,2.048,512015,1024.0299999999988,0.9999980469360258,554000.23,262144.0,32768.0,105065.68320000067,204806.4000000013,104857.6,0.0,0,953977.9132000007,1263641.9132000022,931.5899436736299,1233.9867437736264,0.602551418876649
main,ready,500,16,1,1,slow,500,0.5,lower_voltage_always_on,False,0.8,528.0320000000065,992.0320000000065,47.02243750000139,496.5010000000002,15.506036315917246,2.0479360019999246,1024.0320000000065,500,2097152,1.0,1.0,0.0,958.4959999866551,0.0,2097152,16,484,15.004036315913883,15.473999999994703,15.504036315913883,15.97599999999511,2.048,512016,1024.0320000000065,1.0,354560.8396800001,167772.16000000003,20971.520000000004,105065.68320000067,204806.4000000013,104857.6,0.0,0,648370.2028800008,958034.2028800021,633.1542401799911,935.5510402799873,0.4568263067626963
main,ready,500,16,1,1,slow,500,0.5,lower_voltage_gated,True,0.8,528.0320000000065,992.0320000000065,47.02243750000139,496.5010000000002,15.506036315917246,2.0479360019999246,1024.0320000000065,500,2097152,1.0,1.0,0.0,958.4959999866551,0.0,2097152,16,484,15.004036315913883,15.473999999994703,15.504036315913883,15.97599999999511,2.048,512015,1024.0299999999988,0.9999980469360258,354560.14720000006,167772.16000000003,20971.520000000004,105065.68320000067,204806.4000000013,104857.6,0.0,0,648369.5104000007,958033.510400002,633.1535639511233,935.5503640511195,0.45682597656250096
main,ready,500,64,1,1,fast,1000,0,same_voltage_always_on,False,1.0,33.79200000688434,63.48800001293421,3.014812500614198,31.745000006467308,0.9847869569877369,31.999999993480742,65.53600001335144,500,2097152,1.0,1.0,0.0,0.0,0.0,2097152,1,0,0.0,0.0,0.0,1.0000000002037268,31.999999993480742,65536,65.53600001335144,1.0,77201.40800000001,262144.0,32768.0,7038.566401433945,13107.200002670288,104857.6,0.0,0,379151.97440143395,497116.7744041042,5785.39999884324,7585.399998517276,0.23704375000195704
main,ready,500,64,1,1,fast,1000,0,same_voltage_gated,True,1.0,33.79200000688434,63.48800001293421,3.014812500614198,31.745000006467308,0.9847869569877369,31.999999993480742,65.53600001335144,500,2097152,1.0,1.0,0.0,0.0,0.0,2097152,1,0,0.0,0.0,0.0,1.0000000002037268,31.999999993480742,32768,32.76821208763067,0.5000032360985551,38600.704000000005,262144.0,32768.0,7038.566401433945,13107.200002670288,104857.6,0.0,0,340551.270401434,458516.0704041043,5196.399998963235,6996.399998637273,0.21863750000195709
main,ready,500,64,1,1,slow,500,0.5,same_voltage_always_on,False,1.0,132.12800000002608,248.12800000002608,11.493437500020946,124.5010000000002,3.877391784667399,8.187906046975678,256.1280000000261,500,2097152,1.0,1.0,0.0,190.59199998667464,0.0,2097152,64,436,3.3753917846542585,3.473999999994703,3.8753917846542585,3.9759999999951106,8.192,128064,256.1280000000261,1.0,150859.39200000002,262144.0,32768.0,27508.1472000028,51225.600000005215,104857.6,0.0,0,473279.5392000028,629362.739200008,1847.8242878558947,2457.2195902046788,0.3001035400390663
main,ready,500,64,1,1,slow,500,0.5,same_voltage_gated,True,1.0,132.12800000002608,248.12800000002608,11.493437500020946,124.5010000000002,3.877391784667399,8.187906046975678,256.1280000000261,500,2097152,1.0,1.0,0.0,190.59199998667464,0.0,2097152,64,436,3.3753917846542585,3.473999999994703,3.8753917846542585,3.9759999999951106,8.192,128063,256.1260000000002,0.9999921914041968,150858.214,262144.0,32768.0,27508.1472000028,51225.600000005215,104857.6,0.0,0,473278.36120000284,629361.561200008,1847.8196885930263,2457.2149909418104,0.30010297832489397
main,ready,500,64,1,1,slow,500,0.5,lower_voltage_always_on,False,0.8,132.12800000002608,248.12800000002608,11.493437500020946,124.5010000000002,3.877391784667399,8.187906046975678,256.1280000000261,500,2097152,1.0,1.0,0.0,190.59199998667464,0.0,2097152,64,436,3.3753917846542585,3.473999999994703,3.8753917846542585,3.9759999999951106,8.192,128064,256.1280000000261,1.0,96550.01088000003,167772.16000000003,20971.520000000004,27508.1472000028,51225.600000005215,104857.6,0.0,0,312801.83808000287,468885.0380800081,1221.271544227773,1830.666846576557,0.22358180908203512
main,ready,500,64,1,1,slow,500,0.5,lower_voltage_gated,True,0.8,132.12800000002608,248.12800000002608,11.493437500020946,124.5010000000002,3.877391784667399,8.187906046975678,256.1280000000261,500,2097152,1.0,1.0,0.0,190.59199998667464,0.0,2097152,64,436,3.3753917846542585,3.473999999994703,3.8753917846542585,3.9759999999951106,8.192,128063,256.1260000000002,0.9999921914041968,96549.25696000003,167772.16000000003,20971.520000000004,27508.1472000028,51225.600000005215,104857.6,0.0,0,312801.0841600029,468884.2841600081,1221.268600699537,1830.663903048321,0.2235814495849648
main,ready,500,128,1,1,fast,1000,0,same_voltage_always_on,False,1.0,33.79200000688434,63.48800001293421,3.014812500614198,31.745000006467308,0.9847869569877369,31.999999993480742,65.53600001335144,500,2097152,1.0,1.0,0.0,0.0,0.0,2097152,1,0,0.0,0.0,0.0,1.0000000002037268,31.999999993480742,65536,65.53600001335144,1.0,85590.016,262144.0,32768.0,7457.996801519394,13107.200002670288,104857.6,0.0,0,387960.0128015194,505924.81280418974,5919.799998817162,7719.7999984912,0.24124375000199783
main,ready,500,128,1,1,fast,1000,0,same_voltage_gated,True,1.0,33.79200000688434,63.48800001293421,3.014812500614198,31.745000006467308,0.9847869569877369,31.999999993480742,65.53600001335144,500,2097152,1.0,1.0,0.0,0.0,0.0,2097152,1,0,0.0,0.0,0.0,1.0000000002037268,31.999999993480742,32768,32.76821208763067,0.5000032360985551,42795.008,262144.0,32768.0,7457.996801519394,13107.200002670288,104857.6,0.0,0,345165.00480151945,463129.8048041897,5266.799998950197,7066.799998624233,0.2208375000019978
main,ready,500,128,1,1,slow,500,0.5,same_voltage_always_on,False,1.0,66.25600000005215,124.25600000005215,5.683937500047023,62.501000000000204,1.9401593627926028,16.351297405182972,128.25600000005215,500,2097152,1.0,1.0,0.0,62.719999986700714,0.0,2097152,128,372,1.4381593627663316,1.473999999994703,1.9381593627663316,1.9759999999951106,16.384,64128,128.25600000005215,1.0,83751.168,262144.0,32768.0,14595.532800005934,25651.20000001043,104857.6,0.0,0,393258.7008000059,523767.50080001634,3066.2011976035897,4083.766067862738,0.2497518066406328
main,ready,500,128,1,1,slow,500,0.5,same_voltage_gated,True,1.0,66.25600000005215,124.25600000005215,5.683937500047023,62.501000000000204,1.9401593627926028,16.351297405182972,128.25600000005215,500,2097152,1.0,1.0,0.0,62.719999986700714,0.0,2097152,128,372,1.4381593627663316,1.473999999994703,1.9381593627663316,1.9759999999951106,16.384,64127,128.25400000000081,0.9999844061872245,83749.86200000001,262144.0,32768.0,14595.532800005934,25651.20000001043,104857.6,0.0,0,393257.39480000595,523766.19480001635,3066.191014844109,4083.7558851032572,0.24975118389130418
main,ready,500,128,1,1,slow,500,0.5,lower_voltage_always_on,False,0.8,66.25600000005215,124.25600000005215,5.683937500047023,62.501000000000204,1.9401593627926028,16.351297405182972,128.25600000005215,500,2097152,1.0,1.0,0.0,62.719999986700714,0.0,2097152,128,372,1.4381593627663316,1.473999999994703,1.9381593627663316,1.9759999999951106,16.384,64128,128.25600000005215,1.0,53600.74752000001,167772.16000000003,20971.520000000004,14595.532800005934,25651.20000001043,104857.6,0.0,0,256939.96032000595,387448.7603200164,2003.3367664662976,3020.9016367254467,0.18474996582032033
main,ready,500,128,1,1,slow,500,0.5,lower_voltage_gated,True,0.8,66.25600000005215,124.25600000005215,5.683937500047023,62.501000000000204,1.9401593627926028,16.351297405182972,128.25600000005215,500,2097152,1.0,1.0,0.0,62.719999986700714,0.0,2097152,128,372,1.4381593627663316,1.473999999994703,1.9381593627663316,1.9759999999951106,16.384,64127,128.25400000000081,0.9999844061872245,53599.91168000002,167772.16000000003,20971.520000000004,14595.532800005934,25651.20000001043,104857.6,0.0,0,256939.124480006,387447.92448001646,2003.3302495002301,3020.8951197593788,0.18474956726075004
main,ready,500,200,1,1,fast,1000,0,same_voltage_always_on,False,1.0,33.79200000688434,63.48800001293421,3.014812500614198,31.745000006467308,0.9847869569877369,31.999999993480742,65.53600001335144,500,2097152,1.0,1.0,0.0,0.0,0.0,2097152,1,0,0.0,0.0,0.0,1.0000000002037268,31.999999993480742,65536,65.53600001335144,1.0,95027.2,262144.0,32768.0,7929.856001615524,13107.200002670288,104857.6,0.0,0,397869.05600161554,515833.85600428586,6070.9999987878255,7870.9999984618635,0.24596875000204366
main,ready,500,200,1,1,fast,1000,0,same_voltage_gated,True,1.0,33.79200000688434,63.48800001293421,3.014812500614198,31.745000006467308,0.9847869569877369,31.999999993480742,65.53600001335144,500,2097152,1.0,1.0,0.0,0.0,0.0,2097152,1,0,0.0,0.0,0.0,1.0000000002037268,31.999999993480742,32768,32.76821208763067,0.5000032360985551,47513.6,262144.0,32768.0,7929.856001615524,13107.200002670288,104857.6,0.0,0,350355.4560016155,468320.25600428577,5345.999998935527,7145.999998609564,0.2233125000020436
main,ready,500,200,1,1,slow,500,0.5,same_voltage_always_on,False,1.0,42.68887500004166,79.78800000005867,3.783562500000471,40.13562500003718,1.2435104370115904,25.47065682081054,82.33600000006845,500,2097152,1.0,1.0,0.0,16.799999986717012,0.0,2097152,200,300,0.7415104369707074,0.7979999999588472,1.2415104369707075,1.2999999999592546,25.595000976375875,41168,82.33600000006845,1.0,59693.6,262144.0,32768.0,9962.656000008283,16467.20000001369,104857.6,0.0,0,364568.25600000826,485893.056000022,4427.811115425879,5901.343956466406,0.23169186401368236
main,ready,500,200,1,1,slow,500,0.5,same_voltage_gated,True,1.0,42.68887500004166,79.78800000005867,3.783562500000471,40.13562500003718,1.2435104370115904,25.47065682081054,82.33600000006845,500,2097152,1.0,1.0,0.0,16.799999986717012,0.0,2097152,200,300,0.7415104369707074,0.7979999999588472,1.2415104369707075,1.2999999999592546,25.595000976375875,41167,82.33399999999892,0.9999757092879236,59692.15,262144.0,32768.0,9962.656000008283,16467.20000001369,104857.6,0.0,0,364566.8060000083,485891.60600002203,4427.793504660236,5901.326345700763,0.23169117259980299
main,ready,500,200,1,1,slow,500,0.5,lower_voltage_always_on,False,0.8,42.68887500004166,79.78800000005867,3.783562500000471,40.13562500003718,1.2435104370115904,25.47065682081054,82.33600000006845,500,2097152,1.0,1.0,0.0,16.799999986717012,0.0,2097152,200,300,0.7415104369707074,0.7979999999588472,1.2415104369707075,1.2999999999592546,25.595000976375875,41168,82.33600000006845,1.0,38203.90400000001,167772.16000000003,20971.520000000004,9962.656000008283,16467.20000001369,104857.6,0.0,0,236910.2400000083,358235.04000002204,2877.3591138725633,4350.891954913091,0.17081977844239332
main,ready,500,200,1,1,slow,500,0.5,lower_voltage_gated,True,0.8,42.68887500004166,79.78800000005867,3.783562500000471,40.13562500003718,1.2435104370115904,25.47065682081054,82.33600000006845,500,2097152,1.0,1.0,0.0,16.799999986717012,0.0,2097152,200,300,0.7415104369707074,0.7979999999588472,1.2415104369707075,1.2999999999592546,25.595000976375875,41167,82.33399999999892,0.9999757092879236,38202.97600000001,167772.16000000003,20971.520000000004,9962.656000008283,16467.20000001369,104857.6,0.0,0,236909.31200000836,358234.1120000221,2877.347842982552,4350.880684023079,0.17081933593751053
main,ready,500,250,1,1,fast,1000,0,same_voltage_always_on,False,1.0,33.79200000688434,63.48800001293421,3.014812500614198,31.745000006467308,0.9847869569877369,31.999999993480742,65.53600001335144,500,2097152,1.0,1.0,0.0,0.0,0.0,2097152,1,0,0.0,0.0,0.0,1.0000000002037268,31.999999993480742,65536,65.53600001335144,1.0,101580.8,262144.0,32768.0,8257.536001682281,13107.200002670288,104857.6,0.0,0,404750.33600168227,522715.1360043526,6175.999998767453,7975.99999844149,0.24925000000207548
main,ready,500,250,1,1,fast,1000,0,same_voltage_gated,True,1.0,33.79200000688434,63.48800001293421,3.014812500614198,31.745000006467308,0.9847869569877369,31.999999993480742,65.53600001335144,500,2097152,1.0,1.0,0.0,0.0,0.0,2097152,1,0,0.0,0.0,0.0,1.0000000002037268,31.999999993480742,32768,32.76821208763067,0.5000032360985551,50790.4,262144.0,32768.0,8257.536001682281,13107.200002670288,104857.6,0.0,0,353959.9360016823,471924.73600435257,5400.999998925341,7200.999998599378,0.22503125000207547
main,ready,500,250,1,1,slow,500,0.5,same_voltage_always_on,False,1.0,34.29200000688434,63.98800001293421,3.030437500614198,32.24500000646731,0.9962081911193688,31.757707910472906,66.03600001335144,500,2097152,1.0,1.0,0.0,0.5,0.0,2097152,250,250,0.49420818444344483,0.49899999989793287,0.9942081844434448,1.0000000002037268,31.999999993480742,33018,66.03600001335144,1.0,51177.9,262144.0,32768.0,8320.536001682281,13207.200002670288,104857.6,0.0,0,354410.4360016823,472475.23600435257,5366.92767475356,7154.813070277205,0.2252937488576663
main,ready,500,250,1,1,slow,500,0.5,same_voltage_gated,True,1.0,34.29200000688434,63.98800001293421,3.030437500614198,32.24500000646731,0.9962081911193688,31.757707910472906,66.03600001335144,500,2097152,1.0,1.0,0.0,0.5,0.0,2097152,250,250,0.49420818444344483,0.49899999989793287,0.9942081844434448,1.0000000002037268,31.999999993480742,33017,66.03399999999965,0.9999697132874283,51176.35,262144.0,32768.0,8320.536001682281,13207.200002670288,104857.6,0.0,0,354408.88600168226,472473.6860043525,5366.904202708013,7154.789598231658,0.22529300976007105
main,ready,500,250,1,1,slow,500,0.5,lower_voltage_always_on,False,0.8,34.29200000688434,63.98800001293421,3.030437500614198,32.24500000646731,0.9962081911193688,31.757707910472906,66.03600001335144,500,2097152,1.0,1.0,0.0,0.5,0.0,2097152,250,250,0.49420818444344483,0.49899999989793287,0.9942081844434448,1.0000000002037268,31.999999993480742,33018,66.03600001335144,1.0,32753.856000000007,167772.16000000003,20971.520000000004,8320.536001682281,13207.200002670288,104857.6,0.0,0,229818.0720016823,347882.8720043526,3480.1937118422784,5268.079107365925,0.16588348007409698
main,ready,500,250,1,1,slow,500,0.5,lower_voltage_gated,True,0.8,34.29200000688434,63.98800001293421,3.030437500614198,32.24500000646731,0.9962081911193688,31.757707910472906,66.03600001335144,500,2097152,1.0,1.0,0.0,0.5,0.0,2097152,250,250,0.49420818444344483,0.49899999989793287,0.9942081844434448,1.0000000002037268,31.999999993480742,33017,66.03399999999965,0.9999697132874283,32752.864000000005,167772.16000000003,20971.520000000004,8320.536001682281,13207.200002670288,104857.6,0.0,0,229817.08000168233,347881.88000435266,3480.1786897331294,5268.064085256775,0.16588300705163606
main,ready,500,500,1,1,fast,1000,0,same_voltage_always_on,False,1.0,33.79200000688434,63.48800001293421,3.014812500614198,31.745000006467308,0.9847869569877369,31.999999993480742,65.53600001335144,500,2097152,1.0,1.0,0.0,0.0,0.0,2097152,1,0,0.0,0.0,0.0,1.0000000002037268,31.999999993480742,65536,65.53600001335144,1.0,134348.8,262144.0,32768.0,9895.936002016068,13107.200002670288,104857.6,0.0,0,439156.73600201606,557121.5360046864,6700.999998665589,8500.999998339626,0.26565625000223464
main,ready,500,500,1,1,fast,1000,0,same_voltage_gated,True,1.0,33.79200000688434,63.48800001293421,3.014812500614198,31.745000006467308,0.9847869569877369,31.999999993480742,65.53600001335144,500,2097152,1.0,1.0,0.0,0.0,0.0,2097152,1,0,0.0,0.0,0.0,1.0000000002037268,31.999999993480742,32768,32.76821208763067,0.5000032360985551,67174.4,262144.0,32768.0,9895.936002016068,13107.200002670288,104857.6,0.0,0,371982.3360020161,489947.13600468636,5675.999998874409,7475.9999985484465,0.23362500000223463
main,ready,500,500,1,1,slow,500,0.5,same_voltage_always_on,False,1.0,34.29200000688434,63.98800001293421,3.030437500614198,32.24500000646731,0.9962081911193688,31.757707910472906,66.03600001335144,500,2097152,1.0,1.0,0.0,0.5,0.0,2097152,250,250,0.49420818444344483,0.49899999989793287,0.9942081844434448,1.0000000002037268,31.999999993480742,33018,66.03600001335144,1.0,67686.9,262144.0,32768.0,9971.436002016068,13207.200002670288,104857.6,0.0,0,372570.3360020161,490635.13600468636,5641.9276747030135,7429.813070226659,0.23395306396707838
main,ready,500,500,1,1,slow,500,0.5,same_voltage_gated,True,1.0,34.29200000688434,63.98800001293421,3.030437500614198,32.24500000646731,0.9962081911193688,31.757707910472906,66.03600001335144,500,2097152,1.0,1.0,0.0,0.5,0.0,2097152,250,250,0.49420818444344483,0.49899999989793287,0.9942081844434448,1.0000000002037268,31.999999993480742,33017,66.03399999999965,0.9999697132874283,67684.84999999999,262144.0,32768.0,9971.436002016068,13207.200002670288,104857.6,0.0,0,372568.28600201604,490633.0860046863,5641.896631029872,7429.7820265535165,0.23395208645090404
main,ready,500,500,1,1,slow,500,0.5,lower_voltage_always_on,False,0.8,34.29200000688434,63.98800001293421,3.030437500614198,32.24500000646731,0.9962081911193688,31.757707910472906,66.03600001335144,500,2097152,1.0,1.0,0.0,0.5,0.0,2097152,250,250,0.49420818444344483,0.49899999989793287,0.9942081844434448,1.0000000002037268,31.999999993480742,33018,66.03600001335144,1.0,43319.616,167772.16000000003,20971.520000000004,9971.436002016068,13207.200002670288,104857.6,0.0,0,242034.7320020161,360099.5320046864,3665.193711809929,5453.079107333575,0.17170883751138993
main,ready,500,500,1,1,slow,500,0.5,lower_voltage_gated,True,0.8,34.29200000688434,63.98800001293421,3.030437500614198,32.24500000646731,0.9962081911193688,31.757707910472906,66.03600001335144,500,2097152,1.0,1.0,0.0,0.5,0.0,2097152,250,250,0.49420818444344483,0.49899999989793287,0.9942081844434448,1.0000000002037268,31.999999993480742,33017,66.03399999999965,0.9999697132874283,43318.304000000004,167772.16000000003,20971.520000000004,9971.436002016068,13207.200002670288,104857.6,0.0,0,242033.42000201612,360098.2200046864,3665.1738438591187,5453.059239382764,0.17170821190103835
main,none,100,1,1,1,fast,1000,0,same_voltage_always_on,False,1.0,631.8836666667722,1187.0016666667725,38.48198958337571,602.6596666666682,3.738821919759344,1.7115616847987987,1225.2856666667722,100,32768,0.0,0.0,0.0,1159.7496666534207,0.0,2097152,1,1,0.0003323160272753478,0.00033333333340124227,0.0003323160272753478,9.258999999939988,1.7118378434855244,1225286,1225.2856666667722,1.0,1289000.872,262144.0,32768.0,123876.38090001066,245057.13333335443,104857.6,1048576.0,2097152,1707789.2529000107,3106279.9862333653,1393.7886481165049,2535.1475747558443,1.4811897212187601
main,none,100,1,1,1,fast,1000,0,same_voltage_gated,True,1.0,631.8836666667722,1187.0016666667725,38.48198958337571,602.6596666666682,3.738821919759344,1.7115616847987987,1225.2856666667722,100,32768,0.0,0.0,0.0,1159.7496666534207,0.0,2097152,1,1,0.0003323160272753478,0.00033333333340124227,0.0003323160272753478,9.258999999939988,1.7118378434855244,32768,32.76800000667572,0.02674315133042953,34471.936,262144.0,32768.0,123876.38090001066,245057.13333335443,104857.6,1048576.0,2097152,453260.3169000106,1851751.050233365,369.9221571187113,1511.2810837580507,0.88298370849293
main,none,100,1,1,1,slow,500,0.5,same_voltage_always_on,False,1.0,8448.002,15872.002,559.9531875,7945.757666666667,49.9243240356445,0.1279999843750019,16384.002,100,16384,0.0,0.0,0.0,16318.465999986649,0.0,2097152,1,99,49.067954243977056,49.49799999999959,49.567954243977056,58.26066666666884,0.128,8192001,16384.002,1.0,8617985.052000001,262144.0,32768.0,1656422.6021999998,3276800.4,104857.6,1048576.0,2097152,10569319.6542,14999553.6542,645.0999978027347,915.4999892089858,7.152344538784027
main,none,100,1,1,1,slow,500,0.5,same_voltage_gated,True,1.0,8448.002,15872.002,559.9531875,7945.757666666667,49.9243240356445,0.1279999843750019,16384.002,100,16384,0.0,0.0,0.0,16318.465999986649,0.0,2097152,1,99,49.067954243977056,49.49799999999959,49.567954243977056,58.26066666666884,0.128,8192000,16384.0,0.9999998779297024,8617984.0,262144.0,32768.0,1656422.6021999998,3276800.4,104857.6,1048576.0,2097152,10569318.6022,14999552.6022,645.099933593758,915.4999250000091,7.1523440371513365
main,none,100,1,1,1,slow,500,0.5,lower_voltage_always_on,False,0.8,8448.002,15872.002,559.9531875,7945.757666666667,49.9243240356445,0.1279999843750019,16384.002,100,16384,0.0,0.0,0.0,16318.465999986649,0.0,2097152,1,99,49.067954243977056,49.49799999999959,49.567954243977056,58.26066666666884,0.128,8192001,16384.002,1.0,5515510.433280001,167772.16000000003,20971.520000000004,1656422.6021999998,3276800.4,104857.6,1048576.0,2097152,7360676.715480001,11790910.71548,449.2599985937502,719.6599900000012,5.622344358196258
main,none,100,1,1,1,slow,500,0.5,lower_voltage_gated,True,0.8,8448.002,15872.002,559.9531875,7945.757666666667,49.9243240356445,0.1279999843750019,16384.002,100,16384,0.0,0.0,0.0,16318.465999986649,0.0,2097152,1,99,49.067954243977056,49.49799999999959,49.567954243977056,58.26066666666884,0.128,8192000,16384.0,0.9999998779297024,5515509.760000001,167772.16000000003,20971.520000000004,1656422.6021999998,3276800.4,104857.6,1048576.0,2097152,7360676.0422,11790910.0422,449.25995750000516,719.6599489062562,5.622344037151336
main,none,100,4,1,1,fast,1000,0,same_voltage_always_on,False,1.0,631.8836666667722,1187.0016666667725,38.48198958337571,602.6596666666682,3.738821919759344,1.7115616847987987,1225.2856666667722,100,32768,0.0,0.0,0.0,1159.7496666534207,0.0,2097152,1,1,0.0003323160272753478,0.00033333333340124227,0.0003323160272753478,9.258999999939988,1.7118378434855244,1225286,1225.2856666667722,1.0,1296352.588,262144.0,32768.0,124243.96660001071,245057.13333335443,104857.6,1048576.0,2097152,1715508.5546000106,3113999.2879333654,1400.0886497487766,2541.4475763881164,1.4848705711047008
main,none,100,4,1,1,fast,1000,0,same_voltage_gated,True,1.0,631.8836666667722,1187.0016666667725,38.48198958337571,602.6596666666682,3.738821919759344,1.7115616847987987,1225.2856666667722,100,32768,0.0,0.0,0.0,1159.7496666534207,0.0,2097152,1,1,0.0003323160272753478,0.00033333333340124227,0.0003323160272753478,9.258999999939988,1.7118378434855244,32768,32.76800000667572,0.02674315133042953,34668.544,262144.0,32768.0,124243.96660001071,245057.13333335443,104857.6,1048576.0,2097152,453824.5106000107,1852315.2439333652,370.38261602666125,1511.7415426660007,0.8832527370135141
main,none,100,4,1,1,slow,500,0.5,same_voltage_always_on,False,1.0,2112.0080000000016,3968.0080000000016,139.63106250000124,1993.7576666666682,12.481553649902317,0.511999000001953,4096.008000000002,100,16384,0.0,0.0,0.0,4030.47199998665,0.0,2097152,4,96,10.546043233230485,11.997999999999593,11.046043233230485,21.756666666668025,0.512,2048004,4096.008000000002,1.0,2166788.2320000003,262144.0,32768.0,415335.2112000002,819201.6000000003,104857.6,1048576.0,2097152,2877035.4432000006,4849670.643200001,702.3998593752746,1183.9993093763485,2.3125031677246097
main,none,100,4,1,1,slow,500,0.5,same_voltage_gated,True,1.0,2112.0080000000016,3968.0080000000016,139.63106250000124,1993.7576666666682,12.481553649902317,0.511999000001953,4096.008000000002,100,16384,0.0,0.0,0.0,4030.47199998665,0.0,2097152,4,96,10.546043233230485,11.997999999999593,11.046043233230485,21.756666666668025,0.512,2048003,4096.006000000001,0.9999995117197036,2166787.174,262144.0,32768.0,415335.2112000002,819201.6000000003,104857.6,1048576.0,2097152,2877034.3852000004,4849669.585200001,702.3996010749977,1183.9990510760717,2.3125026632308963
main,none,100,4,1,1,slow,500,0.5,lower_voltage_always_on,False,0.8,2112.0080000000016,3968.0080000000016,139.63106250000124,1993.7576666666682,12.481553649902317,0.511999000001953,4096.008000000002,100,16384,0.0,0.0,0.0,4030.47199998665,0.0,2097152,4,96,10.546043233230485,11.997999999999593,11.046043233230485,21.756666666668025,0.512,2048004,4096.008000000002,1.0,1386744.4684800005,167772.16000000003,20971.520000000004,415335.2112000002,819201.6000000003,104857.6,1048576.0,2097152,1990823.3596800007,3963458.5596800013,486.0399100001758,967.63936000125,1.8899243162536628
main,none,100,4,1,1,slow,500,0.5,lower_voltage_gated,True,0.8,2112.0080000000016,3968.0080000000016,139.63106250000124,1993.7576666666682,12.481553649902317,0.511999000001953,4096.008000000002,100,16384,0.0,0.0,0.0,4030.47199998665,0.0,2097152,4,96,10.546043233230485,11.997999999999593,11.046043233230485,21.756666666668025,0.512,2048003,4096.006000000001,0.9999995117197036,1386743.7913600004,167772.16000000003,20971.520000000004,415335.2112000002,819201.6000000003,104857.6,1048576.0,2097152,1990822.6825600006,3963457.882560001,486.0397446879986,967.6391946890728,1.8899239933776861
main,none,100,16,1,1,fast,1000,0,same_voltage_always_on,False,1.0,631.8836666667722,1187.0016666667725,38.48198958337571,602.6596666666682,3.738821919759344,1.7115616847987987,1225.2856666667722,100,32768,0.0,0.0,0.0,1159.7496666534207,0.0,2097152,1,1,0.0003323160272753478,0.00033333333340124227,0.0003323160272753478,9.258999999939988,1.7118378434855244,1225286,1225.2856666667722,1.0,1325759.452,262144.0,32768.0,125714.30940001081,245057.13333335443,104857.6,1048576.0,2097152,1746385.761400011,3144876.4947333653,1425.2886562778644,2566.6475829172036,1.499593970648463
main,none,100,16,1,1,fast,1000,0,same_voltage_gated,True,1.0,631.8836666667722,1187.0016666667725,38.48198958337571,602.6596666666682,3.738821919759344,1.7115616847987987,1225.2856666667722,100,32768,0.0,0.0,0.0,1159.7496666534207,0.0,2097152,1,1,0.0003323160272753478,0.00033333333340124227,0.0003323160272753478,9.258999999939988,1.7118378434855244,32768,32.76800000667572,0.02674315133042953,35454.976,262144.0,32768.0,125714.30940001081,245057.13333335443,104857.6,1048576.0,2097152,456081.2854000108,1854572.0187333652,372.2244516584608,1513.5833782978002,0.8843288510958506
main,none,100,16,1,1,slow,500,0.5,same_voltage_always_on,False,1.0,943.2440000000049,1771.716000000004,60.06368750000138,895.3656666666683,5.5766469116210775,1.1467040525969256,1828.8520000000062,100,32768,0.0,0.0,0.0,1763.3159999866548,0.0,2097152,16,84,2.0719831746312445,2.973999999994703,2.5719831746312445,12.264666666666017,1.1470176421170548,914426,1828.8520000000062,1.0,989408.932,262144.0,32768.0,187640.21520000062,365770.40000000125,104857.6,1048576.0,2097152,1471961.1472000007,2991165.1472000023,804.8552573964408,1635.5424863247501,1.4262986885070812
main,none,100,16,1,1,slow,500,0.5,same_voltage_gated,True,1.0,943.2440000000049,1771.716000000004,60.06368750000138,895.3656666666683,5.5766469116210775,1.1467040525969256,1828.8520000000062,100,32768,0.0,0.0,0.0,1763.3159999866548,0.0,2097152,16,84,2.0719831746312445,2.973999999994703,2.5719831746312445,12.264666666666017,1.1470176421170548,514169,1028.337999999996,0.5622860679814401,556330.858,262144.0,32768.0,187640.21520000062,365770.40000000125,104857.6,1048576.0,2097152,1038883.0732000007,2558087.0732000023,568.052020174403,1398.7392491027124,1.2197909704208385
main,none,100,16,1,1,slow,500,0.5,lower_voltage_always_on,False,0.8,943.2440000000049,1771.716000000004,60.06368750000138,895.3656666666683,5.5766469116210775,1.1467040525969256,1828.8520000000062,100,32768,0.0,0.0,0.0,1763.3159999866548,0.0,2097152,16,84,2.0719831746312445,2.973999999994703,2.5719831746312445,12.264666666666017,1.1470176421170548,914426,1828.8520000000062,1.0,633221.7164800002,167772.16000000003,20971.520000000004,187640.21520000062,365770.40000000125,104857.6,1048576.0,2097152,1009605.6116800008,2528809.611680002,552.0433647337222,1382.7305936620314,1.2058303888702402
main,none,100,16,1,1,slow,500,0.5,lower_voltage_gated,True,0.8,943.2440000000049,1771.716000000004,60.06368750000138,895.3656666666683,5.5766469116210775,1.1467040525969256,1828.8520000000062,100,32768,0.0,0.0,0.0,1763.3159999866548,0.0,2097152,16,84,2.0719831746312445,2.973999999994703,2.5719831746312445,12.264666666666017,1.1470176421170548,514169,1028.337999999996,0.5622860679814401,356051.74912000005,167772.16000000003,20971.520000000004,187640.21520000062,365770.40000000125,104857.6,1048576.0,2097152,732435.6443200007,2251639.644320002,400.4892929116179,1231.176521839927,1.0736654492950448
main,none,100,64,1,1,fast,1000,0,same_voltage_always_on,False,1.0,631.8836666667722,1187.0016666667725,38.48198958337571,602.6596666666682,3.738821919759344,1.7115616847987987,1225.2856666667722,100,32768,0.0,0.0,0.0,1159.7496666534207,0.0,2097152,1,1,0.0003323160272753478,0.00033333333340124227,0.0003323160272753478,9.258999999939988,1.7118378434855244,1225286,1225.2856666667722,1.0,1443386.9080000003,262144.0,32768.0,131595.68060001134,245057.13333335443,104857.6,1048576.0,2097152,1869894.5886000115,3268385.321933366,1526.0886823942149,2667.4476090335543,1.558487568823512
main,none,100,64,1,1,fast,1000,0,same_voltage_gated,True,1.0,631.8836666667722,1187.0016666667725,38.48198958337571,602.6596666666682,3.738821919759344,1.7115616847987987,1225.2856666667722,100,32768,0.0,0.0,0.0,1159.7496666534207,0.0,2097152,1,1,0.0003323160272753478,0.00033333333340124227,0.0003323160272753478,9.258999999939988,1.7118378434855244,32768,32.76800000667572,0.02674315133042953,38600.704000000005,262144.0,32768.0,131595.68060001134,245057.13333335443,104857.6,1048576.0,2097152,465108.3846000114,1863599.117933366,379.591794185659,1520.9507208249986,0.8886333074251966
main,none,100,64,1,1,slow,500,0.5,same_voltage_always_on,False,1.0,714.3560000000115,1341.684000000012,44.192187499988904,680.3496666666682,4.225164489746099,1.5142460222333134,1384.9480000000112,100,32768,0.0,0.0,0.0,1319.4119999866598,0.0,2097152,64,50,0.19996120196985068,0.47099999997954,0.6999612019698507,10.200666666645702,1.5147928994082878,692474,1384.9480000000112,1.0,815734.3720000001,262144.0,32768.0,148743.4152000012,276989.60000000225,104857.6,1048576.0,2097152,1259389.787200001,2689812.987200003,909.3408468765548,1942.1761591048771,1.2826027809143081
main,none,100,64,1,1,slow,500,0.5,same_voltage_gated,True,1.0,714.3560000000115,1341.684000000012,44.192187499988904,680.3496666666682,4.225164489746099,1.5142460222333134,1384.9480000000112,100,32768,0.0,0.0,0.0,1319.4119999866598,0.0,2097152,64,50,0.19996120196985068,0.47099999997954,0.6999612019698507,10.200666666645702,1.5147928994082878,136313,272.6260000000075,0.1968492679869607,160576.714,262144.0,32768.0,148743.4152000012,276989.60000000225,104857.6,1048576.0,2097152,604232.1292000012,2034655.3292000033,436.2850657208764,1469.1203779491987,0.9701992650985733
main,none,100,64,1,1,slow,500,0.5,lower_voltage_always_on,False,0.8,714.3560000000115,1341.684000000012,44.192187499988904,680.3496666666682,4.225164489746099,1.5142460222333134,1384.9480000000112,100,32768,0.0,0.0,0.0,1319.4119999866598,0.0,2097152,64,50,0.19996120196985068,0.47099999997954,0.6999612019698507,10.200666666645702,1.5147928994082878,692474,1384.9480000000112,1.0,522069.99808000016,167772.16000000003,20971.520000000004,148743.4152000012,276989.60000000225,104857.6,1048576.0,2097152,859557.0932800014,2289980.2932800036,620.6421420009954,1653.4774542293176,1.0919476953887957
main,none,100,64,1,1,slow,500,0.5,lower_voltage_gated,True,0.8,714.3560000000115,1341.684000000012,44.192187499988904,680.3496666666682,4.225164489746099,1.5142460222333134,1384.9480000000112,100,32768,0.0,0.0,0.0,1319.4119999866598,0.0,2097152,64,50,0.19996120196985068,0.47099999997954,0.6999612019698507,10.200666666645702,1.5147928994082878,136313,272.6260000000075,0.1968492679869607,102769.09696000002,167772.16000000003,20971.520000000004,148743.4152000012,276989.60000000225,104857.6,1048576.0,2097152,440256.19216000126,1870679.3921600035,317.8864420613609,1350.7217542896833,0.8920094452667253
main,none,100,128,1,1,fast,1000,0,same_voltage_always_on,False,1.0,631.8836666667722,1187.0016666667725,38.48198958337571,602.6596666666682,3.738821919759344,1.7115616847987987,1225.2856666667722,100,32768,0.0,0.0,0.0,1159.7496666534207,0.0,2097152,1,1,0.0003323160272753478,0.00033333333340124227,0.0003323160272753478,9.258999999939988,1.7118378434855244,1225286,1225.2856666667722,1.0,1600223.516,262144.0,32768.0,139437.50886667866,245057.13333335443,104857.6,1048576.0,2097152,2034573.0248666788,3433063.758200033,1660.4887172160154,2801.847643855355,1.637012366390244
main,none,100,128,1,1,fast,1000,0,same_voltage_gated,True,1.0,631.8836666667722,1187.0016666667725,38.48198958337571,602.6596666666682,3.738821919759344,1.7115616847987987,1225.2856666667722,100,32768,0.0,0.0,0.0,1159.7496666534207,0.0,2097152,1,1,0.0003323160272753478,0.00033333333340124227,0.0003323160272753478,9.258999999939988,1.7118378434855244,32768,32.76800000667572,0.02674315133042953,42795.008,262144.0,32768.0,139437.50886667866,245057.13333335443,104857.6,1048576.0,2097152,477144.5168666787,1875635.2502000332,389.41491755525664,1530.773844194596,0.8943725825309912
main,none,100,128,1,1,slow,500,0.5,same_voltage_always_on,False,1.0,685.1840000000234,1286.876000000022,41.99600000000078,652.9456666666908,4.053010925293006,1.578738485906027,1328.3720000000249,100,32768,0.0,0.0,0.0,1262.8359999866734,0.0,2097152,100,50,0.0006718953274490458,0.09899999998015119,0.500671895327449,9.758666666668432,1.5793329477539966,664186,1328.3720000000249,1.0,867426.9160000001,262144.0,32768.0,151168.73360000283,265674.400000005,104857.6,1048576.0,2097152,1313507.649600003,2732615.649600008,988.8100995805229,2057.116266828838,1.3030126808166542
main,none,100,128,1,1,slow,500,0.5,same_voltage_gated,True,1.0,685.1840000000234,1286.876000000022,41.99600000000078,652.9456666666908,4.053010925293006,1.578738485906027,1328.3720000000249,100,32768,0.0,0.0,0.0,1262.8359999866734,0.0,2097152,100,50,0.0006718953274490458,0.09899999998015119,0.500671895327449,9.758666666668432,1.5793329477539966,103394,206.78800000000047,0.15567024899651347,135032.564,262144.0,32768.0,151168.73360000283,265674.400000005,104857.6,1048576.0,2097152,581113.2976000028,2000221.2976000076,437.4627721752581,1505.7689394235726,0.9537798393249548
main,none,100,128,1,1,slow,500,0.5,lower_voltage_always_on,False,0.8,685.1840000000234,1286.876000000022,41.99600000000078,652.9456666666908,4.053010925293006,1.578738485906027,1328.3720000000249,100,32768,0.0,0.0,0.0,1262.8359999866734,0.0,2097152,100,50,0.0006718953274490458,0.09899999998015119,0.500671895327449,9.758666666668432,1.5793329477539966,664186,1328.3720000000249,1.0,555153.2262400001,167772.16000000003,20971.520000000004,151168.73360000283,265674.400000005,104857.6,1048576.0,2097152,895065.639840003,2314173.6398400078,673.8064637315347,1742.1126309798494,1.1034839820098914
main,none,100,128,1,1,slow,500,0.5,lower_voltage_gated,True,0.8,685.1840000000234,1286.876000000022,41.99600000000078,652.9456666666908,4.053010925293006,1.578738485906027,1328.3720000000249,100,32768,0.0,0.0,0.0,1262.8359999866734,0.0,2097152,100,50,0.0006718953274490458,0.09899999998015119,0.500671895327449,9.758666666668432,1.5793329477539966,103394,206.78800000000047,0.15567024899651347,86420.84096000003,167772.16000000003,20971.520000000004,151168.73360000283,265674.400000005,104857.6,1048576.0,2097152,426333.2545600029,1845441.2545600077,320.94417419216524,1389.2503414404798,0.8799749634552039
main,none,100,200,1,1,fast,1000,0,same_voltage_always_on,False,1.0,631.8836666667722,1187.0016666667725,38.48198958337571,602.6596666666682,3.738821919759344,1.7115616847987987,1225.2856666667722,100,32768,0.0,0.0,0.0,1159.7496666534207,0.0,2097152,1,1,0.0003323160272753478,0.00033333333340124227,0.0003323160272753478,9.258999999939988,1.7118378434855244,1225286,1225.2856666667722,1.0,1776664.7,262144.0,32768.0,148259.56566667944,245057.13333335443,104857.6,1048576.0,2097152,2219836.2656666795,3618326.999000034,1811.6887563905411,2953.0476830298803,1.7253527636528176
main,none,100,200,1,1,fast,1000,0,same_voltage_gated,True,1.0,631.8836666667722,1187.0016666667725,38.48198958337571,602.6596666666682,3.738821919759344,1.7115616847987987,1225.2856666667722,100,32768,0.0,0.0,0.0,1159.7496666534207,0.0,2097152,1,1,0.0003323160272753478,0.00033333333340124227,0.0003323160272753478,9.258999999939988,1.7118378434855244,32768,32.76800000667572,0.02674315133042953,47513.6,262144.0,32768.0,148259.56566667944,245057.13333335443,104857.6,1048576.0,2097152,490685.1656666794,1889175.8990000337,400.4659313460538,1541.8248579853932,0.90082926702501
main,none,100,200,1,1,slow,500,0.5,same_voltage_always_on,False,1.0,685.1840000000234,1286.876000000022,41.99600000000078,652.9456666666908,4.053010925293006,1.578738485906027,1328.3720000000249,100,32768,0.0,0.0,0.0,1262.8359999866734,0.0,2097152,100,50,0.0006718953274490458,0.09899999998015119,0.500671895327449,9.758666666668432,1.5793329477539966,664186,1328.3720000000249,1.0,963069.7,262144.0,32768.0,160733.01200000301,265674.400000005,104857.6,1048576.0,2097152,1418714.712000003,2837822.712000008,1068.0100995805215,2136.3162668288364,1.3531793174743691
main,none,100,200,1,1,slow,500,0.5,same_voltage_gated,True,1.0,685.1840000000234,1286.876000000022,41.99600000000078,652.9456666666908,4.053010925293006,1.578738485906027,1328.3720000000249,100,32768,0.0,0.0,0.0,1262.8359999866734,0.0,2097152,100,50,0.0006718953274490458,0.09899999998015119,0.500671895327449,9.758666666668432,1.5793329477539966,103394,206.78800000000047,0.15567024899651347,149921.3,262144.0,32768.0,160733.01200000301,265674.400000005,104857.6,1048576.0,2097152,605566.312000003,2024674.3120000078,455.871030103007,1524.1771973513216,0.965439945220951
main,none,100,200,1,1,slow,500,0.5,lower_voltage_always_on,False,0.8,685.1840000000234,1286.876000000022,41.99600000000078,652.9456666666908,4.053010925293006,1.578738485906027,1328.3720000000249,100,32768,0.0,0.0,0.0,1262.8359999866734,0.0,2097152,100,50,0.0006718953274490458,0.09899999998015119,0.500671895327449,9.758666666668432,1.5793329477539966,664186,1328.3720000000249,1.0,616364.6080000001,167772.16000000003,20971.520000000004,160733.01200000301,265674.400000005,104857.6,1048576.0,2097152,965841.3000000032,2384949.300000008,727.0864637315339,1795.3926309798487,1.1372324466705361
main,none,100,200,1,1,slow,500,0.5,lower_voltage_gated,True,0.8,685.1840000000234,1286.876000000022,41.99600000000078,652.9456666666908,4.053010925293006,1.578738485906027,1328.3720000000249,100,32768,0.0,0.0,0.0,1262.8359999866734,0.0,2097152,100,50,0.0006718953274490458,0.09899999998015119,0.500671895327449,9.758666666668432,1.5793329477539966,103394,206.78800000000047,0.15567024899651347,95949.63200000001,167772.16000000003,20971.520000000004,160733.01200000301,265674.400000005,104857.6,1048576.0,2097152,445426.32400000305,1864534.324000008,335.3174592659245,1403.6236265142393,0.8890792484283485
main,none,100,250,1,1,fast,1000,0,same_voltage_always_on,False,1.0,631.8836666667722,1187.0016666667725,38.48198958337571,602.6596666666682,3.738821919759344,1.7115616847987987,1225.2856666667722,100,32768,0.0,0.0,0.0,1159.7496666534207,0.0,2097152,1,1,0.0003323160272753478,0.00033333333340124227,0.0003323160272753478,9.258999999939988,1.7118378434855244,1225286,1225.2856666667722,1.0,1899193.3,262144.0,32768.0,154385.99400001328,245057.13333335443,104857.6,1048576.0,2097152,2348491.2940000133,3746982.0273333676,1916.6887835950727,3058.047710234412,1.786700261751827
main,none,100,250,1,1,fast,1000,0,same_voltage_gated,True,1.0,631.8836666667722,1187.0016666667725,38.48198958337571,602.6596666666682,3.738821919759344,1.7115616847987987,1225.2856666667722,100,32768,0.0,0.0,0.0,1159.7496666534207,0.0,2097152,1,1,0.0003323160272753478,0.00033333333340124227,0.0003323160272753478,9.258999999939988,1.7118378434855244,32768,32.76800000667572,0.02674315133042953,50790.4,262144.0,32768.0,154385.99400001328,245057.13333335443,104857.6,1048576.0,2097152,500088.3940000133,1898579.1273333677,408.140246478552,1549.4991731178914,0.9053130757014121
main,none,100,250,1,1,slow,500,0.5,same_voltage_always_on,False,1.0,685.1840000000234,1286.876000000022,41.99600000000078,652.9456666666908,4.053010925293006,1.578738485906027,1328.3720000000249,100,32768,0.0,0.0,0.0,1262.8359999866734,0.0,2097152,100,50,0.0006718953274490458,0.09899999998015119,0.500671895327449,9.758666666668432,1.5793329477539966,664186,1328.3720000000249,1.0,1029488.3,262144.0,32768.0,167374.87200000312,265674.400000005,104857.6,1048576.0,2097152,1491775.172000003,2910883.172000008,1123.0100995805205,2191.3162668288355,1.3880172595977822
main,none,100,250,1,1,slow,500,0.5,same_voltage_gated,True,1.0,685.1840000000234,1286.876000000022,41.99600000000078,652.9456666666908,4.053010925293006,1.578738485906027,1328.3720000000249,100,32768,0.0,0.0,0.0,1262.8359999866734,0.0,2097152,100,50,0.0006718953274490458,0.09899999998015119,0.500671895327449,9.758666666668432,1.5793329477539966,103394,206.78800000000047,0.15567024899651347,160260.7,262144.0,32768.0,167374.87200000312,265674.400000005,104857.6,1048576.0,2097152,622547.5720000032,2041655.572000008,468.65454255283277,1536.9607098011475,0.9735372409820595
main,none,100,250,1,1,slow,500,0.5,lower_voltage_always_on,False,0.8,685.1840000000234,1286.876000000022,41.99600000000078,652.9456666666908,4.053010925293006,1.578738485906027,1328.3720000000249,100,32768,0.0,0.0,0.0,1262.8359999866734,0.0,2097152,100,50,0.0006718953274490458,0.09899999998015119,0.500671895327449,9.758666666668432,1.5793329477539966,664186,1328.3720000000249,1.0,658872.5120000001,167772.16000000003,20971.520000000004,167374.87200000312,265674.400000005,104857.6,1048576.0,2097152,1014991.0640000033,2434099.0640000086,764.0864637315333,1832.3926309798483,1.1606688804626506
main,none,100,250,1,1,slow,500,0.5,lower_voltage_gated,True,0.8,685.1840000000234,1286.876000000022,41.99600000000078,652.9456666666908,4.053010925293006,1.578738485906027,1328.3720000000249,100,32768,0.0,0.0,0.0,1262.8359999866734,0.0,2097152,100,50,0.0006718953274490458,0.09899999998015119,0.500671895327449,9.758666666668432,1.5793329477539966,103394,206.78800000000047,0.15567024899651347,102566.84800000003,167772.16000000003,20971.520000000004,167374.87200000312,265674.400000005,104857.6,1048576.0,2097152,458685.40000000317,1877793.4000000083,345.29890723381294,1413.605074482128,0.8954016685485879
main,none,100,500,1,1,fast,1000,0,same_voltage_always_on,False,1.0,631.8836666667722,1187.0016666667725,38.48198958337571,602.6596666666682,3.738821919759344,1.7115616847987987,1225.2856666667722,100,32768,0.0,0.0,0.0,1159.7496666534207,0.0,2097152,1,1,0.0003323160272753478,0.00033333333340124227,0.0003323160272753478,9.258999999939988,1.7118378434855244,1225286,1225.2856666667722,1.0,2511836.3,262144.0,32768.0,185018.1356666826,245057.13333335443,104857.6,1048576.0,2097152,2991766.435666682,4390257.169000037,2441.688919617731,3583.047846257071,2.0934377522468743
main,none,100,500,1,1,fast,1000,0,same_voltage_gated,True,1.0,631.8836666667722,1187.0016666667725,38.48198958337571,602.6596666666682,3.738821919759344,1.7115616847987987,1225.2856666667722,100,32768,0.0,0.0,0.0,1159.7496666534207,0.0,2097152,1,1,0.0003323160272753478,0.00033333333340124227,0.0003323160272753478,9.258999999939988,1.7118378434855244,32768,32.76800000667572,0.02674315133042953,67174.4,262144.0,32768.0,185018.1356666826,245057.13333335443,104857.6,1048576.0,2097152,547104.5356666826,1945595.269000037,446.51182214104267,1587.870748780382,0.9277321190834222
main,none,100,500,1,1,slow,500,0.5,same_voltage_always_on,False,1.0,685.1840000000234,1286.876000000022,41.99600000000078,652.9456666666908,4.053010925293006,1.578738485906027,1328.3720000000249,100,32768,0.0,0.0,0.0,1262.8359999866734,0.0,2097152,100,50,0.0006718953274490458,0.09899999998015119,0.500671895327449,9.758666666668432,1.5793329477539966,664186,1328.3720000000249,1.0,1361581.2999999998,262144.0,32768.0,200584.17200000375,265674.400000005,104857.6,1048576.0,2097152,1857077.4720000036,3276185.4720000084,1398.0100995805158,2466.3162668288305,1.5622069702148478
main,none,100,500,1,1,slow,500,0.5,same_voltage_gated,True,1.0,685.1840000000234,1286.876000000022,41.99600000000078,652.9456666666908,4.053010925293006,1.578738485906027,1328.3720000000249,100,32768,0.0,0.0,0.0,1262.8359999866734,0.0,2097152,100,50,0.0006718953274490458,0.09899999998015119,0.500671895327449,9.758666666668432,1.5793329477539966,103394,206.78800000000047,0.15567024899651347,211957.69999999998,262144.0,32768.0,200584.17200000375,265674.400000005,104857.6,1048576.0,2097152,707453.8720000037,2126561.872000009,532.5721048019609,1600.8782720502759,1.0140237197876019
main,none,100,500,1,1,slow,500,0.5,lower_voltage_always_on,False,0.8,685.1840000000234,1286.876000000022,41.99600000000078,652.9456666666908,4.053010925293006,1.578738485906027,1328.3720000000249,100,32768,0.0,0.0,0.0,1262.8359999866734,0.0,2097152,100,50,0.0006718953274490458,0.09899999998015119,0.500671895327449,9.758666666668432,1.5793329477539966,664186,1328.3720000000249,1.0,871412.032,167772.16000000003,20971.520000000004,200584.17200000375,265674.400000005,104857.6,1048576.0,2097152,1260739.8840000038,2679847.884000009,949.0864637315302,2017.392630979845,1.277851049423222
main,none,100,500,1,1,slow,500,0.5,lower_voltage_gated,True,0.8,685.1840000000234,1286.876000000022,41.99600000000078,652.9456666666908,4.053010925293006,1.578738485906027,1328.3720000000249,100,32768,0.0,0.0,0.0,1262.8359999866734,0.0,2097152,100,50,0.0006718953274490458,0.09899999998015119,0.500671895327449,9.758666666668432,1.5793329477539966,103394,206.78800000000047,0.15567024899651347,135652.928,167772.16000000003,20971.520000000004,200584.17200000375,265674.400000005,104857.6,1048576.0,2097152,524980.7800000038,1944088.7800000086,395.206147073255,1463.5123143215699,0.9270137691497844
main,none,251,1,1,1,fast,1000,0,same_voltage_always_on,False,1.0,612.2536666667723,1149.8556666667719,37.57598958343533,583.9356666666681,9.088919779459863,1.7668683538365553,1186.9316666667728,251,32768,0.0,0.0,0.0,1121.3956666534214,0.0,2097152,1,1,0.00033077997602604103,0.00033333333340124227,0.00033077997602604103,9.258999999998196,1.7676124716797916,1186932,1186.9316666667728,1.0,1248652.4640000002,262144.0,32768.0,119998.79150001072,237386.33333335456,104857.6,1048576.0,2097152,1663563.255500011,3054383.1888333657,1401.5661576978137,2573.343752307919,1.456443399826701
main,none,251,1,1,1,fast,1000,0,same_voltage_gated,True,1.0,612.2536666667723,1149.8556666667719,37.57598958343533,583.9356666666681,9.088919779459863,1.7668683538365553,1186.9316666667728,251,32768,0.0,0.0,0.0,1121.3956666534214,0.0,2097152,1,1,0.00033077997602604103,0.00033333333340124227,0.00033077997602604103,9.258999999998196,1.7676124716797916,32768,32.76800000667572,0.02760731803432053,34471.936,262144.0,32768.0,119998.79150001072,237386.33333335456,104857.6,1048576.0,2097152,449382.7275000107,1840202.6608333653,378.60876082445395,1550.3863554345594,0.877477007309611
main,none,251,1,1,1,slow,500,0.5,same_voltage_always_on,False,1.0,8448.002,15872.002,626.5386041666634,7945.757666666667,125.02182136027,0.1279999843750019,16384.002,251,16384,0.0,0.0,0.0,16318.465999986649,0.0,2097152,1,250,124.16545156860255,124.99799999999959,124.66545156860255,127.98999999999796,0.128,8192001,16384.002,1.0,8617985.052000001,262144.0,32768.0,1656422.6021999998,3276800.4,104857.6,1048576.0,2097152,10569319.6542,14999553.6542,645.0999978027347,915.4999892089858,7.152344538784027
main,none,251,1,1,1,slow,500,0.5,same_voltage_gated,True,1.0,8448.002,15872.002,626.5386041666634,7945.757666666667,125.02182136027,0.1279999843750019,16384.002,251,16384,0.0,0.0,0.0,16318.465999986649,0.0,2097152,1,250,124.16545156860255,124.99799999999959,124.66545156860255,127.98999999999796,0.128,8192000,16384.0,0.9999998779297024,8617984.0,262144.0,32768.0,1656422.6021999998,3276800.4,104857.6,1048576.0,2097152,10569318.6022,14999552.6022,645.099933593758,915.4999250000091,7.1523440371513365
main,none,251,1,1,1,slow,500,0.5,lower_voltage_always_on,False,0.8,8448.002,15872.002,626.5386041666634,7945.757666666667,125.02182136027,0.1279999843750019,16384.002,251,16384,0.0,0.0,0.0,16318.465999986649,0.0,2097152,1,250,124.16545156860255,124.99799999999959,124.66545156860255,127.98999999999796,0.128,8192001,16384.002,1.0,5515510.433280001,167772.16000000003,20971.520000000004,1656422.6021999998,3276800.4,104857.6,1048576.0,2097152,7360676.715480001,11790910.71548,449.2599985937502,719.6599900000012,5.622344358196258
main,none,251,1,1,1,slow,500,0.5,lower_voltage_gated,True,0.8,8448.002,15872.002,626.5386041666634,7945.757666666667,125.02182136027,0.1279999843750019,16384.002,251,16384,0.0,0.0,0.0,16318.465999986649,0.0,2097152,1,250,124.16545156860255,124.99799999999959,124.66545156860255,127.98999999999796,0.128,8192000,16384.0,0.9999998779297024,5515509.760000001,167772.16000000003,20971.520000000004,1656422.6021999998,3276800.4,104857.6,1048576.0,2097152,7360676.0422,11790910.0422,449.25995750000516,719.6599489062562,5.622344037151336
main,none,251,4,1,1,fast,1000,0,same_voltage_always_on,False,1.0,612.2536666667723,1149.8556666667719,37.57598958343533,583.9356666666681,9.088919779459863,1.7668683538365553,1186.9316666667728,251,32768,0.0,0.0,0.0,1121.3956666534214,0.0,2097152,1,1,0.00033077997602604103,0.00033333333340124227,0.00033077997602604103,9.258999999998196,1.7676124716797916,1186932,1186.9316666667728,1.0,1255774.056,262144.0,32768.0,120354.87100001077,237386.33333335456,104857.6,1048576.0,2097152,1671040.9270000109,3061860.8603333654,1407.8661593828301,2579.6437539929357,1.4600090314547374
main,none,251,4,1,1,fast,1000,0,same_voltage_gated,True,1.0,612.2536666667723,1149.8556666667719,37.57598958343533,583.9356666666681,9.088919779459863,1.7668683538365553,1186.9316666667728,251,32768,0.0,0.0,0.0,1121.3956666534214,0.0,2097152,1,1,0.00033077997602604103,0.00033333333340124227,0.00033077997602604103,9.258999999998196,1.7676124716797916,32768,32.76800000667572,0.02760731803432053,34668.544,262144.0,32768.0,120354.87100001077,237386.33333335456,104857.6,1048576.0,2097152,449935.41500001075,1840755.3483333653,379.07440473262614,1550.8519993427317,0.8777405492464854
main,none,251,4,1,1,slow,500,0.5,same_voltage_always_on,False,1.0,2112.0080000000016,3968.0080000000016,149.5446041666646,1993.7576666666682,31.265627146402846,0.511999000001953,4096.008000000002,251,16384,0.0,0.0,0.0,4030.47199998665,0.0,2097152,4,247,29.330116729731014,30.995999999999185,29.830116729731014,31.989999999997963,0.512,2048004,4096.008000000002,1.0,2166788.2320000003,262144.0,32768.0,415335.2112000002,819201.6000000003,104857.6,1048576.0,2097152,2877035.4432000006,4849670.643200001,702.3998593752746,1183.9993093763485,2.3125031677246097
main,none,251,4,1,1,slow,500,0.5,same_voltage_gated,True,1.0,2112.0080000000016,3968.0080000000016,149.5446041666646,1993.7576666666682,31.265627146402846,0.511999000001953,4096.008000000002,251,16384,0.0,0.0,0.0,4030.47199998665,0.0,2097152,4,247,29.330116729731014,30.995999999999185,29.830116729731014,31.989999999997963,0.512,2048003,4096.006000000001,0.9999995117197036,2166787.174,262144.0,32768.0,415335.2112000002,819201.6000000003,104857.6,1048576.0,2097152,2877034.3852000004,4849669.585200001,702.3996010749977,1183.9990510760717,2.3125026632308963
main,none,251,4,1,1,slow,500,0.5,lower_voltage_always_on,False,0.8,2112.0080000000016,3968.0080000000016,149.5446041666646,1993.7576666666682,31.265627146402846,0.511999000001953,4096.008000000002,251,16384,0.0,0.0,0.0,4030.47199998665,0.0,2097152,4,247,29.330116729731014,30.995999999999185,29.830116729731014,31.989999999997963,0.512,2048004,4096.008000000002,1.0,1386744.4684800005,167772.16000000003,20971.520000000004,415335.2112000002,819201.6000000003,104857.6,1048576.0,2097152,1990823.3596800007,3963458.5596800013,486.0399100001758,967.63936000125,1.8899243162536628
main,none,251,4,1,1,slow,500,0.5,lower_voltage_gated,True,0.8,2112.0080000000016,3968.0080000000016,149.5446041666646,1993.7576666666682,31.265627146402846,0.511999000001953,4096.008000000002,251,16384,0.0,0.0,0.0,4030.47199998665,0.0,2097152,4,247,29.330116729731014,30.995999999999185,29.830116729731014,31.989999999997963,0.512,2048003,4096.006000000001,0.9999995117197036,1386743.7913600004,167772.16000000003,20971.520000000004,415335.2112000002,819201.6000000003,104857.6,1048576.0,2097152,1990822.6825600006,3963457.882560001,486.0397446879986,967.6391946890728,1.8899239933776861
main,none,251,16,1,1,fast,1000,0,same_voltage_always_on,False,1.0,612.2536666667723,1149.8556666667719,37.57598958343533,583.9356666666681,9.088919779459863,1.7668683538365553,1186.9316666667728,251,32768,0.0,0.0,0.0,1121.3956666534214,0.0,2097152,1,1,0.00033077997602604103,0.00033333333340124227,0.00033077997602604103,9.258999999998196,1.7676124716797916,1186932,1186.9316666667728,1.0,1284260.424,262144.0,32768.0,121779.18900001088,237386.33333335456,104857.6,1048576.0,2097152,1700951.613000011,3091771.5463333656,1433.0661661228958,2604.8437607330015,1.4742715579668835
main,none,251,16,1,1,fast,1000,0,same_voltage_gated,True,1.0,612.2536666667723,1149.8556666667719,37.57598958343533,583.9356666666681,9.088919779459863,1.7668683538365553,1186.9316666667728,251,32768,0.0,0.0,0.0,1121.3956666534214,0.0,2097152,1,1,0.00033077997602604103,0.00033333333340124227,0.00033077997602604103,9.258999999998196,1.7676124716797916,32768,32.76800000667572,0.02760731803432053,35454.976,262144.0,32768.0,121779.18900001088,237386.33333335456,104857.6,1048576.0,2097152,452146.1650000109,1842966.0983333653,380.9369803653149,1552.7145749754202,0.8787947169939829
main,none,251,16,1,1,slow,500,0.5,same_voltage_always_on,False,1.0,645.3200000000021,1211.9800000000032,39.58129166666504,615.4976666666684,9.580127166748262,1.6763000975173037,1251.0600000000013,251,32768,0.0,0.0,0.0,1185.5239999866499,0.0,2097152,16,235,3.5111836038710416,7.269999999949505,4.011183603871041,9.7599999999984,1.6769703172978536,625530,1251.0600000000013,1.0,676823.4600000001,262144.0,32768.0,128358.75600000012,250212.00000000026,104857.6,1048576.0,2097152,1100094.2160000002,2503739.8160000006,879.3297012133703,2001.2947548478874,1.1938761787414554
main,none,251,16,1,1,slow,500,0.5,same_voltage_gated,True,1.0,645.3200000000021,1211.9800000000032,39.58129166666504,615.4976666666684,9.580127166748262,1.6763000975173037,1251.0600000000013,251,32768,0.0,0.0,0.0,1185.5239999866499,0.0,2097152,16,235,3.5111836038710416,7.269999999949505,4.011183603871041,9.7599999999984,1.6769703172978536,514169,1028.338000000007,0.8219733665851405,556330.858,262144.0,32768.0,128358.75600000012,250212.00000000026,104857.6,1048576.0,2097152,979601.6140000002,2383247.2140000006,783.0172925359288,1904.982346170446,1.1364208288192752
main,none,251,16,1,1,slow,500,0.5,lower_voltage_always_on,False,0.8,645.3200000000021,1211.9800000000032,39.58129166666504,615.4976666666684,9.580127166748262,1.6763000975173037,1251.0600000000013,251,32768,0.0,0.0,0.0,1185.5239999866499,0.0,2097152,16,235,3.5111836038710416,7.269999999949505,4.011183603871041,9.7599999999984,1.6769703172978536,625530,1251.0600000000013,1.0,433167.01440000016,167772.16000000003,20971.520000000004,128358.75600000012,250212.00000000026,104857.6,1048576.0,2097152,750269.4504000003,2153915.0504000005,599.7070087765571,1721.672062411074,1.027066731643677
main,none,251,16,1,1,slow,500,0.5,lower_voltage_gated,True,0.8,645.3200000000021,1211.9800000000032,39.58129166666504,615.4976666666684,9.580127166748262,1.6763000975173037,1251.0600000000013,251,32768,0.0,0.0,0.0,1185.5239999866499,0.0,2097152,16,235,3.5111836038710416,7.269999999949505,4.011183603871041,9.7599999999984,1.6769703172978536,514169,1028.338000000007,0.8219733665851405,356051.74912000005,167772.16000000003,20971.520000000004,128358.75600000012,250212.00000000026,104857.6,1048576.0,2097152,673154.1851200003,2076799.7851200006,538.0670672229945,1660.0321208575115,0.9902953076934817
main,none,251,64,1,1,fast,1000,0,same_voltage_always_on,False,1.0,612.2536666667723,1149.8556666667719,37.57598958343533,583.9356666666681,9.088919779459863,1.7668683538365553,1186.9316666667728,251,32768,0.0,0.0,0.0,1121.3956666534214,0.0,2097152,1,1,0.00033077997602604103,0.00033333333340124227,0.00033077997602604103,9.258999999998196,1.7676124716797916,1186932,1186.9316666667728,1.0,1398205.8960000002,262144.0,32768.0,127476.4610000114,237386.33333335456,104857.6,1048576.0,2097152,1820594.3570000115,3211414.290333366,1533.8661930831588,2705.643787693264,1.5313216640154677
main,none,251,64,1,1,fast,1000,0,same_voltage_gated,True,1.0,612.2536666667723,1149.8556666667719,37.57598958343533,583.9356666666681,9.088919779459863,1.7668683538365553,1186.9316666667728,251,32768,0.0,0.0,0.0,1121.3956666534214,0.0,2097152,1,1,0.00033077997602604103,0.00033333333340124227,0.00033077997602604103,9.258999999998196,1.7676124716797916,32768,32.76800000667572,0.02760731803432053,38600.704000000005,262144.0,32768.0,127476.4610000114,237386.33333335456,104857.6,1048576.0,2097152,460989.16500001145,1851809.098333366,388.38728289606973,1560.1648775061751,0.8830113879839735
main,none,251,64,1,1,slow,500,0.5,same_voltage_always_on,False,1.0,645.3200000000021,1211.9800000000032,39.58129166666504,615.4976666666684,9.580127166748262,1.6763000975173037,1251.0600000000013,251,32768,0.0,0.0,0.0,1185.5239999866499,0.0,2097152,64,187,0.5600844827772912,1.3659999999508727,1.0600844827772913,9.7599999999984,1.6769703172978536,625530,1251.0600000000013,1.0,736874.3400000001,262144.0,32768.0,134363.84400000016,250212.00000000026,104857.6,1048576.0,2097152,1166150.1840000004,2569795.784000001,932.1297012133704,2054.0947548478875,1.225374118804932
main,none,251,64,1,1,slow,500,0.5,same_voltage_gated,True,1.0,645.3200000000021,1211.9800000000032,39.58129166666504,615.4976666666684,9.580127166748262,1.6763000975173037,1251.0600000000013,251,32768,0.0,0.0,0.0,1185.5239999866499,0.0,2097152,64,187,0.5600844827772912,1.3659999999508727,1.0600844827772913,9.7599999999984,1.6769703172978536,136313,272.6260000000111,0.21791600722588111,160576.714,262144.0,32768.0,134363.84400000016,250212.00000000026,104857.6,1048576.0,2097152,589852.5580000002,1993498.1580000003,471.4822294694096,1593.4472831039263,0.9505739965438844
main,none,251,64,1,1,slow,500,0.5,lower_voltage_always_on,False,0.8,645.3200000000021,1211.9800000000032,39.58129166666504,615.4976666666684,9.580127166748262,1.6763000975173037,1251.0600000000013,251,32768,0.0,0.0,0.0,1185.5239999866499,0.0,2097152,64,187,0.5600844827772912,1.3659999999508727,1.0600844827772913,9.7599999999984,1.6769703172978536,625530,1251.0600000000013,1.0,471599.57760000014,167772.16000000003,20971.520000000004,134363.84400000016,250212.00000000026,104857.6,1048576.0,2097152,794707.1016000003,2198352.7016000003,635.227008776557,1757.1920624110737,1.0482562549591066
main,none,251,64,1,1,slow,500,0.5,lower_voltage_gated,True,0.8,645.3200000000021,1211.9800000000032,39.58129166666504,615.4976666666684,9.580127166748262,1.6763000975173037,1251.0600000000013,251,32768,0.0,0.0,0.0,1185.5239999866499,0.0,2097152,64,187,0.5600844827772912,1.3659999999508727,1.0600844827772913,9.7599999999984,1.6769703172978536,136313,272.6260000000111,0.21791600722588111,102769.09696000002,167772.16000000003,20971.520000000004,134363.84400000016,250212.00000000026,104857.6,1048576.0,2097152,425876.6209600002,1829522.2209600005,340.41262686042217,1462.377680494939,0.8723841767120364
main,none,251,128,1,1,fast,1000,0,same_voltage_always_on,False,1.0,612.2536666667723,1149.8556666667719,37.57598958343533,583.9356666666681,9.088919779459863,1.7668683538365553,1186.9316666667728,251,32768,0.0,0.0,0.0,1121.3956666534214,0.0,2097152,1,1,0.00033077997602604103,0.00033333333340124227,0.00033077997602604103,9.258999999998196,1.7676124716797916,1186932,1186.9316666667728,1.0,1550133.192,262144.0,32768.0,135072.82366667874,237386.33333335456,104857.6,1048576.0,2097152,1980118.0156666788,3370937.9490000335,1668.266229030176,2840.0438236402815,1.6073884720802467
main,none,251,128,1,1,fast,1000,0,same_voltage_gated,True,1.0,612.2536666667723,1149.8556666667719,37.57598958343533,583.9356666666681,9.088919779459863,1.7668683538365553,1186.9316666667728,251,32768,0.0,0.0,0.0,1121.3956666534214,0.0,2097152,1,1,0.00033077997602604103,0.00033333333340124227,0.00033077997602604103,9.258999999998196,1.7676124716797916,32768,32.76800000667572,0.02760731803432053,42795.008,262144.0,32768.0,135072.82366667874,237386.33333335456,104857.6,1048576.0,2097152,472779.8316666788,1863599.7650000332,398.32101960374285,1570.0986142138481,0.8886336159706274
main,none,251,128,1,1,slow,500,0.5,same_voltage_always_on,False,1.0,645.3200000000021,1211.9800000000032,39.58129166666504,615.4976666666684,9.580127166748262,1.6763000975173037,1251.0600000000013,251,32768,0.0,0.0,0.0,1185.5239999866499,0.0,2097152,128,125,0.12421753941791391,0.49399999994784594,0.6242175394179139,9.7599999999984,1.6769703172978536,625530,1251.0600000000013,1.0,816942.18,262144.0,32768.0,142370.62800000014,250212.00000000026,104857.6,1048576.0,2097152,1254224.8080000002,2657870.4080000008,1002.5297012133701,2124.494754847887,1.2673713722229007
main,none,251,128,1,1,slow,500,0.5,same_voltage_gated,True,1.0,645.3200000000021,1211.9800000000032,39.58129166666504,615.4976666666684,9.580127166748262,1.6763000975173037,1251.0600000000013,251,32768,0.0,0.0,0.0,1185.5239999866499,0.0,2097152,128,125,0.12421753941791391,0.49399999994784594,0.6242175394179139,9.7599999999984,1.6769703172978536,80505,161.00999999999476,0.12869886336386313,105139.53,262144.0,32768.0,142370.62800000014,250212.00000000026,104857.6,1048576.0,2097152,542422.1580000002,1946067.7580000004,433.5700589899762,1555.5351126244932,0.927957419395447
main,none,251,128,1,1,slow,500,0.5,lower_voltage_always_on,False,0.8,645.3200000000021,1211.9800000000032,39.58129166666504,615.4976666666684,9.580127166748262,1.6763000975173037,1251.0600000000013,251,32768,0.0,0.0,0.0,1185.5239999866499,0.0,2097152,128,125,0.12421753941791391,0.49399999994784594,0.6242175394179139,9.7599999999984,1.6769703172978536,625530,1251.0600000000013,1.0,522842.9952000001,167772.16000000003,20971.520000000004,142370.62800000014,250212.00000000026,104857.6,1048576.0,2097152,853957.3032000003,2257602.9032000005,682.587008776557,1804.5520624110738,1.076508952713013
main,none,251,128,1,1,slow,500,0.5,lower_voltage_gated,True,0.8,645.3200000000021,1211.9800000000032,39.58129166666504,615.4976666666684,9.580127166748262,1.6763000975173037,1251.0600000000013,251,32768,0.0,0.0,0.0,1185.5239999866499,0.0,2097152,128,125,0.12421753941791391,0.49399999994784594,0.6242175394179139,9.7599999999984,1.6769703172978536,80505,161.00999999999476,0.12869886336386313,67289.29920000001,167772.16000000003,20971.520000000004,142370.62800000014,250212.00000000026,104857.6,1048576.0,2097152,398403.6072000002,1802049.2072000005,318.4528377535848,1440.417891388102,0.8592840229034426
main,none,251,200,1,1,fast,1000,0,same_voltage_always_on,False,1.0,612.2536666667723,1149.8556666667719,37.57598958343533,583.9356666666681,9.088919779459863,1.7668683538365553,1186.9316666667728,251,32768,0.0,0.0,0.0,1121.3956666534214,0.0,2097152,1,1,0.00033077997602604103,0.00033333333340124227,0.00033077997602604103,9.258999999998196,1.7676124716797916,1186932,1186.9316666667728,1.0,1721051.4,262144.0,32768.0,143618.7316666795,237386.33333335456,104857.6,1048576.0,2097152,2159582.1316666794,3550402.065000034,1819.46626947057,2991.243864080676,1.6929636311531229
main,none,251,200,1,1,fast,1000,0,same_voltage_gated,True,1.0,612.2536666667723,1149.8556666667719,37.57598958343533,583.9356666666681,9.088919779459863,1.7668683538365553,1186.9316666667728,251,32768,0.0,0.0,0.0,1121.3956666534214,0.0,2097152,1,1,0.00033077997602604103,0.00033333333340124227,0.00033077997602604103,9.258999999998196,1.7676124716797916,32768,32.76800000667572,0.02760731803432053,47513.6,262144.0,32768.0,143618.7316666795,237386.33333335456,104857.6,1048576.0,2097152,486044.33166667947,1876864.2650000341,409.496473399875,1581.2740680099805,0.8949586224556132
main,none,251,200,1,1,slow,500,0.5,same_voltage_always_on,False,1.0,645.3200000000021,1211.9800000000032,39.58129166666504,615.4976666666684,9.580127166748262,1.6763000975173037,1251.0600000000013,251,32768,0.0,0.0,0.0,1185.5239999866499,0.0,2097152,200,125,0.02411451207416493,0.3499999999476131,0.5241145120741649,9.7599999999984,1.6769703172978536,625530,1251.0600000000013,1.0,907018.5,262144.0,32768.0,151378.26000000015,250212.00000000026,104857.6,1048576.0,2097152,1353308.7600000002,2756954.3600000003,1081.7297012133702,2203.694754847887,1.3146182823181154
main,none,251,200,1,1,slow,500,0.5,same_voltage_gated,True,1.0,645.3200000000021,1211.9800000000032,39.58129166666504,615.4976666666684,9.580127166748262,1.6763000975173037,1251.0600000000013,251,32768,0.0,0.0,0.0,1185.5239999866499,0.0,2097152,200,125,0.02411451207416493,0.3499999999476131,0.5241145120741649,9.7599999999984,1.6769703172978536,71289,142.57800000000134,0.1139657570380327,103369.05,262144.0,32768.0,151378.26000000015,250212.00000000026,104857.6,1048576.0,2097152,549659.3100000002,1953304.9100000004,439.35487506594376,1561.3199287004607,0.931408362388611
main,none,251,200,1,1,slow,500,0.5,lower_voltage_always_on,False,0.8,645.3200000000021,1211.9800000000032,39.58129166666504,615.4976666666684,9.580127166748262,1.6763000975173037,1251.0600000000013,251,32768,0.0,0.0,0.0,1185.5239999866499,0.0,2097152,200,125,0.02411451207416493,0.3499999999476131,0.5241145120741649,9.7599999999984,1.6769703172978536,625530,1251.0600000000013,1.0,580491.8400000001,167772.16000000003,20971.520000000004,151378.26000000015,250212.00000000026,104857.6,1048576.0,2097152,920613.7800000003,2324259.380000001,735.8670087765569,1857.832062411074,1.1082932376861576
main,none,251,200,1,1,slow,500,0.5,lower_voltage_gated,True,0.8,645.3200000000021,1211.9800000000032,39.58129166666504,615.4976666666684,9.580127166748262,1.6763000975173037,1251.0600000000013,251,32768,0.0,0.0,0.0,1185.5239999866499,0.0,2097152,200,125,0.02411451207416493,0.3499999999476131,0.5241145120741649,9.7599999999984,1.6769703172978536,71289,142.57800000000134,0.1139657570380327,66156.19200000001,167772.16000000003,20971.520000000004,151378.26000000015,250212.00000000026,104857.6,1048576.0,2097152,406278.1320000002,1809923.7320000003,324.747120042204,1446.7121736767208,0.8630388889312746
main,none,251,250,1,1,fast,1000,0,same_voltage_always_on,False,1.0,612.2536666667723,1149.8556666667719,37.57598958343533,583.9356666666681,9.088919779459863,1.7668683538365553,1186.9316666667728,251,32768,0.0,0.0,0.0,1121.3956666534214,0.0,2097152,1,1,0.00033077997602604103,0.00033333333340124227,0.00033077997602604103,9.258999999998196,1.7676124716797916,1186932,1186.9316666667728,1.0,1839744.6,262144.0,32768.0,149553.39000001337,237386.33333335456,104857.6,1048576.0,2097152,2284209.9900000133,3675029.923333368,1924.4662975541773,3096.243892164283,1.7523908249537314
main,none,251,250,1,1,fast,1000,0,same_voltage_gated,True,1.0,612.2536666667723,1149.8556666667719,37.57598958343533,583.9356666666681,9.088919779459863,1.7668683538365553,1186.9316666667728,251,32768,0.0,0.0,0.0,1121.3956666534214,0.0,2097152,1,1,0.00033077997602604103,0.00033333333340124227,0.00033077997602604103,9.258999999998196,1.7676124716797916,32768,32.76800000667572,0.02760731803432053,50790.4,262144.0,32768.0,149553.39000001337,237386.33333335456,104857.6,1048576.0,2097152,495255.7900000134,1886075.723333368,417.25720520274473,1589.0347998128502,0.8993509880701867
main,none,251,250,1,1,slow,500,0.5,same_voltage_always_on,False,1.0,645.3200000000021,1211.9800000000032,39.58129166666504,615.4976666666684,9.580127166748262,1.6763000975173037,1251.0600000000013,251,32768,0.0,0.0,0.0,1185.5239999866499,0.0,2097152,250,125,0.0022547708632500996,0.2499999999490683,0.5022547708632501,9.7599999999984,1.6769703172978536,625530,1251.0600000000013,1.0,969571.5,262144.0,32768.0,157633.56000000017,250212.00000000026,104857.6,1048576.0,2097152,1422117.06,2825762.66,1136.72970121337,2258.6947548478865,1.3474286365509034
main,none,251,250,1,1,slow,500,0.5,same_voltage_gated,True,1.0,645.3200000000021,1211.9800000000032,39.58129166666504,615.4976666666684,9.580127166748262,1.6763000975173037,1251.0600000000013,251,32768,0.0,0.0,0.0,1185.5239999866499,0.0,2097152,250,125,0.0022547708632500996,0.2499999999490683,0.5022547708632501,9.7599999999984,1.6769703172978536,64889,129.7780000000057,0.1037344332006503,100577.95,262144.0,32768.0,157633.56000000017,250212.00000000026,104857.6,1048576.0,2097152,553123.5100000002,1956769.1100000003,442.12388694387136,1564.0889405783882,0.9330602216720583
main,none,251,250,1,1,slow,500,0.5,lower_voltage_always_on,False,0.8,645.3200000000021,1211.9800000000032,39.58129166666504,615.4976666666684,9.580127166748262,1.6763000975173037,1251.0600000000013,251,32768,0.0,0.0,0.0,1185.5239999866499,0.0,2097152,250,125,0.0022547708632500996,0.2499999999490683,0.5022547708632501,9.7599999999984,1.6769703172978536,625530,1251.0600000000013,1.0,620525.7600000001,167772.16000000003,20971.520000000004,157633.56000000017,250212.00000000026,104857.6,1048576.0,2097152,966903.0000000003,2370548.6000000006,772.867008776557,1894.8320624110738,1.1303656578063968
main,none,251,250,1,1,slow,500,0.5,lower_voltage_gated,True,0.8,645.3200000000021,1211.9800000000032,39.58129166666504,615.4976666666684,9.580127166748262,1.6763000975173037,1251.0600000000013,251,32768,0.0,0.0,0.0,1185.5239999866499,0.0,2097152,250,125,0.0022547708632500996,0.2499999999490683,0.5022547708632501,9.7599999999984,1.6769703172978536,64889,129.7780000000057,0.1037344332006503,64369.88800000001,167772.16000000003,20971.520000000004,157633.56000000017,250212.00000000026,104857.6,1048576.0,2097152,410747.1280000002,1814392.7280000006,328.31928764407763,1450.2843412785946,0.8651698722839358
main,none,251,500,1,1,fast,1000,0,same_voltage_always_on,False,1.0,612.2536666667723,1149.8556666667719,37.57598958343533,583.9356666666681,9.088919779459863,1.7668683538365553,1186.9316666667728,251,32768,0.0,0.0,0.0,1121.3956666534214,0.0,2097152,1,1,0.00033077997602604103,0.00033333333340124227,0.00033077997602604103,9.258999999998196,1.7676124716797916,1186932,1186.9316666667728,1.0,2433210.5999999996,262144.0,32768.0,179226.6816666827,237386.33333335456,104857.6,1048576.0,2097152,2907349.281666682,4298169.215000037,2449.466437972213,3621.244032582319,2.0495267939567743
main,none,251,500,1,1,fast,1000,0,same_voltage_gated,True,1.0,612.2536666667723,1149.8556666667719,37.57598958343533,583.9356666666681,9.088919779459863,1.7668683538365553,1186.9316666667728,251,32768,0.0,0.0,0.0,1121.3956666534214,0.0,2097152,1,1,0.00033077997602604103,0.00033333333340124227,0.00033077997602604103,9.258999999998196,1.7676124716797916,32768,32.76800000667572,0.02760731803432053,67174.4,262144.0,32768.0,179226.6816666827,237386.33333335456,104857.6,1048576.0,2097152,541313.0816666827,1932133.0150000374,456.0608642170928,1627.8384588271983,0.9213128161430537
main,none,251,500,1,1,slow,500,0.5,same_voltage_always_on,False,1.0,645.3200000000021,1211.9800000000032,39.58129166666504,615.4976666666684,9.580127166748262,1.6763000975173037,1251.0600000000013,251,32768,0.0,0.0,0.0,1185.5239999866499,0.0,2097152,250,125,0.0022547708632500996,0.2499999999490683,0.5022547708632501,9.7599999999984,1.6769703172978536,625530,1251.0600000000013,1.0,1282336.5,262144.0,32768.0,188910.0600000002,250212.00000000026,104857.6,1048576.0,2097152,1766158.5600000003,3169804.1600000006,1411.7297012133697,2533.694754847887,1.511480407714844
main,none,251,500,1,1,slow,500,0.5,same_voltage_gated,True,1.0,645.3200000000021,1211.9800000000032,39.58129166666504,615.4976666666684,9.580127166748262,1.6763000975173037,1251.0600000000013,251,32768,0.0,0.0,0.0,1185.5239999866499,0.0,2097152,250,125,0.0022547708632500996,0.2499999999490683,0.5022547708632501,9.7599999999984,1.6769703172978536,64889,129.7780000000057,0.1037344332006503,133022.44999999998,262144.0,32768.0,188910.0600000002,250212.00000000026,104857.6,1048576.0,2097152,616844.5100000001,2020490.1100000003,493.0574952440326,1615.0225488785495,0.9634447622299196
main,none,251,500,1,1,slow,500,0.5,lower_voltage_always_on,False,0.8,645.3200000000021,1211.9800000000032,39.58129166666504,615.4976666666684,9.580127166748262,1.6763000975173037,1251.0600000000013,251,32768,0.0,0.0,0.0,1185.5239999866499,0.0,2097152,250,125,0.0022547708632500996,0.2499999999490683,0.5022547708632501,9.7599999999984,1.6769703172978536,625530,1251.0600000000013,1.0,820695.3600000001,167772.16000000003,20971.520000000004,188910.0600000002,250212.00000000026,104857.6,1048576.0,2097152,1198349.1000000003,2601994.7000000007,957.8670087765568,2079.832062411074,1.240727758407593
main,none,251,500,1,1,slow,500,0.5,lower_voltage_gated,True,0.8,645.3200000000021,1211.9800000000032,39.58129166666504,615.4976666666684,9.580127166748262,1.6763000975173037,1251.0600000000013,251,32768,0.0,0.0,0.0,1185.5239999866499,0.0,2097152,250,125,0.0022547708632500996,0.2499999999490683,0.5022547708632501,9.7599999999984,1.6769703172978536,64889,129.7780000000057,0.1037344332006503,85134.368,167772.16000000003,20971.520000000004,188910.0600000002,250212.00000000026,104857.6,1048576.0,2097152,462788.10800000024,1866433.7080000006,369.916796956181,1491.881850590698,0.8899849452972415
main,none,500,1,1,1,fast,1000,0,same_voltage_always_on,False,1.0,307.33666666687657,576.5436666668757,19.56398958353691,297.03066666666814,9.069231669108973,3.5239756929942683,595.1096666668782,500,49152,0.0,0.0,0.0,529.5736666535267,0.0,2097152,1,1,0.00032824696620026295,0.00033333333340124227,0.00032824696620026295,9.430666666703473,3.529893353441769,595110,595.1096666668782,1.0,626055.72,262144.0,32768.0,60165.58730002138,119021.93333337564,104857.6,1048576.0,2097152,981133.3073000214,2253588.840633397,1648.659671074081,3786.8463022209285,1.0745948985259042
main,none,500,1,1,1,fast,1000,0,same_voltage_gated,True,1.0,307.33666666687657,576.5436666668757,19.56398958353691,297.03066666666814,9.069231669108973,3.5239756929942683,595.1096666668782,500,49152,0.0,0.0,0.0,529.5736666535267,0.0,2097152,1,1,0.00032824696620026295,0.00033333333340124227,0.00032824696620026295,9.430666666703473,3.529893353441769,32768,32.76800000667572,0.05506212021425307,34471.936,262144.0,32768.0,60165.58730002138,119021.93333337564,104857.6,1048576.0,2097152,389549.52330002136,1662005.056633397,654.5844322809122,2792.7710634277596,0.7925057681242929
main,none,500,1,1,1,slow,500,0.5,same_voltage_always_on,False,1.0,8448.002,15872.002,750.5250416666606,7945.757666666667,248.09583970133386,0.1279999843750019,16384.002,500,16384,0.0,0.0,0.0,16318.465999986649,0.0,2097152,1,499,247.2394699096664,249.4979999999996,247.7394699096664,255.9759999999951,0.128,8192001,16384.002,1.0,8617985.052000001,262144.0,32768.0,1656422.6021999998,3276800.4,104857.6,1048576.0,2097152,10569319.6542,14999553.6542,645.0999978027347,915.4999892089858,7.152344538784027
main,none,500,1,1,1,slow,500,0.5,same_voltage_gated,True,1.0,8448.002,15872.002,750.5250416666606,7945.757666666667,248.09583970133386,0.1279999843750019,16384.002,500,16384,0.0,0.0,0.0,16318.465999986649,0.0,2097152,1,499,247.2394699096664,249.4979999999996,247.7394699096664,255.9759999999951,0.128,8192000,16384.0,0.9999998779297024,8617984.0,262144.0,32768.0,1656422.6021999998,3276800.4,104857.6,1048576.0,2097152,10569318.6022,14999552.6022,645.099933593758,915.4999250000091,7.1523440371513365
main,none,500,1,1,1,slow,500,0.5,lower_voltage_always_on,False,0.8,8448.002,15872.002,750.5250416666606,7945.757666666667,248.09583970133386,0.1279999843750019,16384.002,500,16384,0.0,0.0,0.0,16318.465999986649,0.0,2097152,1,499,247.2394699096664,249.4979999999996,247.7394699096664,255.9759999999951,0.128,8192001,16384.002,1.0,5515510.433280001,167772.16000000003,20971.520000000004,1656422.6021999998,3276800.4,104857.6,1048576.0,2097152,7360676.715480001,11790910.71548,449.2599985937502,719.6599900000012,5.622344358196258
main,none,500,1,1,1,slow,500,0.5,lower_voltage_gated,True,0.8,8448.002,15872.002,750.5250416666606,7945.757666666667,248.09583970133386,0.1279999843750019,16384.002,500,16384,0.0,0.0,0.0,16318.465999986649,0.0,2097152,1,499,247.2394699096664,249.4979999999996,247.7394699096664,255.9759999999951,0.128,8192000,16384.0,0.9999998779297024,5515509.760000001,167772.16000000003,20971.520000000004,1656422.6021999998,3276800.4,104857.6,1048576.0,2097152,7360676.0422,11790910.0422,449.25995750000516,719.6599489062562,5.622344037151336
main,none,500,4,1,1,fast,1000,0,same_voltage_always_on,False,1.0,307.33666666687657,576.5436666668757,19.56398958353691,297.03066666666814,9.069231669108973,3.5239756929942683,595.1096666668782,500,49152,0.0,0.0,0.0,529.5736666535267,0.0,2097152,1,1,0.00032824696620026295,0.00033333333340124227,0.00032824696620026295,9.430666666703473,3.529893353441769,595110,595.1096666668782,1.0,629626.38,262144.0,32768.0,60344.120200021454,119021.93333337564,104857.6,1048576.0,2097152,984882.5002000214,2257338.033533397,1654.959674434804,3793.1463055816516,1.0763826530138956
main,none,500,4,1,1,fast,1000,0,same_voltage_gated,True,1.0,307.33666666687657,576.5436666668757,19.56398958353691,297.03066666666814,9.069231669108973,3.5239756929942683,595.1096666668782,500,49152,0.0,0.0,0.0,529.5736666535267,0.0,2097152,1,1,0.00032824696620026295,0.00033333333340124227,0.00032824696620026295,9.430666666703473,3.529893353441769,32768,32.76800000667572,0.05506212021425307,34668.544,262144.0,32768.0,60344.120200021454,119021.93333337564,104857.6,1048576.0,2097152,389924.6642000214,1662380.197533397,655.2148050021304,2793.401436148978,0.7926846492449746
main,none,500,4,1,1,slow,500,0.5,same_voltage_always_on,False,1.0,2112.0080000000016,3968.0080000000016,180.53104166666185,1993.7576666666682,62.04243564859957,0.511999000001953,4096.008000000002,500,16384,0.0,0.0,0.0,4030.47199998665,0.0,2097152,4,496,60.10692523192774,61.99799999999959,60.60692523192774,63.97599999999511,0.512,2048004,4096.008000000002,1.0,2166788.2320000003,262144.0,32768.0,415335.2112000002,819201.6000000003,104857.6,1048576.0,2097152,2877035.4432000006,4849670.643200001,702.3998593752746,1183.9993093763485,2.3125031677246097
main,none,500,4,1,1,slow,500,0.5,same_voltage_gated,True,1.0,2112.0080000000016,3968.0080000000016,180.53104166666185,1993.7576666666682,62.04243564859957,0.511999000001953,4096.008000000002,500,16384,0.0,0.0,0.0,4030.47199998665,0.0,2097152,4,496,60.10692523192774,61.99799999999959,60.60692523192774,63.97599999999511,0.512,2048003,4096.006000000001,0.9999995117197036,2166787.174,262144.0,32768.0,415335.2112000002,819201.6000000003,104857.6,1048576.0,2097152,2877034.3852000004,4849669.585200001,702.3996010749977,1183.9990510760717,2.3125026632308963
main,none,500,4,1,1,slow,500,0.5,lower_voltage_always_on,False,0.8,2112.0080000000016,3968.0080000000016,180.53104166666185,1993.7576666666682,62.04243564859957,0.511999000001953,4096.008000000002,500,16384,0.0,0.0,0.0,4030.47199998665,0.0,2097152,4,496,60.10692523192774,61.99799999999959,60.60692523192774,63.97599999999511,0.512,2048004,4096.008000000002,1.0,1386744.4684800005,167772.16000000003,20971.520000000004,415335.2112000002,819201.6000000003,104857.6,1048576.0,2097152,1990823.3596800007,3963458.5596800013,486.0399100001758,967.63936000125,1.8899243162536628
main,none,500,4,1,1,slow,500,0.5,lower_voltage_gated,True,0.8,2112.0080000000016,3968.0080000000016,180.53104166666185,1993.7576666666682,62.04243564859957,0.511999000001953,4096.008000000002,500,16384,0.0,0.0,0.0,4030.47199998665,0.0,2097152,4,496,60.10692523192774,61.99799999999959,60.60692523192774,63.97599999999511,0.512,2048003,4096.006000000001,0.9999995117197036,1386743.7913600004,167772.16000000003,20971.520000000004,415335.2112000002,819201.6000000003,104857.6,1048576.0,2097152,1990822.6825600006,3963457.882560001,486.0397446879986,967.6391946890728,1.8899239933776861
main,none,500,16,1,1,fast,1000,0,same_voltage_always_on,False,1.0,307.33666666687657,576.5436666668757,19.56398958353691,297.03066666666814,9.069231669108973,3.5239756929942683,595.1096666668782,500,49152,0.0,0.0,0.0,529.5736666535267,0.0,2097152,1,1,0.00032824696620026295,0.00033333333340124227,0.00032824696620026295,9.430666666703473,3.529893353441769,595110,595.1096666668782,1.0,643909.02,262144.0,32768.0,61058.251800021695,119021.93333337564,104857.6,1048576.0,2097152,999879.2718000218,2272334.8051333977,1680.1596878776961,3818.346319024544,1.0835336709658612
main,none,500,16,1,1,fast,1000,0,same_voltage_gated,True,1.0,307.33666666687657,576.5436666668757,19.56398958353691,297.03066666666814,9.069231669108973,3.5239756929942683,595.1096666668782,500,49152,0.0,0.0,0.0,529.5736666535267,0.0,2097152,1,1,0.00032824696620026295,0.00033333333340124227,0.00032824696620026295,9.430666666703473,3.529893353441769,32768,32.76800000667572,0.05506212021425307,35454.976,262144.0,32768.0,61058.251800021695,119021.93333337564,104857.6,1048576.0,2097152,391425.2278000217,1663880.7611333975,657.7362958870033,2795.922927033851,0.7934001737277019
main,none,500,16,1,1,slow,500,0.5,same_voltage_always_on,False,1.0,530.2686666667723,994.2686666667723,40.29170833343255,505.75766666666823,15.592438090006572,2.043472696882932,1026.2686666667723,500,32768,0.0,0.0,0.0,960.7326666534209,0.0,2097152,16,484,9.34377142328629,15.006999999899563,9.84377142328629,15.97599999999511,2.048,513135,1026.2686666667723,1.0,555212.0700000001,262144.0,32768.0,105295.16520001083,205253.73333335447,104857.6,1048576.0,2097152,955419.2352000109,2314106.5685333656,930.9640508689855,2254.874034154598,1.1034519999186352
main,none,500,16,1,1,slow,500,0.5,same_voltage_gated,True,1.0,530.2686666667723,994.2686666667723,40.29170833343255,505.75766666666823,15.592438090006572,2.043472696882932,1026.2686666667723,500,32768,0.0,0.0,0.0,960.7326666534209,0.0,2097152,16,484,9.34377142328629,15.006999999899563,9.84377142328629,15.97599999999511,2.048,512015,1024.0299999999988,0.9978186348862774,554000.23,262144.0,32768.0,105295.16520001083,205253.73333335447,104857.6,1048576.0,2097152,954207.3952000109,2312894.7285333653,929.783229472639,2253.693212758252,1.1028741495768382
main,none,500,16,1,1,slow,500,0.5,lower_voltage_always_on,False,0.8,530.2686666667723,994.2686666667723,40.29170833343255,505.75766666666823,15.592438090006572,2.043472696882932,1026.2686666667723,500,32768,0.0,0.0,0.0,960.7326666534209,0.0,2097152,16,484,9.34377142328629,15.006999999899563,9.84377142328629,15.97599999999511,2.048,513135,1026.2686666667723,1.0,355335.7248000001,167772.16000000003,20971.520000000004,105295.16520001083,205253.73333335447,104857.6,1048576.0,2097152,649374.570000011,2008061.9033333655,632.7529925561508,1956.6629758417635,0.9575185314814403
main,none,500,16,1,1,slow,500,0.5,lower_voltage_gated,True,0.8,530.2686666667723,994.2686666667723,40.29170833343255,505.75766666666823,15.592438090006572,2.043472696882932,1026.2686666667723,500,32768,0.0,0.0,0.0,960.7326666534209,0.0,2097152,16,484,9.34377142328629,15.006999999899563,9.84377142328629,15.97599999999511,2.048,512015,1024.0299999999988,0.9978186348862774,354560.14720000006,167772.16000000003,20971.520000000004,105295.16520001083,205253.73333335447,104857.6,1048576.0,2097152,648598.9924000109,2007286.3257333655,631.997266862489,1955.9072501481016,0.9571487072626903
main,none,500,64,1,1,fast,1000,0,same_voltage_always_on,False,1.0,307.33666666687657,576.5436666668757,19.56398958353691,297.03066666666814,9.069231669108973,3.5239756929942683,595.1096666668782,500,49152,0.0,0.0,0.0,529.5736666535267,0.0,2097152,1,1,0.00032824696620026295,0.00033333333340124227,0.00032824696620026295,9.430666666703473,3.529893353441769,595110,595.1096666668782,1.0,701039.5800000001,262144.0,32768.0,63914.77820002272,119021.93333337564,104857.6,1048576.0,2097152,1059866.3582000227,2332321.8915333985,1780.9597416492636,3919.1463727961113,1.112137742773723
main,none,500,64,1,1,fast,1000,0,same_voltage_gated,True,1.0,307.33666666687657,576.5436666668757,19.56398958353691,297.03066666666814,9.069231669108973,3.5239756929942683,595.1096666668782,500,49152,0.0,0.0,0.0,529.5736666535267,0.0,2097152,1,1,0.00032824696620026295,0.00033333333340124227,0.00032824696620026295,9.430666666703473,3.529893353441769,32768,32.76800000667572,0.05506212021425307,38600.704000000005,262144.0,32768.0,63914.77820002272,119021.93333337564,104857.6,1048576.0,2097152,397427.4822000227,1669883.0155333984,667.8222594264947,2806.0088905733423,0.7962622716586105
main,none,500,64,1,1,slow,500,0.5,same_voltage_always_on,False,1.0,325.3566666667723,609.0926666667729,22.053958333432547,313.0616666666682,9.57009922281907,3.335904584454647,628.6606666667722,500,32768,0.0,0.0,0.0,563.1246666534207,0.0,2097152,64,436,0.5737914428174681,3.1029999998972926,1.073791442817468,9.930666666703473,3.3491414554374517,314331,628.6606666667722,1.0,370281.91800000006,262144.0,32768.0,67518.15560001133,125732.13333335443,104857.6,1048576.0,2097152,732712.0736000114,2011877.8069333658,1165.5128314054245,3200.2603528554805,0.9593380961100415
main,none,500,64,1,1,slow,500,0.5,same_voltage_gated,True,1.0,325.3566666667723,609.0926666667729,22.053958333432547,313.0616666666682,9.57009922281907,3.335904584454647,628.6606666667722,500,32768,0.0,0.0,0.0,563.1246666534207,0.0,2097152,64,436,0.5737914428174681,3.1029999998972926,1.073791442817468,9.930666666703473,3.3491414554374517,132281,264.56199999999444,0.42083434518455115,155827.018,262144.0,32768.0,67518.15560001133,125732.13333335443,104857.6,1048576.0,2097152,518257.1736000114,1797422.9069333659,824.3830115026407,2859.1305329526967,0.8570780310313062
main,none,500,64,1,1,slow,500,0.5,lower_voltage_always_on,False,0.8,325.3566666667723,609.0926666667729,22.053958333432547,313.0616666666682,9.57009922281907,3.335904584454647,628.6606666667722,500,32768,0.0,0.0,0.0,563.1246666534207,0.0,2097152,64,436,0.5737914428174681,3.1029999998972926,1.073791442817468,9.930666666703473,3.3491414554374517,314331,628.6606666667722,1.0,236980.42752000008,167772.16000000003,20971.520000000004,67518.15560001133,125732.13333335443,104857.6,1048576.0,2097152,493242.2631200115,1772407.9964533658,784.5922120994719,2819.3397335495274,0.8451499922053174
main,none,500,64,1,1,slow,500,0.5,lower_voltage_gated,True,0.8,325.3566666667723,609.0926666667729,22.053958333432547,313.0616666666682,9.57009922281907,3.335904584454647,628.6606666667722,500,32768,0.0,0.0,0.0,563.1246666534207,0.0,2097152,64,436,0.5737914428174681,3.1029999998972926,1.073791442817468,9.930666666703473,3.3491414554374517,132281,264.56199999999444,0.42083434518455115,99729.29152000003,167772.16000000003,20971.520000000004,67518.15560001133,125732.13333335443,104857.6,1048576.0,2097152,355991.1271200114,1635156.8604533658,566.2691273616902,2601.016648811746,0.7797035505549268
main,none,500,128,1,1,fast,1000,0,same_voltage_always_on,False,1.0,307.33666666687657,576.5436666668757,19.56398958353691,297.03066666666814,9.069231669108973,3.5239756929942683,595.1096666668782,500,49152,0.0,0.0,0.0,529.5736666535267,0.0,2097152,1,1,0.00032824696620026295,0.00033333333340124227,0.00032824696620026295,9.430666666703473,3.529893353441769,595110,595.1096666668782,1.0,777213.66,262144.0,32768.0,67723.48006669074,119021.93333337564,104857.6,1048576.0,2097152,1139849.140066691,2412304.673400067,1915.3598133446874,4053.546444491535,1.1502765051842054
main,none,500,128,1,1,fast,1000,0,same_voltage_gated,True,1.0,307.33666666687657,576.5436666668757,19.56398958353691,297.03066666666814,9.069231669108973,3.5239756929942683,595.1096666668782,500,49152,0.0,0.0,0.0,529.5736666535267,0.0,2097152,1,1,0.00032824696620026295,0.00033333333340124227,0.00032824696620026295,9.430666666703473,3.529893353441769,32768,32.76800000667572,0.05506212021425307,42795.008,262144.0,32768.0,67723.48006669074,119021.93333337564,104857.6,1048576.0,2097152,405430.48806669074,1677886.0214000663,681.2702108124832,2819.4568419593306,0.8000784022331554
main,none,500,128,1,1,slow,500,0.5,same_voltage_always_on,False,1.0,324.3566666667723,608.0926666667729,21.053958333432547,313.0616666666682,9.56228672281907,3.341219406239116,627.6606666667722,500,32768,0.0,0.0,0.0,562.1246666534207,0.0,2097152,128,372,0.13066448969246724,1.2309999998979038,0.6306644896924672,9.930666666703473,3.3491414554374517,313831,627.6606666667722,1.0,409863.286,262144.0,32768.0,71427.78386667867,125532.13333335443,104857.6,1048576.0,2097152,776203.0698666788,2055168.803200033,1236.660366163694,3274.3310395952076,0.9799808517456212
main,none,500,128,1,1,slow,500,0.5,same_voltage_gated,True,1.0,324.3566666667723,608.0926666667729,21.053958333432547,313.0616666666682,9.56228672281907,3.341219406239116,627.6606666667722,500,32768,0.0,0.0,0.0,562.1246666534207,0.0,2097152,128,372,0.13066448969246724,1.2309999998979038,0.6306644896924672,9.930666666703473,3.3491414554374517,72377,144.75399999999718,0.2306246156362188,94524.36200000001,262144.0,32768.0,71427.78386667867,125532.13333335443,104857.6,1048576.0,2097152,460864.1458666787,1739829.879200033,734.2568530128294,2771.9275264443427,0.82961553535463
main,none,500,128,1,1,slow,500,0.5,lower_voltage_always_on,False,0.8,324.3566666667723,608.0926666667729,21.053958333432547,313.0616666666682,9.56228672281907,3.341219406239116,627.6606666667722,500,32768,0.0,0.0,0.0,562.1246666534207,0.0,2097152,128,372,0.13066448969246724,1.2309999998979038,0.6306644896924672,9.930666666703473,3.3491414554374517,313831,627.6606666667722,1.0,262312.50304000004,167772.16000000003,20971.520000000004,71427.78386667867,125532.13333335443,104857.6,1048576.0,2097152,522483.96690667875,1801449.7002400332,832.4306343447643,2870.1013077762777,0.8589981557083288
main,none,500,128,1,1,slow,500,0.5,lower_voltage_gated,True,0.8,324.3566666667723,608.0926666667729,21.053958333432547,313.0616666666682,9.56228672281907,3.341219406239116,627.6606666667722,500,32768,0.0,0.0,0.0,562.1246666534207,0.0,2097152,128,372,0.13066448969246724,1.2309999998979038,0.6306644896924672,9.930666666703473,3.3491414554374517,72377,144.75399999999718,0.2306246156362188,60495.59168000002,167772.16000000003,20971.520000000004,71427.78386667867,125532.13333335443,104857.6,1048576.0,2097152,320667.0555466787,1599632.7888800332,510.89238592821096,2548.563059359725,0.7627643532180944
main,none,500,200,1,1,fast,1000,0,same_voltage_always_on,False,1.0,307.33666666687657,576.5436666668757,19.56398958353691,297.03066666666814,9.069231669108973,3.5239756929942683,595.1096666668782,500,49152,0.0,0.0,0.0,529.5736666535267,0.0,2097152,1,1,0.00032824696620026295,0.00033333333340124227,0.00032824696620026295,9.430666666703473,3.529893353441769,595110,595.1096666668782,1.0,862909.5,262144.0,32768.0,72008.26966669226,119021.93333337564,104857.6,1048576.0,2097152,1229829.7696666922,2502285.3030000683,2066.5598940020386,4204.746525148887,1.1931826128959981
main,none,500,200,1,1,fast,1000,0,same_voltage_gated,True,1.0,307.33666666687657,576.5436666668757,19.56398958353691,297.03066666666814,9.069231669108973,3.5239756929942683,595.1096666668782,500,49152,0.0,0.0,0.0,529.5736666535267,0.0,2097152,1,1,0.00032824696620026295,0.00033333333340124227,0.00032824696620026295,9.430666666703473,3.529893353441769,32768,32.76800000667572,0.05506212021425307,47513.6,262144.0,32768.0,72008.26966669226,119021.93333337564,104857.6,1048576.0,2097152,414433.8696666922,1686889.403000068,696.3991561217202,2834.585787268568,0.8043715491295185
main,none,500,200,1,1,slow,500,0.5,same_voltage_always_on,False,1.0,323.9686666667724,607.7046666667738,20.665958333432627,313.0616666666682,9.559255472819078,3.343286120123695,627.2726666667731,500,32768,0.0,0.0,0.0,561.7366666534217,0.0,2097152,200,300,0.03864056391118542,0.6989999998986605,0.5386405639111854,9.930666666703473,3.3491414554374517,313637,627.2726666667731,1.0,454773.64999999997,262144.0,32768.0,75899.99266667955,125454.53333335463,104857.6,1048576.0,2097152,825585.6426666795,2104473.776000034,1316.1511517052222,3354.9585177732547,1.003491294860856
main,none,500,200,1,1,slow,500,0.5,same_voltage_gated,True,1.0,323.9686666667724,607.7046666667738,20.665958333432627,313.0616666666682,9.559255472819078,3.343286120123695,627.2726666667731,500,32768,0.0,0.0,0.0,561.7366666534217,0.0,2097152,200,300,0.03864056391118542,0.6989999998986605,0.5386405639111854,9.930666666703473,3.3491414554374517,55353,110.70599999999831,0.1764878431388894,80261.84999999999,262144.0,32768.0,75899.99266667955,125454.53333335463,104857.6,1048576.0,2097152,451073.8426666795,1729961.9760000343,719.1032969180914,2757.910662986124,0.8249101524353191
main,none,500,200,1,1,slow,500,0.5,lower_voltage_always_on,False,0.8,323.9686666667724,607.7046666667738,20.665958333432627,313.0616666666682,9.559255472819078,3.343286120123695,627.2726666667731,500,32768,0.0,0.0,0.0,561.7366666534217,0.0,2097152,200,300,0.03864056391118542,0.6989999998986605,0.5386405639111854,9.930666666703473,3.3491414554374517,313637,627.2726666667731,1.0,291055.13600000006,167772.16000000003,20971.520000000004,75899.99266667955,125454.53333335463,104857.6,1048576.0,2097152,555698.8086666797,1834586.9420000343,885.8967370913425,2924.704103159375,0.8747992238998576
main,none,500,200,1,1,slow,500,0.5,lower_voltage_gated,True,0.8,323.9686666667724,607.7046666667738,20.665958333432627,313.0616666666682,9.559255472819078,3.343286120123695,627.2726666667731,500,32768,0.0,0.0,0.0,561.7366666534217,0.0,2097152,200,300,0.03864056391118542,0.6989999998986605,0.5386405639111854,9.930666666703473,3.3491414554374517,55353,110.70599999999831,0.1764878431388894,51367.584,167772.16000000003,20971.520000000004,75899.99266667955,125454.53333335463,104857.6,1048576.0,2097152,316011.2566666796,1594899.3900000341,503.78611002757856,2542.5934760956106,0.7605072927475138
main,none,500,250,1,1,fast,1000,0,same_voltage_always_on,False,1.0,307.33666666687657,576.5436666668757,19.56398958353691,297.03066666666814,9.069231669108973,3.5239756929942683,595.1096666668782,500,49152,0.0,0.0,0.0,529.5736666535267,0.0,2097152,1,1,0.00032824696620026295,0.00033333333340124227,0.00032824696620026295,9.430666666703473,3.529893353441769,595110,595.1096666668782,1.0,922420.5,262144.0,32768.0,74983.81800002666,119021.93333337564,104857.6,1048576.0,2097152,1292316.3180000267,2564771.8513334026,2171.5599500140884,4309.746581160936,1.2229785210291875
main,none,500,250,1,1,fast,1000,0,same_voltage_gated,True,1.0,307.33666666687657,576.5436666668757,19.56398958353691,297.03066666666814,9.069231669108973,3.5239756929942683,595.1096666668782,500,49152,0.0,0.0,0.0,529.5736666535267,0.0,2097152,1,1,0.00032824696620026295,0.00033333333340124227,0.00032824696620026295,9.430666666703473,3.529893353441769,32768,32.76800000667572,0.05506212021425307,50790.4,262144.0,32768.0,74983.81800002666,119021.93333337564,104857.6,1048576.0,2097152,420686.21800002665,1693141.7513334022,706.9053681420239,2845.091999288871,0.8073529011408817
main,none,500,250,1,1,slow,500,0.5,same_voltage_always_on,False,1.0,323.8686666668766,607.6046666668772,20.565958333536855,313.0616666666682,9.558474222819886,3.343819192799588,627.1726666668765,500,32768,0.0,0.0,0.0,561.636666653525,0.0,2097152,250,250,0.0051200560473785295,0.49899999989793287,0.5051200560473785,9.930666666703473,3.3491414554374517,313587,627.1726666668765,1.0,486059.85000000003,262144.0,32768.0,79023.75600002643,125434.5333333753,104857.6,1048576.0,2097152,859995.6060000266,2138863.739333402,1371.2262215929993,3410.3267776327725,1.0198897072474489
main,none,500,250,1,1,slow,500,0.5,same_voltage_gated,True,1.0,323.8686666668766,607.6046666668772,20.565958333536855,313.0616666666682,9.558474222819886,3.343819192799588,627.1726666668765,500,32768,0.0,0.0,0.0,561.636666653525,0.0,2097152,250,250,0.0051200560473785295,0.49899999989793287,0.5051200560473785,9.930666666703473,3.3491414554374517,48953,97.90599999999904,0.1561069306803862,75877.15000000001,262144.0,32768.0,79023.75600002643,125434.5333333753,104857.6,1048576.0,2097152,449812.90600002644,1728681.0393334017,717.2074452647425,2756.308001304516,0.8242993542353638
main,none,500,250,1,1,slow,500,0.5,lower_voltage_always_on,False,0.8,323.8686666668766,607.6046666668772,20.565958333536855,313.0616666666682,9.558474222819886,3.343819192799588,627.1726666668765,500,32768,0.0,0.0,0.0,561.636666653525,0.0,2097152,250,250,0.0051200560473785295,0.49899999989793287,0.5051200560473785,9.930666666703473,3.3491414554374517,313587,627.1726666668765,1.0,311078.30400000006,167772.16000000003,20971.520000000004,79023.75600002643,125434.5333333753,104857.6,1048576.0,2097152,578845.7400000265,1857713.873333402,922.9447818195194,2962.0453378592933,0.8858270041148195
main,none,500,250,1,1,slow,500,0.5,lower_voltage_gated,True,0.8,323.8686666668766,607.6046666668772,20.565958333536855,313.0616666666682,9.558474222819886,3.343819192799588,627.1726666668765,500,32768,0.0,0.0,0.0,561.636666653525,0.0,2097152,250,250,0.0051200560473785295,0.49899999989793287,0.5051200560473785,9.930666666703473,3.3491414554374517,48953,97.90599999999904,0.1561069306803862,48561.37600000002,167772.16000000003,20971.520000000004,79023.75600002643,125434.5333333753,104857.6,1048576.0,2097152,316328.81200002646,1595196.9453334017,504.3727649694353,2543.4733210092086,0.760649178187085
main,none,500,500,1,1,fast,1000,0,same_voltage_always_on,False,1.0,307.33666666687657,576.5436666668757,19.56398958353691,297.03066666666814,9.069231669108973,3.5239756929942683,595.1096666668782,500,49152,0.0,0.0,0.0,529.5736666535267,0.0,2097152,1,1,0.00032824696620026295,0.00033333333340124227,0.00032824696620026295,9.430666666703473,3.529893353441769,595110,595.1096666668782,1.0,1219975.5,262144.0,32768.0,89861.55966669861,119021.93333337564,104857.6,1048576.0,2097152,1604749.0596666986,2877204.5930000744,2696.5602300743362,4834.746861221184,1.3719580616951343
main,none,500,500,1,1,fast,1000,0,same_voltage_gated,True,1.0,307.33666666687657,576.5436666668757,19.56398958353691,297.03066666666814,9.069231669108973,3.5239756929942683,595.1096666668782,500,49152,0.0,0.0,0.0,529.5736666535267,0.0,2097152,1,1,0.00032824696620026295,0.00033333333340124227,0.00032824696620026295,9.430666666703473,3.529893353441769,32768,32.76800000667572,0.05506212021425307,67174.4,262144.0,32768.0,89861.55966669861,119021.93333337564,104857.6,1048576.0,2097152,451947.95966669865,1724403.4930000743,759.4364282435417,2897.6230593903892,0.8222596611976978
main,none,500,500,1,1,slow,500,0.5,same_voltage_always_on,False,1.0,323.8686666668766,607.6046666668772,20.565958333536855,313.0616666666682,9.558474222819886,3.343819192799588,627.1726666668765,500,32768,0.0,0.0,0.0,561.636666653525,0.0,2097152,250,250,0.0051200560473785295,0.49899999989793287,0.5051200560473785,9.930666666703473,3.3491414554374517,313587,627.1726666668765,1.0,642853.35,262144.0,32768.0,94703.07266669834,125434.5333333753,104857.6,1048576.0,2097152,1032468.4226666983,2311336.5560000734,1646.2267530786626,3685.3273091184356,1.102131155014073
main,none,500,500,1,1,slow,500,0.5,same_voltage_gated,True,1.0,323.8686666668766,607.6046666668772,20.565958333536855,313.0616666666682,9.558474222819886,3.343819192799588,627.1726666668765,500,32768,0.0,0.0,0.0,561.636666653525,0.0,2097152,250,250,0.0051200560473785295,0.49899999989793287,0.5051200560473785,9.930666666703473,3.3491414554374517,48953,97.90599999999904,0.1561069306803862,100353.65,262144.0,32768.0,94703.07266669834,125434.5333333753,104857.6,1048576.0,2097152,489968.7226666984,1768836.8560000737,781.2341779348395,2820.3347339746133,0.8434471397400254
main,none,500,500,1,1,slow,500,0.5,lower_voltage_always_on,False,0.8,323.8686666668766,607.6046666668772,20.565958333536855,313.0616666666682,9.558474222819886,3.343819192799588,627.1726666668765,500,32768,0.0,0.0,0.0,561.636666653525,0.0,2097152,250,250,0.0051200560473785295,0.49899999989793287,0.5051200560473785,9.930666666703473,3.3491414554374517,313587,627.1726666668765,1.0,411426.1440000001,167772.16000000003,20971.520000000004,94703.07266669834,125434.5333333753,104857.6,1048576.0,2097152,694872.8966666985,1973741.0300000738,1107.9451219703442,3147.0456780101176,0.9411530637741441
main,none,500,500,1,1,slow,500,0.5,lower_voltage_gated,True,0.8,323.8686666668766,607.6046666668772,20.565958333536855,313.0616666666682,9.558474222819886,3.343819192799588,627.1726666668765,500,32768,0.0,0.0,0.0,561.636666653525,0.0,2097152,250,250,0.0051200560473785295,0.49899999989793287,0.5051200560473785,9.930666666703473,3.3491414554374517,48953,97.90599999999904,0.1561069306803862,64226.33600000001,167772.16000000003,20971.520000000004,94703.07266669834,125434.5333333753,104857.6,1048576.0,2097152,347673.08866669843,1626541.2220000736,554.3498738782974,2593.4504299180708,0.7755952939987534
main,late,100,1,1,1,fast,1000,0,same_voltage_always_on,False,1.0,150.18300000042836,281.5046666671042,9.271854166719436,148.13600000001134,0.8862696329765052,7.217588025007357,290.5613333337715,100,131072,0.90234375,0.90234375,0.09765625,225.02533332042003,0.0,2097152,1,1,0.0003417153448503907,0.0006666666631645057,0.0003417153448503907,7.20866666629081,7.2362164151632795,290562,290.5613333337715,1.0,305671.224,262144.0,32768.0,29375.750800044294,58112.266666754294,104857.6,1048576.0,2097152,629958.9748000442,1841504.8414667984,2168.075729733806,6337.749143487852,0.8780979354223244
main,late,100,1,1,1,fast,1000,0,same_voltage_gated,True,1.0,150.18300000042836,281.5046666671042,9.271854166719436,148.13600000001134,0.8862696329765052,7.217588025007357,290.5613333337715,100,131072,0.90234375,0.90234375,0.09765625,225.02533332042003,0.0,2097152,1,1,0.0003417153448503907,0.0006666666631645057,0.0003417153448503907,7.20866666629081,7.2362164151632795,32768,32.76800225898842,0.11277482066530649,34471.936,262144.0,32768.0,29375.750800044294,58112.266666754294,104857.6,1048576.0,2097152,358759.68680004426,1570305.5534667985,1234.712419177718,5404.3858329317645,0.7487800376256936
main,late,100,1,1,1,slow,500,0.5,same_voltage_always_on,False,1.0,8448.002,15872.002,559.9531875,7936.727770833333,49.9243240356445,0.1279999843750019,16384.002,100,2064384,0.9969482421875,0.999542236328125,0.0030517578125,16318.465999986649,0.0,2097152,1,99,49.420597961425344,49.49799999999959,49.920597961425344,50.0,0.128,8192001,16384.002,1.0,8617985.052000001,262144.0,32768.0,1656422.6021999998,3276800.4,104857.6,1048576.0,2097152,10569319.6542,14999553.6542,645.0999978027347,915.4999892089858,7.152344538784027
main,late,100,1,1,1,slow,500,0.5,same_voltage_gated,True,1.0,8448.002,15872.002,559.9531875,7936.727770833333,49.9243240356445,0.1279999843750019,16384.002,100,2064384,0.9969482421875,0.999542236328125,0.0030517578125,16318.465999986649,0.0,2097152,1,99,49.420597961425344,49.49799999999959,49.920597961425344,50.0,0.128,8192000,16384.0,0.9999998779297024,8617984.0,262144.0,32768.0,1656422.6021999998,3276800.4,104857.6,1048576.0,2097152,10569318.6022,14999552.6022,645.099933593758,915.4999250000091,7.1523440371513365
main,late,100,1,1,1,slow,500,0.5,lower_voltage_always_on,False,0.8,8448.002,15872.002,559.9531875,7936.727770833333,49.9243240356445,0.1279999843750019,16384.002,100,2064384,0.9969482421875,0.999542236328125,0.0030517578125,16318.465999986649,0.0,2097152,1,99,49.420597961425344,49.49799999999959,49.920597961425344,50.0,0.128,8192001,16384.002,1.0,5515510.433280001,167772.16000000003,20971.520000000004,1656422.6021999998,3276800.4,104857.6,1048576.0,2097152,7360676.715480001,11790910.71548,449.2599985937502,719.6599900000012,5.622344358196258
main,late,100,1,1,1,slow,500,0.5,lower_voltage_gated,True,0.8,8448.002,15872.002,559.9531875,7936.727770833333,49.9243240356445,0.1279999843750019,16384.002,100,2064384,0.9969482421875,0.999542236328125,0.0030517578125,16318.465999986649,0.0,2097152,1,99,49.420597961425344,49.49799999999959,49.920597961425344,50.0,0.128,8192000,16384.0,0.9999998779297024,5515509.760000001,167772.16000000003,20971.520000000004,1656422.6021999998,3276800.4,104857.6,1048576.0,2097152,7360676.0422,11790910.0422,449.25995750000516,719.6599489062562,5.622344037151336
main,late,100,4,1,1,fast,1000,0,same_voltage_always_on,False,1.0,150.18300000042836,281.5046666671042,9.271854166719436,148.13600000001134,0.8862696329765052,7.217588025007357,290.5613333337715,100,131072,0.90234375,0.90234375,0.09765625,225.02533332042003,0.0,2097152,1,1,0.0003417153448503907,0.0006666666631645057,0.0003417153448503907,7.20866666629081,7.2362164151632795,290562,290.5613333337715,1.0,307414.596,262144.0,32768.0,29462.919200044427,58112.266666754294,104857.6,1048576.0,2097152,631789.5152000445,1843335.3818667987,2174.375743500254,6344.049157254301,0.8789708051046365
main,late,100,4,1,1,fast,1000,0,same_voltage_gated,True,1.0,150.18300000042836,281.5046666671042,9.271854166719436,148.13600000001134,0.8862696329765052,7.217588025007357,290.5613333337715,100,131072,0.90234375,0.90234375,0.09765625,225.02533332042003,0.0,2097152,1,1,0.0003417153448503907,0.0006666666631645057,0.0003417153448503907,7.20866666629081,7.2362164151632795,32768,32.76800225898842,0.11277482066530649,34668.544,262144.0,32768.0,29462.919200044427,58112.266666754294,104857.6,1048576.0,2097152,359043.4632000444,1570589.3298667986,1235.6890680550623,5405.362481809108,0.7489153527578347
main,late,100,4,1,1,slow,500,0.5,same_voltage_always_on,False,1.0,2112.0080000000016,3968.0080000000016,139.63106250000124,1984.7277708333336,12.481553649902317,0.511999000001953,4096.008000000002,100,1966080,0.9969482421875,0.9981689453125,0.0030517578125,4030.47199998665,0.0,2097152,4,96,11.972572448730011,11.997999999999593,12.472572448730011,12.5,0.512,2048004,4096.008000000002,1.0,2166788.2320000003,262144.0,32768.0,415335.2112000002,819201.6000000003,104857.6,1048576.0,2097152,2877035.4432000006,4849670.643200001,702.3998593752746,1183.9993093763485,2.3125031677246097
main,late,100,4,1,1,slow,500,0.5,same_voltage_gated,True,1.0,2112.0080000000016,3968.0080000000016,139.63106250000124,1984.7277708333336,12.481553649902317,0.511999000001953,4096.008000000002,100,1966080,0.9969482421875,0.9981689453125,0.0030517578125,4030.47199998665,0.0,2097152,4,96,11.972572448730011,11.997999999999593,12.472572448730011,12.5,0.512,2048003,4096.006000000001,0.9999995117197036,2166787.174,262144.0,32768.0,415335.2112000002,819201.6000000003,104857.6,1048576.0,2097152,2877034.3852000004,4849669.585200001,702.3996010749977,1183.9990510760717,2.3125026632308963
main,late,100,4,1,1,slow,500,0.5,lower_voltage_always_on,False,0.8,2112.0080000000016,3968.0080000000016,139.63106250000124,1984.7277708333336,12.481553649902317,0.511999000001953,4096.008000000002,100,1966080,0.9969482421875,0.9981689453125,0.0030517578125,4030.47199998665,0.0,2097152,4,96,11.972572448730011,11.997999999999593,12.472572448730011,12.5,0.512,2048004,4096.008000000002,1.0,1386744.4684800005,167772.16000000003,20971.520000000004,415335.2112000002,819201.6000000003,104857.6,1048576.0,2097152,1990823.3596800007,3963458.5596800013,486.0399100001758,967.63936000125,1.8899243162536628
main,late,100,4,1,1,slow,500,0.5,lower_voltage_gated,True,0.8,2112.0080000000016,3968.0080000000016,139.63106250000124,1984.7277708333336,12.481553649902317,0.511999000001953,4096.008000000002,100,1966080,0.9969482421875,0.9981689453125,0.0030517578125,4030.47199998665,0.0,2097152,4,96,11.972572448730011,11.997999999999593,12.472572448730011,12.5,0.512,2048003,4096.006000000001,0.9999995117197036,1386743.7913600004,167772.16000000003,20971.520000000004,415335.2112000002,819201.6000000003,104857.6,1048576.0,2097152,1990822.6825600006,3963457.882560001,486.0397446879986,967.6391946890728,1.8899239933776861
main,late,100,16,1,1,fast,1000,0,same_voltage_always_on,False,1.0,150.18300000042836,281.5046666671042,9.271854166719436,148.13600000001134,0.8862696329765052,7.217588025007357,290.5613333337715,100,131072,0.90234375,0.90234375,0.09765625,225.02533332042003,0.0,2097152,1,1,0.0003417153448503907,0.0006666666631645057,0.0003417153448503907,7.20866666629081,7.2362164151632795,290562,290.5613333337715,1.0,314388.08400000003,262144.0,32768.0,29811.592800044953,58112.266666754294,104857.6,1048576.0,2097152,639111.676800045,1850657.5434667992,2199.5757985660443,6369.249212320091,0.8824622838338848
main,late,100,16,1,1,fast,1000,0,same_voltage_gated,True,1.0,150.18300000042836,281.5046666671042,9.271854166719436,148.13600000001134,0.8862696329765052,7.217588025007357,290.5613333337715,100,131072,0.90234375,0.90234375,0.09765625,225.02533332042003,0.0,2097152,1,1,0.0003417153448503907,0.0006666666631645057,0.0003417153448503907,7.20866666629081,7.2362164151632795,32768,32.76800225898842,0.11277482066530649,35454.976,262144.0,32768.0,29811.592800044953,58112.266666754294,104857.6,1048576.0,2097152,360178.568800045,1571724.4354667994,1239.5956635644404,5409.269077318488,0.7494566132863996
main,late,100,16,1,1,slow,500,0.5,same_voltage_always_on,False,1.0,532.7840000000033,996.7840000000033,35.06156250000129,500.87789583333677,3.135033142089819,2.0384764926359598,1028.7840000000033,100,1540096,0.9969482421875,0.9969482421875,0.0030517578125,963.2479999866518,0.0,2097152,16,84,2.6146580607075514,2.973999999994703,3.1146580607075514,3.4759999999951106,2.048,514392,1028.7840000000033,1.0,556572.1440000001,262144.0,32768.0,105553.23840000034,205756.80000000066,104857.6,1048576.0,2097152,957037.3824000005,2316227.7824000013,930.2607567769303,2251.4228277267084,1.1044634735107428
main,late,100,16,1,1,slow,500,0.5,same_voltage_gated,True,1.0,532.7840000000033,996.7840000000033,35.06156250000129,500.87789583333677,3.135033142089819,2.0384764926359598,1028.7840000000033,100,1540096,0.9969482421875,0.9969482421875,0.0030517578125,963.2479999866518,0.0,2097152,16,84,2.6146580607075514,2.973999999994703,3.1146580607075514,3.4759999999951106,2.048,512264,1024.528000000002,0.9958630771862692,554269.648,262144.0,32768.0,105553.23840000034,205756.80000000066,104857.6,1048576.0,2097152,954734.8864000004,2313925.2864000015,928.0226815347025,2249.1847524844807,1.1033655578613288
main,late,100,16,1,1,slow,500,0.5,lower_voltage_always_on,False,0.8,532.7840000000033,996.7840000000033,35.06156250000129,500.87789583333677,3.135033142089819,2.0384764926359598,1028.7840000000033,100,1540096,0.9969482421875,0.9969482421875,0.0030517578125,963.2479999866518,0.0,2097152,16,84,2.6146580607075514,2.973999999994703,3.1146580607075514,3.4759999999951106,2.048,514392,1028.7840000000033,1.0,356206.17216000013,167772.16000000003,20971.520000000004,105553.23840000034,205756.80000000066,104857.6,1048576.0,2097152,650503.0905600005,2009693.4905600012,632.3028843372355,1953.4649552870135,0.9582965328979498
main,late,100,16,1,1,slow,500,0.5,lower_voltage_gated,True,0.8,532.7840000000033,996.7840000000033,35.06156250000129,500.87789583333677,3.135033142089819,2.0384764926359598,1028.7840000000033,100,1540096,0.9969482421875,0.9969482421875,0.0030517578125,963.2479999866518,0.0,2097152,16,84,2.6146580607075514,2.973999999994703,3.1146580607075514,3.4759999999951106,2.048,512264,1024.528000000002,0.9958630771862692,354732.5747200001,167772.16000000003,20971.520000000004,105553.23840000034,205756.80000000066,104857.6,1048576.0,2097152,649029.4931200005,2008219.893120001,630.8705161822097,1952.0325871319876,0.9575938668823247
main,late,100,64,1,1,fast,1000,0,same_voltage_always_on,False,1.0,150.18300000042836,281.5046666671042,9.271854166719436,148.13600000001134,0.8862696329765052,7.217588025007357,290.5613333337715,100,131072,0.90234375,0.90234375,0.09765625,225.02533332042003,0.0,2097152,1,1,0.0003417153448503907,0.0006666666631645057,0.0003417153448503907,7.20866666629081,7.2362164151632795,290562,290.5613333337715,1.0,342282.036,262144.0,32768.0,31206.287200047056,58112.266666754294,104857.6,1048576.0,2097152,668400.3232000471,1879946.1898668013,2300.3760188292063,6470.049432583252,0.896428198750878
main,late,100,64,1,1,fast,1000,0,same_voltage_gated,True,1.0,150.18300000042836,281.5046666671042,9.271854166719436,148.13600000001134,0.8862696329765052,7.217588025007357,290.5613333337715,100,131072,0.90234375,0.90234375,0.09765625,225.02533332042003,0.0,2097152,1,1,0.0003417153448503907,0.0006666666631645057,0.0003417153448503907,7.20866666629081,7.2362164151632795,32768,32.76800225898842,0.11277482066530649,38600.704000000005,262144.0,32768.0,31206.287200047056,58112.266666754294,104857.6,1048576.0,2097152,364718.9912000471,1576264.8578668013,1255.2220456019513,5424.895459355997,0.7516216554006583
main,late,100,64,1,1,slow,500,0.5,same_voltage_always_on,False,1.0,155.6936875000149,287.01600000001054,10.164812499988898,148.13600000001134,0.9021786499023488,7.083250020265077,296.07200000001103,100,131072,0.90234375,0.90234375,0.09765625,230.5359999866596,0.0,2097152,64,50,0.2592496948138471,0.47099999997954,0.7592496948138471,2.4413333333177434,7.236249706706464,148036,296.07200000001103,1.0,174386.40800000002,262144.0,32768.0,31798.132800001185,59214.400000002206,104857.6,1048576.0,2097152,501096.54080000124,1713744.5408000033,1692.4820340997546,5788.269545245546,0.817177076721193
main,late,100,64,1,1,slow,500,0.5,same_voltage_gated,True,1.0,155.6936875000149,287.01600000001054,10.164812499988898,148.13600000001134,0.9021786499023488,7.083250020265077,296.07200000001103,100,131072,0.90234375,0.90234375,0.09765625,230.5359999866596,0.0,2097152,64,50,0.2592496948138471,0.47099999997954,0.7592496948138471,2.4413333333177434,7.236249706706464,130265,260.5300000000025,0.8799548758409872,153452.17,262144.0,32768.0,31798.132800001185,59214.400000002206,104857.6,1048576.0,2097152,480162.3028000012,1692810.3028000034,1621.7754559701132,5717.562967115906,0.8071948541641252
main,late,100,64,1,1,slow,500,0.5,lower_voltage_always_on,False,0.8,155.6936875000149,287.01600000001054,10.164812499988898,148.13600000001134,0.9021786499023488,7.083250020265077,296.07200000001103,100,131072,0.90234375,0.90234375,0.09765625,230.5359999866596,0.0,2097152,64,50,0.2592496948138471,0.47099999997954,0.7592496948138471,2.4413333333177434,7.236249706706464,148036,296.07200000001103,1.0,111607.30112000003,167772.16000000003,20971.520000000004,31798.132800001185,59214.400000002206,104857.6,1048576.0,2097152,332149.11392000125,1544797.1139200034,1121.852501823843,5217.640012969635,0.7366166658020036
main,late,100,64,1,1,slow,500,0.5,lower_voltage_gated,True,0.8,155.6936875000149,287.01600000001054,10.164812499988898,148.13600000001134,0.9021786499023488,7.083250020265077,296.07200000001103,100,131072,0.90234375,0.90234375,0.09765625,230.5359999866596,0.0,2097152,64,50,0.2592496948138471,0.47099999997954,0.7592496948138471,2.4413333333177434,7.236249706706464,130265,260.5300000000025,0.8799548758409872,98209.38880000003,167772.16000000003,20971.520000000004,31798.132800001185,59214.400000002206,104857.6,1048576.0,2097152,318751.20160000125,1531399.2016000035,1076.6002918208726,5172.387802966665,0.7302280433654802
main,late,100,128,1,1,fast,1000,0,same_voltage_always_on,False,1.0,150.18300000042836,281.5046666671042,9.271854166719436,148.13600000001134,0.8862696329765052,7.217588025007357,290.5613333337715,100,131072,0.90234375,0.90234375,0.09765625,225.02533332042003,0.0,2097152,1,1,0.0003417153448503907,0.0006666666631645057,0.0003417153448503907,7.20866666629081,7.2362164151632795,290562,290.5613333337715,1.0,379473.972,262144.0,32768.0,33065.87973338319,58112.266666754294,104857.6,1048576.0,2097152,707451.8517333833,1918997.7184001375,2434.7763125134215,6604.449726267468,0.9150494186402023
main,late,100,128,1,1,fast,1000,0,same_voltage_gated,True,1.0,150.18300000042836,281.5046666671042,9.271854166719436,148.13600000001134,0.8862696329765052,7.217588025007357,290.5613333337715,100,131072,0.90234375,0.90234375,0.09765625,225.02533332042003,0.0,2097152,1,1,0.0003417153448503907,0.0006666666631645057,0.0003417153448503907,7.20866666629081,7.2362164151632795,32768,32.76800225898842,0.11277482066530649,42795.008,262144.0,32768.0,33065.87973338319,58112.266666754294,104857.6,1048576.0,2097152,370772.8877333832,1582318.7544001373,1276.057221651966,5445.730635406012,0.75450837821967
main,late,100,128,1,1,slow,500,0.5,same_voltage_always_on,False,1.0,153.20368750001694,284.5260000000126,9.658812500000408,148.13600000001134,0.8947875366211349,7.143326225721967,293.58200000001307,100,131072,0.90234375,0.90234375,0.09765625,228.04599998666163,0.0,2097152,100,50,0.0002182006814342996,0.09899999998015119,0.5002182006814343,4.490666666653851,7.236249706706464,146791,293.58200000001307,1.0,191709.046,262144.0,32768.0,33409.631600001485,58716.40000000261,104857.6,1048576.0,2097152,520030.67760000145,1732180.677600004,1771.3302504921226,5900.159674639204,0.8259681118011494
main,late,100,128,1,1,slow,500,0.5,same_voltage_gated,True,1.0,153.20368750001694,284.5260000000126,9.658812500000408,148.13600000001134,0.8947875366211349,7.143326225721967,293.58200000001307,100,131072,0.90234375,0.90234375,0.09765625,228.04599998666163,0.0,2097152,100,50,0.0002182006814342996,0.09899999998015119,0.5002182006814343,4.490666666653851,7.236249706706464,89154,178.30800000000454,0.6073533118515325,116435.12400000001,262144.0,32768.0,33409.631600001485,58716.40000000261,104857.6,1048576.0,2097152,444756.7556000015,1656906.755600004,1514.9319631311923,5643.761387278274,0.7900747087478657
main,late,100,128,1,1,slow,500,0.5,lower_voltage_always_on,False,0.8,153.20368750001694,284.5260000000126,9.658812500000408,148.13600000001134,0.8947875366211349,7.143326225721967,293.58200000001307,100,131072,0.90234375,0.90234375,0.09765625,228.04599998666163,0.0,2097152,100,50,0.0002182006814342996,0.09899999998015119,0.5002182006814343,4.490666666653851,7.236249706706464,146791,293.58200000001307,1.0,122693.78944000002,167772.16000000003,20971.520000000004,33409.631600001485,58716.40000000261,104857.6,1048576.0,2097152,344847.10104000155,1556997.1010400043,1174.6193603149586,5303.448784462042,0.7424340729904195
main,late,100,128,1,1,slow,500,0.5,lower_voltage_gated,True,0.8,153.20368750001694,284.5260000000126,9.658812500000408,148.13600000001134,0.8947875366211349,7.143326225721967,293.58200000001307,100,131072,0.90234375,0.90234375,0.09765625,228.04599998666163,0.0,2097152,100,50,0.0002182006814342996,0.09899999998015119,0.5002182006814343,4.490666666653851,7.236249706706464,89154,178.30800000000454,0.6073533118515325,74518.47936000003,167772.16000000003,20971.520000000004,33409.631600001485,58716.40000000261,104857.6,1048576.0,2097152,296671.7909600015,1508821.790960004,1010.5244564039632,5139.353880551045,0.7194622950363179
main,late,100,200,1,1,fast,1000,0,same_voltage_always_on,False,1.0,150.18300000042836,281.5046666671042,9.271854166719436,148.13600000001134,0.8862696329765052,7.217588025007357,290.5613333337715,100,131072,0.90234375,0.90234375,0.09765625,225.02533332042003,0.0,2097152,1,1,0.0003417153448503907,0.0006666666631645057,0.0003417153448503907,7.20866666629081,7.2362164151632795,290562,290.5613333337715,1.0,421314.89999999997,262144.0,32768.0,35157.921333386344,58112.266666754294,104857.6,1048576.0,2097152,751384.8213333862,1962930.6880001405,2585.9766429081637,6755.65005666221,0.935998291015692
main,late,100,200,1,1,fast,1000,0,same_voltage_gated,True,1.0,150.18300000042836,281.5046666671042,9.271854166719436,148.13600000001134,0.8862696329765052,7.217588025007357,290.5613333337715,100,131072,0.90234375,0.90234375,0.09765625,225.02533332042003,0.0,2097152,1,1,0.0003417153448503907,0.0006666666631645057,0.0003417153448503907,7.20866666629081,7.2362164151632795,32768,32.76800225898842,0.11277482066530649,47513.6,262144.0,32768.0,35157.921333386344,58112.266666754294,104857.6,1048576.0,2097152,377583.5213333863,1589129.3880001404,1299.4967947082323,5469.170208462278,0.7577559413910582
main,late,100,200,1,1,slow,500,0.5,same_voltage_always_on,False,1.0,153.20368750001694,284.5260000000126,9.658812500000408,148.13600000001134,0.8947875366211349,7.143326225721967,293.58200000001307,100,131072,0.90234375,0.90234375,0.09765625,228.04599998666163,0.0,2097152,100,50,0.0002182006814342996,0.09899999998015119,0.5002182006814343,4.490666666653851,7.236249706706464,146791,293.58200000001307,1.0,212846.94999999998,262144.0,32768.0,35523.42200000158,58716.40000000261,104857.6,1048576.0,2097152,543282.3720000015,1755432.3720000042,1850.5302504921192,5979.359674639201,0.837055383682253
main,late,100,200,1,1,slow,500,0.5,same_voltage_gated,True,1.0,153.20368750001694,284.5260000000126,9.658812500000408,148.13600000001134,0.8947875366211349,7.143326225721967,293.58200000001307,100,131072,0.90234375,0.90234375,0.09765625,228.04599998666163,0.0,2097152,100,50,0.0002182006814342996,0.09899999998015119,0.5002182006814343,4.490666666653851,7.236249706706464,89154,178.30800000000454,0.6073533118515325,129273.3,262144.0,32768.0,35523.42200000158,58716.40000000261,104857.6,1048576.0,2097152,459708.7220000016,1671858.7220000043,1565.8614015845014,5694.690825731584,0.7972043619155904
main,late,100,200,1,1,slow,500,0.5,lower_voltage_always_on,False,0.8,153.20368750001694,284.5260000000126,9.658812500000408,148.13600000001134,0.8947875366211349,7.143326225721967,293.58200000001307,100,131072,0.90234375,0.90234375,0.09765625,228.04599998666163,0.0,2097152,100,50,0.0002182006814342996,0.09899999998015119,0.5002182006814343,4.490666666653851,7.236249706706464,146791,293.58200000001307,1.0,136222.048,167772.16000000003,20971.520000000004,35523.42200000158,58716.40000000261,104857.6,1048576.0,2097152,360489.15000000165,1572639.150000004,1227.8993603149568,5356.728784462038,0.74989278316498
main,late,100,200,1,1,slow,500,0.5,lower_voltage_gated,True,0.8,153.20368750001694,284.5260000000126,9.658812500000408,148.13600000001134,0.8947875366211349,7.143326225721967,293.58200000001307,100,131072,0.90234375,0.90234375,0.09765625,228.04599998666163,0.0,2097152,100,50,0.0002182006814342996,0.09899999998015119,0.5002182006814343,4.490666666653851,7.236249706706464,89154,178.30800000000454,0.6073533118515325,82734.91200000001,167772.16000000003,20971.520000000004,35523.42200000158,58716.40000000261,104857.6,1048576.0,2097152,307002.01400000165,1519152.0140000042,1045.7112970140813,5174.540721161163,0.724388129234316
main,late,100,250,1,1,fast,1000,0,same_voltage_always_on,False,1.0,150.18300000042836,281.5046666671042,9.271854166719436,148.13600000001134,0.8862696329765052,7.217588025007357,290.5613333337715,100,131072,0.90234375,0.90234375,0.09765625,225.02533332042003,0.0,2097152,1,1,0.0003417153448503907,0.0006666666631645057,0.0003417153448503907,7.20866666629081,7.2362164151632795,290562,290.5613333337715,1.0,450371.10000000003,262144.0,32768.0,36610.728000055205,58112.266666754294,104857.6,1048576.0,2097152,781893.8280000553,1993439.6946668094,2690.9768723489574,6860.650286103003,0.9505461190542266
main,late,100,250,1,1,fast,1000,0,same_voltage_gated,True,1.0,150.18300000042836,281.5046666671042,9.271854166719436,148.13600000001134,0.8862696329765052,7.217588025007357,290.5613333337715,100,131072,0.90234375,0.90234375,0.09765625,225.02533332042003,0.0,2097152,1,1,0.0003417153448503907,0.0006666666631645057,0.0003417153448503907,7.20866666629081,7.2362164151632795,32768,32.76800225898842,0.11277482066530649,50790.4,262144.0,32768.0,36610.728000055205,58112.266666754294,104857.6,1048576.0,2097152,382313.1280000552,1593858.9946668094,1315.7742759973066,5485.447689751353,0.7600111935934112
main,late,100,250,1,1,slow,500,0.5,same_voltage_always_on,False,1.0,153.20368750001694,284.5260000000126,9.658812500000408,148.13600000001134,0.8947875366211349,7.143326225721967,293.58200000001307,100,131072,0.90234375,0.90234375,0.09765625,228.04599998666163,0.0,2097152,100,50,0.0002182006814342996,0.09899999998015119,0.5002182006814343,4.490666666653851,7.236249706706464,146791,293.58200000001307,1.0,227526.05000000002,262144.0,32768.0,36991.33200000165,58716.40000000261,104857.6,1048576.0,2097152,559429.3820000017,1771579.3820000044,1905.5302504921174,6034.3596746391995,0.8447548780441305
main,late,100,250,1,1,slow,500,0.5,same_voltage_gated,True,1.0,153.20368750001694,284.5260000000126,9.658812500000408,148.13600000001134,0.8947875366211349,7.143326225721967,293.58200000001307,100,131072,0.90234375,0.90234375,0.09765625,228.04599998666163,0.0,2097152,100,50,0.0002182006814342996,0.09899999998015119,0.5002182006814343,4.490666666653851,7.236249706706464,89154,178.30800000000454,0.6073533118515325,138188.7,262144.0,32768.0,36991.33200000165,58716.40000000261,104857.6,1048576.0,2097152,470092.03200000164,1682242.0320000043,1601.2290671770772,5730.05849132416,0.8021555099487325
main,late,100,250,1,1,slow,500,0.5,lower_voltage_always_on,False,0.8,153.20368750001694,284.5260000000126,9.658812500000408,148.13600000001134,0.8947875366211349,7.143326225721967,293.58200000001307,100,131072,0.90234375,0.90234375,0.09765625,228.04599998666163,0.0,2097152,100,50,0.0002182006814342996,0.09899999998015119,0.5002182006814343,4.490666666653851,7.236249706706464,146791,293.58200000001307,1.0,145616.67200000005,167772.16000000003,20971.520000000004,36991.33200000165,58716.40000000261,104857.6,1048576.0,2097152,371351.6840000017,1583501.6840000043,1264.8993603149552,5393.728784462037,0.7550724430084249
main,late,100,250,1,1,slow,500,0.5,lower_voltage_gated,True,0.8,153.20368750001694,284.5260000000126,9.658812500000408,148.13600000001134,0.8947875366211349,7.143326225721967,293.58200000001307,100,131072,0.90234375,0.90234375,0.09765625,228.04599998666163,0.0,2097152,100,50,0.0002182006814342996,0.09899999998015119,0.5002182006814343,4.490666666653851,7.236249706706464,89154,178.30800000000454,0.6073533118515325,88440.76800000003,167772.16000000003,20971.520000000004,36991.33200000165,58716.40000000261,104857.6,1048576.0,2097152,314175.7800000017,1526325.7800000045,1070.1466029933297,5198.976027140412,0.7278088474273703
main,late,100,500,1,1,fast,1000,0,same_voltage_always_on,False,1.0,150.18300000042836,281.5046666671042,9.271854166719436,148.13600000001134,0.8862696329765052,7.217588025007357,290.5613333337715,100,131072,0.90234375,0.90234375,0.09765625,225.02533332042003,0.0,2097152,1,1,0.0003417153448503907,0.0006666666631645057,0.0003417153448503907,7.20866666629081,7.2362164151632795,290562,290.5613333337715,1.0,595652.1,262144.0,32768.0,43874.761333399496,58112.266666754294,104857.6,1048576.0,2097152,934438.8613333994,2145984.728000154,3215.9780195529243,7385.651433306971,1.0232852592468995
main,late,100,500,1,1,fast,1000,0,same_voltage_gated,True,1.0,150.18300000042836,281.5046666671042,9.271854166719436,148.13600000001134,0.8862696329765052,7.217588025007357,290.5613333337715,100,131072,0.90234375,0.90234375,0.09765625,225.02533332042003,0.0,2097152,1,1,0.0003417153448503907,0.0006666666631645057,0.0003417153448503907,7.20866666629081,7.2362164151632795,32768,32.76800225898842,0.11277482066530649,67174.4,262144.0,32768.0,43874.761333399496,58112.266666754294,104857.6,1048576.0,2097152,405961.16133339953,1617507.0280001538,1397.1616824426767,5566.8350961967235,0.7712874546051759
main,late,100,500,1,1,slow,500,0.5,same_voltage_always_on,False,1.0,153.20368750001694,284.5260000000126,9.658812500000408,148.13600000001134,0.8947875366211349,7.143326225721967,293.58200000001307,100,131072,0.90234375,0.90234375,0.09765625,228.04599998666163,0.0,2097152,100,50,0.0002182006814342996,0.09899999998015119,0.5002182006814343,4.490666666653851,7.236249706706464,146791,293.58200000001307,1.0,300921.55,262144.0,32768.0,44330.88200000198,58716.40000000261,104857.6,1048576.0,2097152,640164.432000002,1852314.4320000047,2180.530250492106,6309.359674639189,0.8832523498535179
main,late,100,500,1,1,slow,500,0.5,same_voltage_gated,True,1.0,153.20368750001694,284.5260000000126,9.658812500000408,148.13600000001134,0.8947875366211349,7.143326225721967,293.58200000001307,100,131072,0.90234375,0.90234375,0.09765625,228.04599998666163,0.0,2097152,100,50,0.0002182006814342996,0.09899999998015119,0.5002182006814343,4.490666666653851,7.236249706706464,89154,178.30800000000454,0.6073533118515325,182765.69999999998,262144.0,32768.0,44330.88200000198,58716.40000000261,104857.6,1048576.0,2097152,522008.5820000019,1734158.5820000046,1778.0673951399565,5906.896819287039,0.8269112501144431
main,late,100,500,1,1,slow,500,0.5,lower_voltage_always_on,False,0.8,153.20368750001694,284.5260000000126,9.658812500000408,148.13600000001134,0.8947875366211349,7.143326225721967,293.58200000001307,100,131072,0.90234375,0.90234375,0.09765625,228.04599998666163,0.0,2097152,100,50,0.0002182006814342996,0.09899999998015119,0.5002182006814343,4.490666666653851,7.236249706706464,146791,293.58200000001307,1.0,192589.79200000002,167772.16000000003,20971.520000000004,44330.88200000198,58716.40000000261,104857.6,1048576.0,2097152,425664.35400000203,1637814.3540000045,1449.8993603149481,5578.72878446203,0.7809707422256491
main,late,100,500,1,1,slow,500,0.5,lower_voltage_gated,True,0.8,153.20368750001694,284.5260000000126,9.658812500000408,148.13600000001134,0.8947875366211349,7.143326225721967,293.58200000001307,100,131072,0.90234375,0.90234375,0.09765625,228.04599998666163,0.0,2097152,100,50,0.0002182006814342996,0.09899999998015119,0.5002182006814343,4.490666666653851,7.236249706706464,89154,178.30800000000454,0.6073533118515325,116970.04800000001,167772.16000000003,20971.520000000004,44330.88200000198,58716.40000000261,104857.6,1048576.0,2097152,350044.610000002,1562194.6100000045,1192.3231328895724,5321.152557036654,0.7449124383926413
main,late,251,1,1,1,fast,1000,0,same_voltage_always_on,False,1.0,150.18300000042836,281.5046666671042,9.564416666779039,148.13600000001134,2.222801808677901,7.217588025007357,290.5613333337715,251,131072,0.7548828125,0.7548828125,0.2451171875,225.02533332042003,0.0,2097152,1,1,0.00033864324367616216,0.0006666666631645057,0.00033864324367616216,7.510666666352336,7.2362164151632795,290562,290.5613333337715,1.0,305671.224,262144.0,32768.0,29375.750800044294,58112.266666754294,104857.6,1048576.0,2097152,629958.9748000442,1841504.8414667984,2168.075729733806,6337.749143487852,0.8780979354223244
main,late,251,1,1,1,fast,1000,0,same_voltage_gated,True,1.0,150.18300000042836,281.5046666671042,9.564416666779039,148.13600000001134,2.222801808677901,7.217588025007357,290.5613333337715,251,131072,0.7548828125,0.7548828125,0.2451171875,225.02533332042003,0.0,2097152,1,1,0.00033864324367616216,0.0006666666631645057,0.00033864324367616216,7.510666666352336,7.2362164151632795,32768,32.76800225898842,0.11277482066530649,34471.936,262144.0,32768.0,29375.750800044294,58112.266666754294,104857.6,1048576.0,2097152,358759.68680004426,1570305.5534667985,1234.712419177718,5404.3858329317645,0.7487800376256936
main,late,251,1,1,1,slow,500,0.5,same_voltage_always_on,False,1.0,8448.002,15872.002,633.0938125,7936.727770833333,125.02031332397442,0.1279999843750019,16384.002,251,2064384,0.992340087890625,0.999542236328125,0.007659912109375,16318.465999986649,0.0,2097152,1,250,124.51658724975526,124.99799999999959,125.01658724975526,125.5,0.128,8192001,16384.002,1.0,8617985.052000001,262144.0,32768.0,1656422.6021999998,3276800.4,104857.6,1048576.0,2097152,10569319.6542,14999553.6542,645.0999978027347,915.4999892089858,7.152344538784027
main,late,251,1,1,1,slow,500,0.5,same_voltage_gated,True,1.0,8448.002,15872.002,633.0938125,7936.727770833333,125.02031332397442,0.1279999843750019,16384.002,251,2064384,0.992340087890625,0.999542236328125,0.007659912109375,16318.465999986649,0.0,2097152,1,250,124.51658724975526,124.99799999999959,125.01658724975526,125.5,0.128,8192000,16384.0,0.9999998779297024,8617984.0,262144.0,32768.0,1656422.6021999998,3276800.4,104857.6,1048576.0,2097152,10569318.6022,14999552.6022,645.099933593758,915.4999250000091,7.1523440371513365
main,late,251,1,1,1,slow,500,0.5,lower_voltage_always_on,False,0.8,8448.002,15872.002,633.0938125,7936.727770833333,125.02031332397442,0.1279999843750019,16384.002,251,2064384,0.992340087890625,0.999542236328125,0.007659912109375,16318.465999986649,0.0,2097152,1,250,124.51658724975526,124.99799999999959,125.01658724975526,125.5,0.128,8192001,16384.002,1.0,5515510.433280001,167772.16000000003,20971.520000000004,1656422.6021999998,3276800.4,104857.6,1048576.0,2097152,7360676.715480001,11790910.71548,449.2599985937502,719.6599900000012,5.622344358196258
main,late,251,1,1,1,slow,500,0.5,lower_voltage_gated,True,0.8,8448.002,15872.002,633.0938125,7936.727770833333,125.02031332397442,0.1279999843750019,16384.002,251,2064384,0.992340087890625,0.999542236328125,0.007659912109375,16318.465999986649,0.0,2097152,1,250,124.51658724975526,124.99799999999959,125.01658724975526,125.5,0.128,8192000,16384.0,0.9999998779297024,5515509.760000001,167772.16000000003,20971.520000000004,1656422.6021999998,3276800.4,104857.6,1048576.0,2097152,7360676.0422,11790910.0422,449.25995750000516,719.6599489062562,5.622344037151336
main,late,251,4,1,1,fast,1000,0,same_voltage_always_on,False,1.0,150.18300000042836,281.5046666671042,9.564416666779039,148.13600000001134,2.222801808677901,7.217588025007357,290.5613333337715,251,131072,0.7548828125,0.7548828125,0.2451171875,225.02533332042003,0.0,2097152,1,1,0.00033864324367616216,0.0006666666631645057,0.00033864324367616216,7.510666666352336,7.2362164151632795,290562,290.5613333337715,1.0,307414.596,262144.0,32768.0,29462.919200044427,58112.266666754294,104857.6,1048576.0,2097152,631789.5152000445,1843335.3818667987,2174.375743500254,6344.049157254301,0.8789708051046365
main,late,251,4,1,1,fast,1000,0,same_voltage_gated,True,1.0,150.18300000042836,281.5046666671042,9.564416666779039,148.13600000001134,2.222801808677901,7.217588025007357,290.5613333337715,251,131072,0.7548828125,0.7548828125,0.2451171875,225.02533332042003,0.0,2097152,1,1,0.00033864324367616216,0.0006666666631645057,0.00033864324367616216,7.510666666352336,7.2362164151632795,32768,32.76800225898842,0.11277482066530649,34668.544,262144.0,32768.0,29462.919200044427,58112.266666754294,104857.6,1048576.0,2097152,359043.4632000444,1570589.3298667986,1235.6890680550623,5405.362481809108,0.7489153527578347
main,late,251,4,1,1,slow,500,0.5,same_voltage_always_on,False,1.0,2112.0080000000016,3968.0080000000016,158.03537500000084,1984.7277708333336,31.255825286865047,0.511999000001953,4096.008000000002,251,1966080,0.992340087890625,0.9981689453125,0.007659912109375,4030.47199998665,0.0,2097152,4,247,30.746844085692743,30.995999999999185,31.246844085692743,31.497999999999593,0.512,2048004,4096.008000000002,1.0,2166788.2320000003,262144.0,32768.0,415335.2112000002,819201.6000000003,104857.6,1048576.0,2097152,2877035.4432000006,4849670.643200001,702.3998593752746,1183.9993093763485,2.3125031677246097
main,late,251,4,1,1,slow,500,0.5,same_voltage_gated,True,1.0,2112.0080000000016,3968.0080000000016,158.03537500000084,1984.7277708333336,31.255825286865047,0.511999000001953,4096.008000000002,251,1966080,0.992340087890625,0.9981689453125,0.007659912109375,4030.47199998665,0.0,2097152,4,247,30.746844085692743,30.995999999999185,31.246844085692743,31.497999999999593,0.512,2048003,4096.006000000001,0.9999995117197036,2166787.174,262144.0,32768.0,415335.2112000002,819201.6000000003,104857.6,1048576.0,2097152,2877034.3852000004,4849669.585200001,702.3996010749977,1183.9990510760717,2.3125026632308963
main,late,251,4,1,1,slow,500,0.5,lower_voltage_always_on,False,0.8,2112.0080000000016,3968.0080000000016,158.03537500000084,1984.7277708333336,31.255825286865047,0.511999000001953,4096.008000000002,251,1966080,0.992340087890625,0.9981689453125,0.007659912109375,4030.47199998665,0.0,2097152,4,247,30.746844085692743,30.995999999999185,31.246844085692743,31.497999999999593,0.512,2048004,4096.008000000002,1.0,1386744.4684800005,167772.16000000003,20971.520000000004,415335.2112000002,819201.6000000003,104857.6,1048576.0,2097152,1990823.3596800007,3963458.5596800013,486.0399100001758,967.63936000125,1.8899243162536628
main,late,251,4,1,1,slow,500,0.5,lower_voltage_gated,True,0.8,2112.0080000000016,3968.0080000000016,158.03537500000084,1984.7277708333336,31.255825286865047,0.511999000001953,4096.008000000002,251,1966080,0.992340087890625,0.9981689453125,0.007659912109375,4030.47199998665,0.0,2097152,4,247,30.746844085692743,30.995999999999185,31.246844085692743,31.497999999999593,0.512,2048003,4096.006000000001,0.9999995117197036,1386743.7913600004,167772.16000000003,20971.520000000004,415335.2112000002,819201.6000000003,104857.6,1048576.0,2097152,1990822.6825600006,3963457.882560001,486.0397446879986,967.6391946890728,1.8899239933776861
main,late,251,16,1,1,fast,1000,0,same_voltage_always_on,False,1.0,150.18300000042836,281.5046666671042,9.564416666779039,148.13600000001134,2.222801808677901,7.217588025007357,290.5613333337715,251,131072,0.7548828125,0.7548828125,0.2451171875,225.02533332042003,0.0,2097152,1,1,0.00033864324367616216,0.0006666666631645057,0.00033864324367616216,7.510666666352336,7.2362164151632795,290562,290.5613333337715,1.0,314388.08400000003,262144.0,32768.0,29811.592800044953,58112.266666754294,104857.6,1048576.0,2097152,639111.676800045,1850657.5434667992,2199.5757985660443,6369.249212320091,0.8824622838338848
main,late,251,16,1,1,fast,1000,0,same_voltage_gated,True,1.0,150.18300000042836,281.5046666671042,9.564416666779039,148.13600000001134,2.222801808677901,7.217588025007357,290.5613333337715,251,131072,0.7548828125,0.7548828125,0.2451171875,225.02533332042003,0.0,2097152,1,1,0.00033864324367616216,0.0006666666631645057,0.00033864324367616216,7.510666666352336,7.2362164151632795,32768,32.76800225898842,0.11277482066530649,35454.976,262144.0,32768.0,29811.592800044953,58112.266666754294,104857.6,1048576.0,2097152,360178.568800045,1571724.4354667994,1239.5956635644404,5409.269077318488,0.7494566132863996
main,late,251,16,1,1,slow,500,0.5,same_voltage_always_on,False,1.0,528.2700000000004,992.2700000000004,39.52399999999807,496.7277708333336,7.815352996825989,2.047460142345279,1024.2700000000004,251,1540096,0.992340087890625,0.99267578125,0.007659912109375,958.733999986649,0.0,2097152,16,235,7.284118275957942,7.487999999997555,7.784118275957942,7.989999999997963,2.048,512135,1024.2700000000004,1.0,554130.0700000001,262144.0,32768.0,105090.10200000004,204854.0000000001,104857.6,1048576.0,2097152,954132.1720000001,2312419.7720000003,931.5240825173047,2257.6271608072084,1.1026476726531984
main,late,251,16,1,1,slow,500,0.5,same_voltage_gated,True,1.0,528.2700000000004,992.2700000000004,39.52399999999807,496.7277708333336,7.815352996825989,2.047460142345279,1024.2700000000004,251,1540096,0.992340087890625,0.99267578125,0.007659912109375,958.733999986649,0.0,2097152,16,235,7.284118275957942,7.487999999997555,7.784118275957942,7.989999999997963,2.048,512134,1024.268,0.999998047389848,554128.988,262144.0,32768.0,105090.10200000004,204854.0000000001,104857.6,1048576.0,2097152,954131.0900000001,2312418.6900000004,931.5230261552126,2257.6261044451167,1.1026471567153933
main,late,251,16,1,1,slow,500,0.5,lower_voltage_always_on,False,0.8,528.2700000000004,992.2700000000004,39.52399999999807,496.7277708333336,7.815352996825989,2.047460142345279,1024.2700000000004,251,1540096,0.992340087890625,0.99267578125,0.007659912109375,958.733999986649,0.0,2097152,16,235,7.284118275957942,7.487999999997555,7.784118275957942,7.989999999997963,2.048,512135,1024.2700000000004,1.0,354643.2448000001,167772.16000000003,20971.520000000004,105090.10200000004,204854.0000000001,104857.6,1048576.0,2097152,648477.0268000002,2006764.6268000002,633.1114128110752,1959.2144911009786,0.9568999418258668
main,late,251,16,1,1,slow,500,0.5,lower_voltage_gated,True,0.8,528.2700000000004,992.2700000000004,39.52399999999807,496.7277708333336,7.815352996825989,2.047460142345279,1024.2700000000004,251,1540096,0.992340087890625,0.99267578125,0.007659912109375,958.733999986649,0.0,2097152,16,235,7.284118275957942,7.487999999997555,7.784118275957942,7.989999999997963,2.048,512134,1024.268,0.999998047389848,354642.5523200001,167772.16000000003,20971.520000000004,105090.10200000004,204854.0000000001,104857.6,1048576.0,2097152,648476.3343200001,2006763.9343200002,633.1107367393362,1959.2138150292396,0.9568996116256715
main,late,251,64,1,1,fast,1000,0,same_voltage_always_on,False,1.0,150.18300000042836,281.5046666671042,9.564416666779039,148.13600000001134,2.222801808677901,7.217588025007357,290.5613333337715,251,131072,0.7548828125,0.7548828125,0.2451171875,225.02533332042003,0.0,2097152,1,1,0.00033864324367616216,0.0006666666631645057,0.00033864324367616216,7.510666666352336,7.2362164151632795,290562,290.5613333337715,1.0,342282.036,262144.0,32768.0,31206.287200047056,58112.266666754294,104857.6,1048576.0,2097152,668400.3232000471,1879946.1898668013,2300.3760188292063,6470.049432583252,0.896428198750878
main,late,251,64,1,1,fast,1000,0,same_voltage_gated,True,1.0,150.18300000042836,281.5046666671042,9.564416666779039,148.13600000001134,2.222801808677901,7.217588025007357,290.5613333337715,251,131072,0.7548828125,0.7548828125,0.2451171875,225.02533332042003,0.0,2097152,1,1,0.00033864324367616216,0.0006666666631645057,0.00033864324367616216,7.510666666352336,7.2362164151632795,32768,32.76800225898842,0.11277482066530649,38600.704000000005,262144.0,32768.0,31206.287200047056,58112.266666754294,104857.6,1048576.0,2097152,364718.9912000471,1576264.8578668013,1255.2220456019513,5424.895459355997,0.7516216554006583
main,late,251,64,1,1,slow,500,0.5,same_voltage_always_on,False,1.0,154.64768750000553,285.97000000000116,11.145437499997684,148.13600000001134,2.250189239501858,7.108363330689459,295.02600000000166,251,131072,0.7548828125,0.7548828125,0.2451171875,229.48999998665022,0.0,2097152,64,187,1.2278473205342897,1.4879999999975553,1.7278473205342897,4.534666666662815,7.236249706706464,147513,295.02600000000166,1.0,173770.314,262144.0,32768.0,31685.79240000018,59005.20000000033,104857.6,1048576.0,2097152,500368.10640000016,1712806.9064000004,1696.0135933782017,5805.613425257404,0.8167299777984621
main,late,251,64,1,1,slow,500,0.5,same_voltage_gated,True,1.0,154.64768750000553,285.97000000000116,11.145437499997684,148.13600000001134,2.250189239501858,7.108363330689459,295.02600000000166,251,131072,0.7548828125,0.7548828125,0.2451171875,229.48999998665022,0.0,2097152,64,187,1.2278473205342897,1.4879999999975553,1.7278473205342897,4.534666666662815,7.236249706706464,130265,260.5300000000061,0.8830747120592919,153452.17,262144.0,32768.0,31685.79240000018,59005.20000000033,104857.6,1048576.0,2097152,480049.9624000002,1692488.7624000004,1627.144598781116,5736.744430660317,0.8070415317535402
main,late,251,64,1,1,slow,500,0.5,lower_voltage_always_on,False,0.8,154.64768750000553,285.97000000000116,11.145437499997684,148.13600000001134,2.250189239501858,7.108363330689459,295.02600000000166,251,131072,0.7548828125,0.7548828125,0.2451171875,229.48999998665022,0.0,2097152,64,187,1.2278473205342897,1.4879999999975553,1.7278473205342897,4.534666666662815,7.236249706706464,147513,295.02600000000166,1.0,111213.00096000003,167772.16000000003,20971.520000000004,31685.79240000018,59005.20000000033,104857.6,1048576.0,2097152,331642.4733600003,1544081.2733600005,1124.1126997620495,5233.712531641251,0.7362753264236452
main,late,251,64,1,1,slow,500,0.5,lower_voltage_gated,True,0.8,154.64768750000553,285.97000000000116,11.145437499997684,148.13600000001134,2.250189239501858,7.108363330689459,295.02600000000166,251,131072,0.7548828125,0.7548828125,0.2451171875,229.48999998665022,0.0,2097152,64,187,1.2278473205342897,1.4879999999975553,1.7278473205342897,4.534666666662815,7.236249706706464,130265,260.5300000000061,0.8830747120592919,98209.38880000003,167772.16000000003,20971.520000000004,31685.79240000018,59005.20000000033,104857.6,1048576.0,2097152,318638.8612000003,1531077.6612000004,1080.0365432199144,5189.636375099116,0.7300747209548952
main,late,251,128,1,1,fast,1000,0,same_voltage_always_on,False,1.0,150.18300000042836,281.5046666671042,9.564416666779039,148.13600000001134,2.222801808677901,7.217588025007357,290.5613333337715,251,131072,0.7548828125,0.7548828125,0.2451171875,225.02533332042003,0.0,2097152,1,1,0.00033864324367616216,0.0006666666631645057,0.00033864324367616216,7.510666666352336,7.2362164151632795,290562,290.5613333337715,1.0,379473.972,262144.0,32768.0,33065.87973338319,58112.266666754294,104857.6,1048576.0,2097152,707451.8517333833,1918997.7184001375,2434.7763125134215,6604.449726267468,0.9150494186402023
main,late,251,128,1,1,fast,1000,0,same_voltage_gated,True,1.0,150.18300000042836,281.5046666671042,9.564416666779039,148.13600000001134,2.222801808677901,7.217588025007357,290.5613333337715,251,131072,0.7548828125,0.7548828125,0.2451171875,225.02533332042003,0.0,2097152,1,1,0.00033864324367616216,0.0006666666631645057,0.00033864324367616216,7.510666666352336,7.2362164151632795,32768,32.76800225898842,0.11277482066530649,42795.008,262144.0,32768.0,33065.87973338319,58112.266666754294,104857.6,1048576.0,2097152,370772.8877333832,1582318.7544001373,1276.057221651966,5445.730635406012,0.75450837821967
main,late,251,128,1,1,slow,500,0.5,same_voltage_always_on,False,1.0,151.64768750000553,282.97000000000116,10.082937499997684,148.13600000001134,2.231310577392585,7.181387958606385,292.02600000000166,251,131072,0.7548828125,0.7548828125,0.2451171875,226.48999998665022,0.0,2097152,128,125,0.3877298888860693,0.49399999994784594,0.8877298888860693,6.534666666662815,7.236249706706464,146013,292.02600000000166,1.0,190692.978,262144.0,32768.0,33232.55880000019,58405.20000000033,104857.6,1048576.0,2097152,518837.5368000002,1730676.3368000006,1776.6826816790192,5926.446058912531,0.8252507862091067
main,late,251,128,1,1,slow,500,0.5,same_voltage_gated,True,1.0,151.64768750000553,282.97000000000116,10.082937499997684,148.13600000001134,2.231310577392585,7.181387958606385,292.02600000000166,251,131072,0.7548828125,0.7548828125,0.2451171875,226.48999998665022,0.0,2097152,128,125,0.3877298888860693,0.49399999994784594,0.8877298888860693,6.534666666662815,7.236249706706464,68313,136.6260000000002,0.46785560189845915,89216.778,262144.0,32768.0,33232.55880000019,58405.20000000033,104857.6,1048576.0,2097152,417361.33680000016,1629200.1368000004,1429.1923897187162,5578.955766952227,0.7768631633758547
main,late,251,128,1,1,slow,500,0.5,lower_voltage_always_on,False,0.8,151.64768750000553,282.97000000000116,10.082937499997684,148.13600000001134,2.231310577392585,7.181387958606385,292.02600000000166,251,131072,0.7548828125,0.7548828125,0.2451171875,226.48999998665022,0.0,2097152,128,125,0.3877298888860693,0.49399999994784594,0.8877298888860693,6.534666666662815,7.236249706706464,146013,292.02600000000166,1.0,122043.50592000003,167772.16000000003,20971.520000000004,33232.55880000019,58405.20000000033,104857.6,1048576.0,2097152,344019.74472000025,1555858.5447200006,1178.0449162745724,5327.808293508084,0.7418911670303348
main,late,251,128,1,1,slow,500,0.5,lower_voltage_gated,True,0.8,151.64768750000553,282.97000000000116,10.082937499997684,148.13600000001134,2.231310577392585,7.181387958606385,292.02600000000166,251,131072,0.7548828125,0.7548828125,0.2451171875,226.48999998665022,0.0,2097152,128,125,0.3877298888860693,0.49399999994784594,0.8877298888860693,6.534666666662815,7.236249706706464,68313,136.6260000000002,0.46785560189845915,57098.737920000014,167772.16000000003,20971.520000000004,33232.55880000019,58405.20000000033,104857.6,1048576.0,2097152,279074.9767200002,1490913.7767200004,955.6511294199785,5105.414506653489,0.7109230884170534
main,late,251,200,1,1,fast,1000,0,same_voltage_always_on,False,1.0,150.18300000042836,281.5046666671042,9.564416666779039,148.13600000001134,2.222801808677901,7.217588025007357,290.5613333337715,251,131072,0.7548828125,0.7548828125,0.2451171875,225.02533332042003,0.0,2097152,1,1,0.00033864324367616216,0.0006666666631645057,0.00033864324367616216,7.510666666352336,7.2362164151632795,290562,290.5613333337715,1.0,421314.89999999997,262144.0,32768.0,35157.921333386344,58112.266666754294,104857.6,1048576.0,2097152,751384.8213333862,1962930.6880001405,2585.9766429081637,6755.65005666221,0.935998291015692
main,late,251,200,1,1,fast,1000,0,same_voltage_gated,True,1.0,150.18300000042836,281.5046666671042,9.564416666779039,148.13600000001134,2.222801808677901,7.217588025007357,290.5613333337715,251,131072,0.7548828125,0.7548828125,0.2451171875,225.02533332042003,0.0,2097152,1,1,0.00033864324367616216,0.0006666666631645057,0.00033864324367616216,7.510666666352336,7.2362164151632795,32768,32.76800225898842,0.11277482066530649,47513.6,262144.0,32768.0,35157.921333386344,58112.266666754294,104857.6,1048576.0,2097152,377583.5213333863,1589129.3880001404,1299.4967947082323,5469.170208462278,0.7577559413910582
main,late,251,200,1,1,slow,500,0.5,same_voltage_always_on,False,1.0,150.48368750007398,281.8060000000696,9.670687500021927,148.13600000001134,2.2248668518067864,7.21012713932894,290.8620000000701,251,131072,0.7548828125,0.7548828125,0.2451171875,225.32599998671867,0.0,2097152,200,125,0.0980406798936504,0.3499999999476131,0.5980406798936504,7.3106666666171805,7.236249706706464,145431,290.8620000000701,1.0,210874.94999999998,262144.0,32768.0,35194.30200000848,58172.40000001402,104857.6,1048576.0,2097152,540981.2520000085,1752587.2520000224,1859.9241289679576,6025.494055598875,0.8356987247467148
main,late,251,200,1,1,slow,500,0.5,same_voltage_gated,True,1.0,150.48368750007398,281.8060000000696,9.670687500021927,148.13600000001134,2.2248668518067864,7.21012713932894,290.8620000000701,251,131072,0.7548828125,0.7548828125,0.2451171875,225.32599998671867,0.0,2097152,200,125,0.0980406798936504,0.3499999999476131,0.5980406798936504,7.3106666666171805,7.236249706706464,48935,97.87000000000626,0.3364825931197017,70955.75,262144.0,32768.0,35194.30200000848,58172.40000001402,104857.6,1048576.0,2097152,401062.05200000847,1612668.0520000225,1378.8740089799005,5544.443935610818,0.7689800510406601
main,late,251,200,1,1,slow,500,0.5,lower_voltage_always_on,False,0.8,150.48368750007398,281.8060000000696,9.670687500021927,148.13600000001134,2.2248668518067864,7.21012713932894,290.8620000000701,251,131072,0.7548828125,0.7548828125,0.2451171875,225.32599998671867,0.0,2097152,200,125,0.0980406798936504,0.3499999999476131,0.5980406798936504,7.3106666666171805,7.236249706706464,145431,290.8620000000701,1.0,134959.96800000002,167772.16000000003,20971.520000000004,35194.30200000848,58172.40000001402,104857.6,1048576.0,2097152,358897.9500000085,1570503.9500000225,1233.911442539493,5399.48136917041,0.7488746404647935
main,late,251,200,1,1,slow,500,0.5,lower_voltage_gated,True,0.8,150.48368750007398,281.8060000000696,9.670687500021927,148.13600000001134,2.2248668518067864,7.21012713932894,290.8620000000701,251,131072,0.7548828125,0.7548828125,0.2451171875,225.32599998671867,0.0,2097152,200,125,0.0980406798936504,0.3499999999476131,0.5980406798936504,7.3106666666171805,7.236249706706464,48935,97.87000000000626,0.3364825931197017,45411.68000000001,167772.16000000003,20971.520000000004,35194.30200000848,58172.40000001402,104857.6,1048576.0,2097152,269349.6620000085,1480955.6620000224,926.0393657471363,5091.609292378053,0.7061746892929184
main,late,251,250,1,1,fast,1000,0,same_voltage_always_on,False,1.0,150.18300000042836,281.5046666671042,9.564416666779039,148.13600000001134,2.222801808677901,7.217588025007357,290.5613333337715,251,131072,0.7548828125,0.7548828125,0.2451171875,225.02533332042003,0.0,2097152,1,1,0.00033864324367616216,0.0006666666631645057,0.00033864324367616216,7.510666666352336,7.2362164151632795,290562,290.5613333337715,1.0,450371.10000000003,262144.0,32768.0,36610.728000055205,58112.266666754294,104857.6,1048576.0,2097152,781893.8280000553,1993439.6946668094,2690.9768723489574,6860.650286103003,0.9505461190542266
main,late,251,250,1,1,fast,1000,0,same_voltage_gated,True,1.0,150.18300000042836,281.5046666671042,9.564416666779039,148.13600000001134,2.222801808677901,7.217588025007357,290.5613333337715,251,131072,0.7548828125,0.7548828125,0.2451171875,225.02533332042003,0.0,2097152,1,1,0.00033864324367616216,0.0006666666631645057,0.00033864324367616216,7.510666666352336,7.2362164151632795,32768,32.76800225898842,0.11277482066530649,50790.4,262144.0,32768.0,36610.728000055205,58112.266666754294,104857.6,1048576.0,2097152,382313.1280000552,1593858.9946668094,1315.7742759973066,5485.447689751353,0.7600111935934112
main,late,251,250,1,1,slow,500,0.5,same_voltage_always_on,False,1.0,150.1836875003503,281.5060000003141,9.564437500108511,148.13600000001134,2.2228069152850276,7.2175714649463085,290.5620000003146,251,131072,0.7548828125,0.7548828125,0.2451171875,225.02599998696314,0.0,2097152,250,125,0.0011260070693553947,0.2499999999490683,0.5011260070693554,7.510666666352336,7.236249706706464,145281,290.5620000003146,1.0,225185.55000000002,262144.0,32768.0,36610.81200003964,58112.40000006292,104857.6,1048576.0,2097152,556708.3620000397,1768254.3620001026,1915.9709872572357,6085.635292977706,0.8431693849564088
main,late,251,250,1,1,slow,500,0.5,same_voltage_gated,True,1.0,150.1836875003503,281.5060000003141,9.564437500108511,148.13600000001134,2.2228069152850276,7.2175714649463085,290.5620000003146,251,131072,0.7548828125,0.7548828125,0.2451171875,225.02599998696314,0.0,2097152,250,125,0.0011260070693553947,0.2499999999490683,0.5011260070693554,7.510666666352336,7.236249706706464,40985,81.97000000000844,0.2821084656628179,63526.75,262144.0,32768.0,36610.81200003964,58112.40000006292,104857.6,1048576.0,2097152,395049.5620000396,1606595.5620001024,1359.605048146736,5529.269353867206,0.7660844621658813
main,late,251,250,1,1,slow,500,0.5,lower_voltage_always_on,False,0.8,150.1836875003503,281.5060000003141,9.564437500108511,148.13600000001134,2.2228069152850276,7.2175714649463085,290.5620000003146,251,131072,0.7548828125,0.7548828125,0.2451171875,225.02599998696314,0.0,2097152,250,125,0.0011260070693553947,0.2499999999490683,0.5011260070693554,7.510666666352336,7.236249706706464,145281,290.5620000003146,1.0,144118.75200000004,167772.16000000003,20971.520000000004,36610.81200003964,58112.40000006292,104857.6,1048576.0,2097152,369473.2440000397,1581019.2440001026,1271.581431844631,5441.245737565101,0.753888723373462
main,late,251,250,1,1,slow,500,0.5,lower_voltage_gated,True,0.8,150.1836875003503,281.5060000003141,9.564437500108511,148.13600000001134,2.2228069152850276,7.2175714649463085,290.5620000003146,251,131072,0.7548828125,0.7548828125,0.2451171875,225.02599998696314,0.0,2097152,250,125,0.0011260070693553947,0.2499999999490683,0.5011260070693554,7.510666666352336,7.236249706706464,40985,81.97000000000844,0.2821084656628179,40657.12000000001,167772.16000000003,20971.520000000004,36610.81200003964,58112.40000006292,104857.6,1048576.0,2097152,266011.61200003966,1477557.6120001026,915.5072308139112,5085.171536534382,0.7045543727875245
main,late,251,500,1,1,fast,1000,0,same_voltage_always_on,False,1.0,150.18300000042836,281.5046666671042,9.564416666779039,148.13600000001134,2.222801808677901,7.217588025007357,290.5613333337715,251,131072,0.7548828125,0.7548828125,0.2451171875,225.02533332042003,0.0,2097152,1,1,0.00033864324367616216,0.0006666666631645057,0.00033864324367616216,7.510666666352336,7.2362164151632795,290562,290.5613333337715,1.0,595652.1,262144.0,32768.0,43874.761333399496,58112.266666754294,104857.6,1048576.0,2097152,934438.8613333994,2145984.728000154,3215.9780195529243,7385.651433306971,1.0232852592468995
main,late,251,500,1,1,fast,1000,0,same_voltage_gated,True,1.0,150.18300000042836,281.5046666671042,9.564416666779039,148.13600000001134,2.222801808677901,7.217588025007357,290.5613333337715,251,131072,0.7548828125,0.7548828125,0.2451171875,225.02533332042003,0.0,2097152,1,1,0.00033864324367616216,0.0006666666631645057,0.00033864324367616216,7.510666666352336,7.2362164151632795,32768,32.76800225898842,0.11277482066530649,67174.4,262144.0,32768.0,43874.761333399496,58112.266666754294,104857.6,1048576.0,2097152,405961.16133339953,1617507.0280001538,1397.1616824426767,5566.8350961967235,0.7712874546051759
main,late,251,500,1,1,slow,500,0.5,same_voltage_always_on,False,1.0,150.1836875003503,281.5060000003141,9.564437500108511,148.13600000001134,2.2228069152850276,7.2175714649463085,290.5620000003146,251,131072,0.7548828125,0.7548828125,0.2451171875,225.02599998696314,0.0,2097152,250,125,0.0011260070693553947,0.2499999999490683,0.5011260070693554,7.510666666352336,7.236249706706464,145281,290.5620000003146,1.0,297826.05,262144.0,32768.0,43874.862000047506,58112.40000006292,104857.6,1048576.0,2097152,636612.9120000475,1848158.9120001104,2190.970987256965,6360.635292977435,0.881270843505912
main,late,251,500,1,1,slow,500,0.5,same_voltage_gated,True,1.0,150.1836875003503,281.5060000003141,9.564437500108511,148.13600000001134,2.2228069152850276,7.2175714649463085,290.5620000003146,251,131072,0.7548828125,0.7548828125,0.2451171875,225.02599998696314,0.0,2097152,250,125,0.0011260070693553947,0.2499999999490683,0.5011260070693554,7.510666666352336,7.236249706706464,40985,81.97000000000844,0.2821084656628179,84019.24999999999,262144.0,32768.0,43874.862000047506,58112.40000006292,104857.6,1048576.0,2097152,422806.1120000475,1634352.1120001106,1455.1321645624334,5624.796470282904,0.7793198165894082
main,late,251,500,1,1,slow,500,0.5,lower_voltage_always_on,False,0.8,150.1836875003503,281.5060000003141,9.564437500108511,148.13600000001134,2.2228069152850276,7.2175714649463085,290.5620000003146,251,131072,0.7548828125,0.7548828125,0.2451171875,225.02599998696314,0.0,2097152,250,125,0.0011260070693553947,0.2499999999490683,0.5011260070693554,7.510666666352336,7.236249706706464,145281,290.5620000003146,1.0,190608.67200000002,167772.16000000003,20971.520000000004,43874.862000047506,58112.40000006292,104857.6,1048576.0,2097152,423227.2140000476,1634773.2140001105,1456.581431844458,5626.245737564928,0.7795206136704018
main,late,251,500,1,1,slow,500,0.5,lower_voltage_gated,True,0.8,150.1836875003503,281.5060000003141,9.564437500108511,148.13600000001134,2.2228069152850276,7.2175714649463085,290.5620000003146,251,131072,0.7548828125,0.7548828125,0.2451171875,225.02599998696314,0.0,2097152,250,125,0.0011260070693553947,0.2499999999490683,0.5011260070693554,7.510666666352336,7.236249706706464,40985,81.97000000000844,0.2821084656628179,53772.32,167772.16000000003,20971.520000000004,43874.862000047506,58112.40000006292,104857.6,1048576.0,2097152,286390.8620000476,1497936.8620001106,985.6445853199575,5155.308891040428,0.7142719564438393
main,late,500,1,1,1,fast,1000,0,same_voltage_always_on,False,1.0,150.18300000042836,281.5046666671042,10.046854166877324,148.13600000001134,4.422192891443161,7.217588025007357,290.5613333337715,500,131072,0.51171875,0.51171875,0.48828125,225.02533332042003,0.0,2097152,1,1,0.0003335773278757559,0.0006666666631645057,0.0003335773278757559,8.008666666453792,7.2362164151632795,290562,290.5613333337715,1.0,305671.224,262144.0,32768.0,29375.750800044294,58112.266666754294,104857.6,1048576.0,2097152,629958.9748000442,1841504.8414667984,2168.075729733806,6337.749143487852,0.8780979354223244
main,late,500,1,1,1,fast,1000,0,same_voltage_gated,True,1.0,150.18300000042836,281.5046666671042,10.046854166877324,148.13600000001134,4.422192891443161,7.217588025007357,290.5613333337715,500,131072,0.51171875,0.51171875,0.48828125,225.02533332042003,0.0,2097152,1,1,0.0003335773278757559,0.0006666666631645057,0.0003335773278757559,8.008666666453792,7.2362164151632795,32768,32.76800225898842,0.11277482066530649,34471.936,262144.0,32768.0,29375.750800044294,58112.266666754294,104857.6,1048576.0,2097152,358759.68680004426,1570305.5534667985,1234.712419177718,5404.3858329317645,0.7487800376256936
main,late,500,1,1,1,slow,500,0.5,same_voltage_always_on,False,1.0,8448.002,15872.002,753.7031875,7936.727770833333,248.0926895141594,0.1279999843750019,16384.002,500,2064384,0.9847412109375,0.999542236328125,0.0152587890625,16318.465999986649,0.0,2097152,1,499,247.58896343994022,249.4979999999996,248.08896343994022,250.0,0.128,8192001,16384.002,1.0,8617985.052000001,262144.0,32768.0,1656422.6021999998,3276800.4,104857.6,1048576.0,2097152,10569319.6542,14999553.6542,645.0999978027347,915.4999892089858,7.152344538784027
main,late,500,1,1,1,slow,500,0.5,same_voltage_gated,True,1.0,8448.002,15872.002,753.7031875,7936.727770833333,248.0926895141594,0.1279999843750019,16384.002,500,2064384,0.9847412109375,0.999542236328125,0.0152587890625,16318.465999986649,0.0,2097152,1,499,247.58896343994022,249.4979999999996,248.08896343994022,250.0,0.128,8192000,16384.0,0.9999998779297024,8617984.0,262144.0,32768.0,1656422.6021999998,3276800.4,104857.6,1048576.0,2097152,10569318.6022,14999552.6022,645.099933593758,915.4999250000091,7.1523440371513365
main,late,500,1,1,1,slow,500,0.5,lower_voltage_always_on,False,0.8,8448.002,15872.002,753.7031875,7936.727770833333,248.0926895141594,0.1279999843750019,16384.002,500,2064384,0.9847412109375,0.999542236328125,0.0152587890625,16318.465999986649,0.0,2097152,1,499,247.58896343994022,249.4979999999996,248.08896343994022,250.0,0.128,8192001,16384.002,1.0,5515510.433280001,167772.16000000003,20971.520000000004,1656422.6021999998,3276800.4,104857.6,1048576.0,2097152,7360676.715480001,11790910.71548,449.2599985937502,719.6599900000012,5.622344358196258
main,late,500,1,1,1,slow,500,0.5,lower_voltage_gated,True,0.8,8448.002,15872.002,753.7031875,7936.727770833333,248.0926895141594,0.1279999843750019,16384.002,500,2064384,0.9847412109375,0.999542236328125,0.0152587890625,16318.465999986649,0.0,2097152,1,499,247.58896343994022,249.4979999999996,248.08896343994022,250.0,0.128,8192000,16384.0,0.9999998779297024,5515509.760000001,167772.16000000003,20971.520000000004,1656422.6021999998,3276800.4,104857.6,1048576.0,2097152,7360676.0422,11790910.0422,449.25995750000516,719.6599489062562,5.622344037151336
main,late,500,4,1,1,fast,1000,0,same_voltage_always_on,False,1.0,150.18300000042836,281.5046666671042,10.046854166877324,148.13600000001134,4.422192891443161,7.217588025007357,290.5613333337715,500,131072,0.51171875,0.51171875,0.48828125,225.02533332042003,0.0,2097152,1,1,0.0003335773278757559,0.0006666666631645057,0.0003335773278757559,8.008666666453792,7.2362164151632795,290562,290.5613333337715,1.0,307414.596,262144.0,32768.0,29462.919200044427,58112.266666754294,104857.6,1048576.0,2097152,631789.5152000445,1843335.3818667987,2174.375743500254,6344.049157254301,0.8789708051046365
main,late,500,4,1,1,fast,1000,0,same_voltage_gated,True,1.0,150.18300000042836,281.5046666671042,10.046854166877324,148.13600000001134,4.422192891443161,7.217588025007357,290.5613333337715,500,131072,0.51171875,0.51171875,0.48828125,225.02533332042003,0.0,2097152,1,1,0.0003335773278757559,0.0006666666631645057,0.0003335773278757559,8.008666666453792,7.2362164151632795,32768,32.76800225898842,0.11277482066530649,34668.544,262144.0,32768.0,29462.919200044427,58112.266666754294,104857.6,1048576.0,2097152,359043.4632000444,1570589.3298667986,1235.6890680550623,5405.362481809108,0.7489153527578347
main,late,500,4,1,1,slow,500,0.5,same_voltage_always_on,False,1.0,2112.0080000000016,3968.0080000000016,188.06856250000124,1984.7277708333336,62.02324676513596,0.511999000001953,4096.008000000002,500,1966080,0.9847412109375,0.9981689453125,0.0152587890625,4030.47199998665,0.0,2097152,4,496,61.514265563963654,61.99799999999959,62.014265563963654,62.5,0.512,2048004,4096.008000000002,1.0,2166788.2320000003,262144.0,32768.0,415335.2112000002,819201.6000000003,104857.6,1048576.0,2097152,2877035.4432000006,4849670.643200001,702.3998593752746,1183.9993093763485,2.3125031677246097
main,late,500,4,1,1,slow,500,0.5,same_voltage_gated,True,1.0,2112.0080000000016,3968.0080000000016,188.06856250000124,1984.7277708333336,62.02324676513596,0.511999000001953,4096.008000000002,500,1966080,0.9847412109375,0.9981689453125,0.0152587890625,4030.47199998665,0.0,2097152,4,496,61.514265563963654,61.99799999999959,62.014265563963654,62.5,0.512,2048003,4096.006000000001,0.9999995117197036,2166787.174,262144.0,32768.0,415335.2112000002,819201.6000000003,104857.6,1048576.0,2097152,2877034.3852000004,4849669.585200001,702.3996010749977,1183.9990510760717,2.3125026632308963
main,late,500,4,1,1,slow,500,0.5,lower_voltage_always_on,False,0.8,2112.0080000000016,3968.0080000000016,188.06856250000124,1984.7277708333336,62.02324676513596,0.511999000001953,4096.008000000002,500,1966080,0.9847412109375,0.9981689453125,0.0152587890625,4030.47199998665,0.0,2097152,4,496,61.514265563963654,61.99799999999959,62.014265563963654,62.5,0.512,2048004,4096.008000000002,1.0,1386744.4684800005,167772.16000000003,20971.520000000004,415335.2112000002,819201.6000000003,104857.6,1048576.0,2097152,1990823.3596800007,3963458.5596800013,486.0399100001758,967.63936000125,1.8899243162536628
main,late,500,4,1,1,slow,500,0.5,lower_voltage_gated,True,0.8,2112.0080000000016,3968.0080000000016,188.06856250000124,1984.7277708333336,62.02324676513596,0.511999000001953,4096.008000000002,500,1966080,0.9847412109375,0.9981689453125,0.0152587890625,4030.47199998665,0.0,2097152,4,496,61.514265563963654,61.99799999999959,62.014265563963654,62.5,0.512,2048003,4096.006000000001,0.9999995117197036,1386743.7913600004,167772.16000000003,20971.520000000004,415335.2112000002,819201.6000000003,104857.6,1048576.0,2097152,1990822.6825600006,3963457.882560001,486.0397446879986,967.6391946890728,1.8899239933776861
main,late,500,16,1,1,fast,1000,0,same_voltage_always_on,False,1.0,150.18300000042836,281.5046666671042,10.046854166877324,148.13600000001134,4.422192891443161,7.217588025007357,290.5613333337715,500,131072,0.51171875,0.51171875,0.48828125,225.02533332042003,0.0,2097152,1,1,0.0003335773278757559,0.0006666666631645057,0.0003335773278757559,8.008666666453792,7.2362164151632795,290562,290.5613333337715,1.0,314388.08400000003,262144.0,32768.0,29811.592800044953,58112.266666754294,104857.6,1048576.0,2097152,639111.676800045,1850657.5434667992,2199.5757985660443,6369.249212320091,0.8824622838338848
main,late,500,16,1,1,fast,1000,0,same_voltage_gated,True,1.0,150.18300000042836,281.5046666671042,10.046854166877324,148.13600000001134,4.422192891443161,7.217588025007357,290.5613333337715,500,131072,0.51171875,0.51171875,0.48828125,225.02533332042003,0.0,2097152,1,1,0.0003335773278757559,0.0006666666631645057,0.0003335773278757559,8.008666666453792,7.2362164151632795,32768,32.76800225898842,0.11277482066530649,35454.976,262144.0,32768.0,29811.592800044953,58112.266666754294,104857.6,1048576.0,2097152,360178.568800045,1571724.4354667994,1239.5956635644404,5409.269077318488,0.7494566132863996
main,late,500,16,1,1,slow,500,0.5,same_voltage_always_on,False,1.0,528.0320000000065,992.0320000000065,47.02243750000139,496.7277708333336,15.506036315917246,2.0479360019999246,1024.0320000000065,500,1540096,0.984619140625,0.99267578125,0.015380859375,958.4959999866551,0.0,2097152,16,484,14.974765482580157,15.473999999994703,15.474765482580157,15.97599999999511,2.048,512016,1024.0320000000065,1.0,554001.312,262144.0,32768.0,105065.68320000067,204806.4000000013,104857.6,1048576.0,2097152,953978.9952000007,2312218.995200002,931.591000281236,2257.9558013811943,1.1025519348144541
main,late,500,16,1,1,slow,500,0.5,same_voltage_gated,True,1.0,528.0320000000065,992.0320000000065,47.02243750000139,496.7277708333336,15.506036315917246,2.0479360019999246,1024.0320000000065,500,1540096,0.984619140625,0.99267578125,0.015380859375,958.4959999866551,0.0,2097152,16,484,14.974765482580157,15.473999999994703,15.474765482580157,15.97599999999511,2.048,512015,1024.0299999999988,0.9999980469360258,554000.23,262144.0,32768.0,105065.68320000067,204806.4000000013,104857.6,1048576.0,2097152,953977.9132000007,2312217.913200002,931.5899436736299,2257.9547447735886,1.102551418876649
main,late,500,16,1,1,slow,500,0.5,lower_voltage_always_on,False,0.8,528.0320000000065,992.0320000000065,47.02243750000139,496.7277708333336,15.506036315917246,2.0479360019999246,1024.0320000000065,500,1540096,0.984619140625,0.99267578125,0.015380859375,958.4959999866551,0.0,2097152,16,484,14.974765482580157,15.473999999994703,15.474765482580157,15.97599999999511,2.048,512016,1024.0320000000065,1.0,354560.8396800001,167772.16000000003,20971.520000000004,105065.68320000067,204806.4000000013,104857.6,1048576.0,2097152,648370.2028800008,2006610.202880002,633.1542401799911,1959.5190412799495,0.9568263067626963
main,late,500,16,1,1,slow,500,0.5,lower_voltage_gated,True,0.8,528.0320000000065,992.0320000000065,47.02243750000139,496.7277708333336,15.506036315917246,2.0479360019999246,1024.0320000000065,500,1540096,0.984619140625,0.99267578125,0.015380859375,958.4959999866551,0.0,2097152,16,484,14.974765482580157,15.473999999994703,15.474765482580157,15.97599999999511,2.048,512015,1024.0299999999988,0.9999980469360258,354560.14720000006,167772.16000000003,20971.520000000004,105065.68320000067,204806.4000000013,104857.6,1048576.0,2097152,648369.5104000007,2006609.510400002,633.1535639511233,1959.5183650510814,0.9568259765625009
main,late,500,64,1,1,fast,1000,0,same_voltage_always_on,False,1.0,150.18300000042836,281.5046666671042,10.046854166877324,148.13600000001134,4.422192891443161,7.217588025007357,290.5613333337715,500,131072,0.51171875,0.51171875,0.48828125,225.02533332042003,0.0,2097152,1,1,0.0003335773278757559,0.0006666666631645057,0.0003335773278757559,8.008666666453792,7.2362164151632795,290562,290.5613333337715,1.0,342282.036,262144.0,32768.0,31206.287200047056,58112.266666754294,104857.6,1048576.0,2097152,668400.3232000471,1879946.1898668013,2300.3760188292063,6470.049432583252,0.896428198750878
main,late,500,64,1,1,fast,1000,0,same_voltage_gated,True,1.0,150.18300000042836,281.5046666671042,10.046854166877324,148.13600000001134,4.422192891443161,7.217588025007357,290.5613333337715,500,131072,0.51171875,0.51171875,0.48828125,225.02533332042003,0.0,2097152,1,1,0.0003335773278757559,0.0006666666631645057,0.0003335773278757559,8.008666666453792,7.2362164151632795,32768,32.76800225898842,0.11277482066530649,38600.704000000005,262144.0,32768.0,31206.287200047056,58112.266666754294,104857.6,1048576.0,2097152,364718.9912000471,1576264.8578668013,1255.2220456019513,5424.895459355997,0.7516216554006583
main,late,500,64,1,1,slow,500,0.5,same_voltage_always_on,False,1.0,152.66168750000838,283.984000000004,12.525541666457343,148.13600000001134,4.43688966878274,7.156538356538246,293.0400000000045,500,131072,0.51171875,0.51171875,0.48828125,227.50399998665307,0.0,2097152,64,436,2.292512471432973,3.473999999994703,2.792512471432973,8.008666666453792,7.236249706706464,146520,293.0400000000045,1.0,172600.56000000003,262144.0,32768.0,31472.496000000487,58608.0000000009,104857.6,1048576.0,2097152,498985.05600000056,1711026.6560000014,1702.788206388182,5838.884302484217,0.8158810882568366
main,late,500,64,1,1,slow,500,0.5,same_voltage_gated,True,1.0,152.66168750000838,283.984000000004,12.525541666457343,148.13600000001134,4.43688966878274,7.156538356538246,293.0400000000045,500,131072,0.51171875,0.51171875,0.48828125,227.50399998665307,0.0,2097152,64,436,2.292512471432973,3.473999999994703,2.792512471432973,8.008666666453792,7.236249706706464,130265,260.5300000000025,0.8890595140595088,153452.17,262144.0,32768.0,31472.496000000487,58608.0000000009,104857.6,1048576.0,2097152,479836.66600000055,1691878.2660000015,1637.444260169237,5773.540356265273,0.8067504243850715
main,late,500,64,1,1,slow,500,0.5,lower_voltage_always_on,False,0.8,152.66168750000838,283.984000000004,12.525541666457343,148.13600000001134,4.43688966878274,7.156538356538246,293.0400000000045,500,131072,0.51171875,0.51171875,0.48828125,227.50399998665307,0.0,2097152,64,436,2.292512471432973,3.473999999994703,2.792512471432973,8.008666666453792,7.236249706706464,146520,293.0400000000045,1.0,110464.35840000004,167772.16000000003,20971.520000000004,31472.496000000487,58608.0000000009,104857.6,1048576.0,2097152,330680.5344000006,1542722.1344000015,1128.4484520884366,5264.544548184473,0.7356272384643562
main,late,500,64,1,1,slow,500,0.5,lower_voltage_gated,True,0.8,152.66168750000838,283.984000000004,12.525541666457343,148.13600000001134,4.43688966878274,7.156538356538246,293.0400000000045,500,131072,0.51171875,0.51171875,0.48828125,227.50399998665307,0.0,2097152,64,436,2.292512471432973,3.473999999994703,2.792512471432973,8.008666666453792,7.236249706706464,130265,260.5300000000025,0.8890595140595088,98209.38880000003,167772.16000000003,20971.520000000004,31472.496000000487,58608.0000000009,104857.6,1048576.0,2097152,318425.5648000006,1530467.1648000013,1086.6283265083118,5222.724422604347,0.7297836135864264
main,late,500,128,1,1,fast,1000,0,same_voltage_always_on,False,1.0,150.18300000042836,281.5046666671042,10.046854166877324,148.13600000001134,4.422192891443161,7.217588025007357,290.5613333337715,500,131072,0.51171875,0.51171875,0.48828125,225.02533332042003,0.0,2097152,1,1,0.0003335773278757559,0.0006666666631645057,0.0003335773278757559,8.008666666453792,7.2362164151632795,290562,290.5613333337715,1.0,379473.972,262144.0,32768.0,33065.87973338319,58112.266666754294,104857.6,1048576.0,2097152,707451.8517333833,1918997.7184001375,2434.7763125134215,6604.449726267468,0.9150494186402023
main,late,500,128,1,1,fast,1000,0,same_voltage_gated,True,1.0,150.18300000042836,281.5046666671042,10.046854166877324,148.13600000001134,4.422192891443161,7.217588025007357,290.5613333337715,500,131072,0.51171875,0.51171875,0.48828125,225.02533332042003,0.0,2097152,1,1,0.0003335773278757559,0.0006666666631645057,0.0003335773278757559,8.008666666453792,7.2362164151632795,32768,32.76800225898842,0.11277482066530649,42795.008,262144.0,32768.0,33065.87973338319,58112.266666754294,104857.6,1048576.0,2097152,370772.8877333832,1582318.7544001373,1276.057221651966,5445.730635406012,0.75450837821967
main,late,500,128,1,1,slow,500,0.5,same_voltage_always_on,False,1.0,150.66168750000838,281.984000000004,10.525541666457343,148.13600000001134,4.423284851076929,7.2057174271576665,291.0400000000045,500,131072,0.51171875,0.51171875,0.48828125,225.50399998665307,0.0,2097152,128,372,0.8094701536539443,1.473999999994703,1.3094701536539444,8.008666666453792,7.236249706706464,145520,291.0400000000045,1.0,190049.12,262144.0,32768.0,33120.352000000516,58208.0000000009,104857.6,1048576.0,2097152,518081.47200000053,1729723.0720000016,1780.104013194037,5943.2485981307545,0.8247962341308601
main,late,500,128,1,1,slow,500,0.5,same_voltage_gated,True,1.0,150.66168750000838,281.984000000004,10.525541666457343,148.13600000001134,4.423284851076929,7.2057174271576665,291.0400000000045,500,131072,0.51171875,0.51171875,0.48828125,225.50399998665307,0.0,2097152,128,372,0.8094701536539443,1.473999999994703,1.3094701536539444,8.008666666453792,7.236249706706464,68313,136.6260000000002,0.4694406267179703,89216.778,262144.0,32768.0,33120.352000000516,58208.0000000009,104857.6,1048576.0,2097152,417249.1300000005,1628890.7300000014,1433.6487424408813,5596.793327377598,0.7767156267166144
main,late,500,128,1,1,slow,500,0.5,lower_voltage_always_on,False,0.8,150.66168750000838,281.984000000004,10.525541666457343,148.13600000001134,4.423284851076929,7.2057174271576665,291.0400000000045,500,131072,0.51171875,0.51171875,0.48828125,225.50399998665307,0.0,2097152,128,372,0.8094701536539443,1.473999999994703,1.3094701536539444,8.008666666453792,7.236249706706464,145520,291.0400000000045,1.0,121631.43680000002,167772.16000000003,20971.520000000004,33120.352000000516,58208.0000000009,104857.6,1048576.0,2097152,343495.4688000006,1555137.0688000014,1180.2345684441839,5343.379153380901,0.7415471405029304
main,late,500,128,1,1,slow,500,0.5,lower_voltage_gated,True,0.8,150.66168750000838,281.984000000004,10.525541666457343,148.13600000001134,4.423284851076929,7.2057174271576665,291.0400000000045,500,131072,0.51171875,0.51171875,0.48828125,225.50399998665307,0.0,2097152,128,372,0.8094701536539443,1.473999999994703,1.3094701536539444,8.008666666453792,7.236249706706464,68313,136.6260000000002,0.4694406267179703,57098.737920000014,167772.16000000003,20971.520000000004,33120.352000000516,58208.0000000009,104857.6,1048576.0,2097152,278962.7699200006,1490604.3699200014,958.5031951621642,5121.6477800988805,0.7107755517578132
main,late,500,200,1,1,fast,1000,0,same_voltage_always_on,False,1.0,150.18300000042836,281.5046666671042,10.046854166877324,148.13600000001134,4.422192891443161,7.217588025007357,290.5613333337715,500,131072,0.51171875,0.51171875,0.48828125,225.02533332042003,0.0,2097152,1,1,0.0003335773278757559,0.0006666666631645057,0.0003335773278757559,8.008666666453792,7.2362164151632795,290562,290.5613333337715,1.0,421314.89999999997,262144.0,32768.0,35157.921333386344,58112.266666754294,104857.6,1048576.0,2097152,751384.8213333862,1962930.6880001405,2585.9766429081637,6755.65005666221,0.935998291015692
main,late,500,200,1,1,fast,1000,0,same_voltage_gated,True,1.0,150.18300000042836,281.5046666671042,10.046854166877324,148.13600000001134,4.422192891443161,7.217588025007357,290.5613333337715,500,131072,0.51171875,0.51171875,0.48828125,225.02533332042003,0.0,2097152,1,1,0.0003335773278757559,0.0006666666631645057,0.0003335773278757559,8.008666666453792,7.2362164151632795,32768,32.76800225898842,0.11277482066530649,47513.6,262144.0,32768.0,35157.921333386344,58112.266666754294,104857.6,1048576.0,2097152,377583.5213333863,1589129.3880001404,1299.4967947082323,5469.170208462278,0.7577559413910582
main,late,500,200,1,1,slow,500,0.5,same_voltage_always_on,False,1.0,150.18300000042836,281.5046666671042,10.046854166877324,148.13600000001134,4.422192891443161,7.217588025007357,290.5613333337715,500,131072,0.51171875,0.51171875,0.48828125,225.02533332042003,0.0,2097152,200,300,0.20763380920797259,0.6989999998986605,0.7076338092079726,8.008666666453792,7.2362164151632795,145281,290.5613333337715,1.0,210657.44999999998,262144.0,32768.0,35157.921333386344,58112.266666754294,104857.6,1048576.0,2097152,540727.3713333863,1752273.2380001405,1860.9749794624115,6030.648393216457,0.8355489912033751
main,late,500,200,1,1,slow,500,0.5,same_voltage_gated,True,1.0,150.18300000042836,281.5046666671042,10.046854166877324,148.13600000001134,4.422192891443161,7.217588025007357,290.5613333337715,500,131072,0.51171875,0.51171875,0.48828125,225.02533332042003,0.0,2097152,200,300,0.20763380920797259,0.6989999998986605,0.7076338092079726,8.008666666453792,7.2362164151632795,48935,97.87000000000626,0.33683077812553175,70955.75,262144.0,32768.0,35157.921333386344,58112.266666754294,104857.6,1048576.0,2097152,401025.67133338633,1612571.5380001406,1380.1756301576545,5549.8490439117,0.7689340295792296
main,late,500,200,1,1,slow,500,0.5,lower_voltage_always_on,False,0.8,150.18300000042836,281.5046666671042,10.046854166877324,148.13600000001134,4.422192891443161,7.217588025007357,290.5613333337715,500,131072,0.51171875,0.51171875,0.48828125,225.02533332042003,0.0,2097152,200,300,0.20763380920797259,0.6989999998986605,0.7076338092079726,8.008666666453792,7.2362164151632795,145281,290.5613333337715,1.0,134820.768,167772.16000000003,20971.520000000004,35157.921333386344,58112.266666754294,104857.6,1048576.0,2097152,358722.3693333864,1570268.2360001407,1234.5839868559437,5404.25740060999,0.7487622432709411
main,late,500,200,1,1,slow,500,0.5,lower_voltage_gated,True,0.8,150.18300000042836,281.5046666671042,10.046854166877324,148.13600000001134,4.422192891443161,7.217588025007357,290.5613333337715,500,131072,0.51171875,0.51171875,0.48828125,225.02533332042003,0.0,2097152,200,300,0.20763380920797259,0.6989999998986605,0.7076338092079726,8.008666666453792,7.2362164151632795,48935,97.87000000000626,0.33683077812553175,45411.68000000001,167772.16000000003,20971.520000000004,35157.921333386344,58112.266666754294,104857.6,1048576.0,2097152,269313.2813333864,1480859.1480001407,926.872403300899,5096.5458170549455,0.706128667831488
main,late,500,250,1,1,fast,1000,0,same_voltage_always_on,False,1.0,150.18300000042836,281.5046666671042,10.046854166877324,148.13600000001134,4.422192891443161,7.217588025007357,290.5613333337715,500,131072,0.51171875,0.51171875,0.48828125,225.02533332042003,0.0,2097152,1,1,0.0003335773278757559,0.0006666666631645057,0.0003335773278757559,8.008666666453792,7.2362164151632795,290562,290.5613333337715,1.0,450371.10000000003,262144.0,32768.0,36610.728000055205,58112.266666754294,104857.6,1048576.0,2097152,781893.8280000553,1993439.6946668094,2690.9768723489574,6860.650286103003,0.9505461190542266
main,late,500,250,1,1,fast,1000,0,same_voltage_gated,True,1.0,150.18300000042836,281.5046666671042,10.046854166877324,148.13600000001134,4.422192891443161,7.217588025007357,290.5613333337715,500,131072,0.51171875,0.51171875,0.48828125,225.02533332042003,0.0,2097152,1,1,0.0003335773278757559,0.0006666666631645057,0.0003335773278757559,8.008666666453792,7.2362164151632795,32768,32.76800225898842,0.11277482066530649,50790.4,262144.0,32768.0,36610.728000055205,58112.266666754294,104857.6,1048576.0,2097152,382313.1280000552,1593858.9946668094,1315.7742759973066,5485.447689751353,0.7600111935934112
main,late,500,250,1,1,slow,500,0.5,same_voltage_always_on,False,1.0,150.18300000042836,281.5046666671042,10.046854166877324,148.13600000001134,4.422192891443161,7.217588025007357,290.5613333337715,500,131072,0.51171875,0.51171875,0.48828125,225.02533332042003,0.0,2097152,250,250,0.00448439519819388,0.49899999989793287,0.5044843951981939,8.008666666453792,7.2362164151632795,145281,290.5613333337715,1.0,225185.55000000002,262144.0,32768.0,36610.728000055205,58112.266666754294,104857.6,1048576.0,2097152,556708.2780000552,1768254.1446668096,1915.9750941828086,6085.648507936855,0.843169281323819
main,late,500,250,1,1,slow,500,0.5,same_voltage_gated,True,1.0,150.18300000042836,281.5046666671042,10.046854166877324,148.13600000001134,4.422192891443161,7.217588025007357,290.5613333337715,500,131072,0.51171875,0.51171875,0.48828125,225.02533332042003,0.0,2097152,250,250,0.00448439519819388,0.49899999989793287,0.5044843951981939,8.008666666453792,7.2362164151632795,40985,81.97000000000844,0.2821091129350252,63526.75,262144.0,32768.0,36610.728000055205,58112.266666754294,104857.6,1048576.0,2097152,395049.4780000552,1606595.3446668093,1359.6078785412815,5529.281292295327,0.7660843585332915
main,late,500,250,1,1,slow,500,0.5,lower_voltage_always_on,False,0.8,150.18300000042836,281.5046666671042,10.046854166877324,148.13600000001134,4.422192891443161,7.217588025007357,290.5613333337715,500,131072,0.51171875,0.51171875,0.48828125,225.02533332042003,0.0,2097152,250,250,0.00448439519819388,0.49899999989793287,0.5044843951981939,8.008666666453792,7.2362164151632795,145281,290.5613333337715,1.0,144118.75200000004,167772.16000000003,20971.520000000004,36610.728000055205,58112.266666754294,104857.6,1048576.0,2097152,369473.1600000553,1581019.0266668096,1271.5840602769977,5441.257474031044,0.7538886197408722
main,late,500,250,1,1,slow,500,0.5,lower_voltage_gated,True,0.8,150.18300000042836,281.5046666671042,10.046854166877324,148.13600000001134,4.422192891443161,7.217588025007357,290.5613333337715,500,131072,0.51171875,0.51171875,0.48828125,225.02533332042003,0.0,2097152,250,250,0.00448439519819388,0.49899999989793287,0.5044843951981939,8.008666666453792,7.2362164151632795,40985,81.97000000000844,0.2821091129350252,40657.12000000001,167772.16000000003,20971.520000000004,36610.728000055205,58112.266666754294,104857.6,1048576.0,2097152,266011.52800005523,1477557.3946668096,915.5090422664204,5085.182456020467,0.7045542691549347
main,late,500,500,1,1,fast,1000,0,same_voltage_always_on,False,1.0,150.18300000042836,281.5046666671042,10.046854166877324,148.13600000001134,4.422192891443161,7.217588025007357,290.5613333337715,500,131072,0.51171875,0.51171875,0.48828125,225.02533332042003,0.0,2097152,1,1,0.0003335773278757559,0.0006666666631645057,0.0003335773278757559,8.008666666453792,7.2362164151632795,290562,290.5613333337715,1.0,595652.1,262144.0,32768.0,43874.761333399496,58112.266666754294,104857.6,1048576.0,2097152,934438.8613333994,2145984.728000154,3215.9780195529243,7385.651433306971,1.0232852592468995
main,late,500,500,1,1,fast,1000,0,same_voltage_gated,True,1.0,150.18300000042836,281.5046666671042,10.046854166877324,148.13600000001134,4.422192891443161,7.217588025007357,290.5613333337715,500,131072,0.51171875,0.51171875,0.48828125,225.02533332042003,0.0,2097152,1,1,0.0003335773278757559,0.0006666666631645057,0.0003335773278757559,8.008666666453792,7.2362164151632795,32768,32.76800225898842,0.11277482066530649,67174.4,262144.0,32768.0,43874.761333399496,58112.266666754294,104857.6,1048576.0,2097152,405961.16133339953,1617507.0280001538,1397.1616824426767,5566.8350961967235,0.7712874546051759
main,late,500,500,1,1,slow,500,0.5,same_voltage_always_on,False,1.0,150.18300000042836,281.5046666671042,10.046854166877324,148.13600000001134,4.422192891443161,7.217588025007357,290.5613333337715,500,131072,0.51171875,0.51171875,0.48828125,225.02533332042003,0.0,2097152,250,250,0.00448439519819388,0.49899999989793287,0.5044843951981939,8.008666666453792,7.2362164151632795,145281,290.5613333337715,1.0,297826.05,262144.0,32768.0,43874.761333399496,58112.266666754294,104857.6,1048576.0,2097152,636612.8113333995,1848158.6780001537,2190.975667784792,6360.649081538838,0.8812707319260377
main,late,500,500,1,1,slow,500,0.5,same_voltage_gated,True,1.0,150.18300000042836,281.5046666671042,10.046854166877324,148.13600000001134,4.422192891443161,7.217588025007357,290.5613333337715,500,131072,0.51171875,0.51171875,0.48828125,225.02533332042003,0.0,2097152,250,250,0.00448439519819388,0.49899999989793287,0.5044843951981939,8.008666666453792,7.2362164151632795,40985,81.97000000000844,0.2821091129350252,84019.24999999999,262144.0,32768.0,43874.761333399496,58112.266666754294,104857.6,1048576.0,2097152,422806.0113333995,1634351.8780001537,1455.1351567750307,5624.808570529077,0.7793197050095337
main,late,500,500,1,1,slow,500,0.5,lower_voltage_always_on,False,0.8,150.18300000042836,281.5046666671042,10.046854166877324,148.13600000001134,4.422192891443161,7.217588025007357,290.5613333337715,500,131072,0.51171875,0.51171875,0.48828125,225.02533332042003,0.0,2097152,250,250,0.00448439519819388,0.49899999989793287,0.5044843951981939,8.008666666453792,7.2362164151632795,145281,290.5613333337715,1.0,190608.67200000002,167772.16000000003,20971.520000000004,43874.761333399496,58112.266666754294,104857.6,1048576.0,2097152,423227.1133333996,1634772.9800001539,1456.5844273822672,5626.257841136314,0.7795205020905275
main,late,500,500,1,1,slow,500,0.5,lower_voltage_gated,True,0.8,150.18300000042836,281.5046666671042,10.046854166877324,148.13600000001134,4.422192891443161,7.217588025007357,290.5613333337715,500,131072,0.51171875,0.51171875,0.48828125,225.02533332042003,0.0,2097152,250,250,0.00448439519819388,0.49899999989793287,0.5044843951981939,8.008666666453792,7.2362164151632795,40985,81.97000000000844,0.2821091129350252,53772.32,167772.16000000003,20971.520000000004,43874.761333399496,58112.266666754294,104857.6,1048576.0,2097152,286390.76133339957,1497936.6280001537,985.6465003360199,5155.319914090066,0.7142718448639649
main,mixed,100,1,1,1,fast,1000,0,same_voltage_always_on,False,1.0,341.9956666669809,643.4616666667716,20.36398958338873,326.36016666672026,1.9694859822606159,3.2488312852505232,645.5096666671889,100,1081344,0.5,0.5,0.0,579.9736666538374,0.0,2097152,1,1,0.00033231589823345953,0.00033333333340124227,0.00033231589823345953,9.25899999993635,3.2498264405434987,645510,645.5096666671889,1.0,679076.52,262144.0,32768.0,65261.02730005279,129101.93333343777,104857.6,524288.0,1048576,1039249.5473000528,1797497.0806334908,1609.9674427274965,2784.616828302654,0.8571133998076872
main,mixed,100,1,1,1,fast,1000,0,same_voltage_gated,True,1.0,341.9956666669809,643.4616666667716,20.36398958338873,326.36016666672026,1.9694859822606159,3.2488312852505232,645.5096666671889,100,1081344,0.5,0.5,0.0,579.9736666538374,0.0,2097152,1,1,0.00033231589823345953,0.00033333333340124227,0.00033231589823345953,9.25899999993635,3.2498264405434987,32768,32.76800000667572,0.05076298884238121,34471.936,262144.0,32768.0,65261.02730005279,129101.93333343777,104857.6,524288.0,1048576,394644.9633000528,1152892.4966334905,611.3695637396603,1786.0189493148173,0.5497419818084195
main,mixed,100,1,1,1,slow,500,0.5,same_voltage_always_on,False,1.0,8448.002,15872.002,559.9531875,7941.129333333333,49.9243240356445,0.1279999843750019,16384.002,100,1064960,0.5,0.5,0.0,16318.465999986649,0.0,2097152,1,99,49.245139139810576,49.49799999999959,49.745139139810576,56.76666666667006,0.128,8192001,16384.002,1.0,8617985.052000001,262144.0,32768.0,1656422.6021999998,3276800.4,104857.6,524288.0,1048576,10569319.6542,14475265.6542,645.0999978027347,883.4999931152353,6.902344538784027
main,mixed,100,1,1,1,slow,500,0.5,same_voltage_gated,True,1.0,8448.002,15872.002,559.9531875,7941.129333333333,49.9243240356445,0.1279999843750019,16384.002,100,1064960,0.5,0.5,0.0,16318.465999986649,0.0,2097152,1,99,49.245139139810576,49.49799999999959,49.745139139810576,56.76666666667006,0.128,8192000,16384.0,0.9999998779297024,8617984.0,262144.0,32768.0,1656422.6021999998,3276800.4,104857.6,524288.0,1048576,10569318.6022,14475264.6022,645.099933593758,883.4999289062587,6.9023440371513365
main,mixed,100,1,1,1,slow,500,0.5,lower_voltage_always_on,False,0.8,8448.002,15872.002,559.9531875,7941.129333333333,49.9243240356445,0.1279999843750019,16384.002,100,1064960,0.5,0.5,0.0,16318.465999986649,0.0,2097152,1,99,49.245139139810576,49.49799999999959,49.745139139810576,56.76666666667006,0.128,8192001,16384.002,1.0,5515510.433280001,167772.16000000003,20971.520000000004,1656422.6021999998,3276800.4,104857.6,524288.0,1048576,7360676.715480001,11266622.71548,449.2599985937502,687.6599939062507,5.372344358196258
main,mixed,100,1,1,1,slow,500,0.5,lower_voltage_gated,True,0.8,8448.002,15872.002,559.9531875,7941.129333333333,49.9243240356445,0.1279999843750019,16384.002,100,1064960,0.5,0.5,0.0,16318.465999986649,0.0,2097152,1,99,49.245139139810576,49.49799999999959,49.745139139810576,56.76666666667006,0.128,8192000,16384.0,0.9999998779297024,5515509.760000001,167772.16000000003,20971.520000000004,1656422.6021999998,3276800.4,104857.6,524288.0,1048576,7360676.0422,11266622.0422,449.25995750000516,687.6599528125057,5.372344037151336
main,mixed,100,4,1,1,fast,1000,0,same_voltage_always_on,False,1.0,341.9956666669809,643.4616666667716,20.36398958338873,326.36016666672026,1.9694859822606159,3.2488312852505232,645.5096666671889,100,1081344,0.5,0.5,0.0,579.9736666538374,0.0,2097152,1,1,0.00033231589823345953,0.00033333333340124227,0.00033231589823345953,9.25899999993635,3.2498264405434987,645510,645.5096666671889,1.0,682949.5800000001,262144.0,32768.0,65454.68020005296,129101.93333343777,104857.6,524288.0,1048576,1043316.260200053,1801563.793533491,1616.2674458258186,2790.916831400976,0.8590525596301513
main,mixed,100,4,1,1,fast,1000,0,same_voltage_gated,True,1.0,341.9956666669809,643.4616666667716,20.36398958338873,326.36016666672026,1.9694859822606159,3.2488312852505232,645.5096666671889,100,1081344,0.5,0.5,0.0,579.9736666538374,0.0,2097152,1,1,0.00033231589823345953,0.00033333333340124227,0.00033231589823345953,9.25899999993635,3.2498264405434987,32768,32.76800000667572,0.05076298884238121,34668.544,262144.0,32768.0,65454.68020005296,129101.93333343777,104857.6,524288.0,1048576,395035.22420005297,1153282.7575334907,611.9741416726525,1786.6235272478093,0.5499280727069333
main,mixed,100,4,1,1,slow,500,0.5,same_voltage_always_on,False,1.0,2112.0080000000016,3968.0080000000016,139.63106250000124,1989.1293333333342,12.481553649902317,0.511999000001953,4096.008000000002,100,1064960,0.5,0.5,0.0,4030.47199998665,0.0,2097152,4,96,11.262798441566197,11.997999999999593,11.762798441566197,21.264666666669655,0.512,2048004,4096.008000000002,1.0,2166788.2320000003,262144.0,32768.0,415335.2112000002,819201.6000000003,104857.6,524288.0,1048576,2877035.4432000006,4325382.643200001,702.3998593752746,1055.9995593758604,2.0625031677246097
main,mixed,100,4,1,1,slow,500,0.5,same_voltage_gated,True,1.0,2112.0080000000016,3968.0080000000016,139.63106250000124,1989.1293333333342,12.481553649902317,0.511999000001953,4096.008000000002,100,1064960,0.5,0.5,0.0,4030.47199998665,0.0,2097152,4,96,11.262798441566197,11.997999999999593,11.762798441566197,21.264666666669655,0.512,2048003,4096.006000000001,0.9999995117197036,2166787.174,262144.0,32768.0,415335.2112000002,819201.6000000003,104857.6,524288.0,1048576,2877034.3852000004,4325381.585200001,702.3996010749977,1055.9993010755836,2.0625026632308963
main,mixed,100,4,1,1,slow,500,0.5,lower_voltage_always_on,False,0.8,2112.0080000000016,3968.0080000000016,139.63106250000124,1989.1293333333342,12.481553649902317,0.511999000001953,4096.008000000002,100,1064960,0.5,0.5,0.0,4030.47199998665,0.0,2097152,4,96,11.262798441566197,11.997999999999593,11.762798441566197,21.264666666669655,0.512,2048004,4096.008000000002,1.0,1386744.4684800005,167772.16000000003,20971.520000000004,415335.2112000002,819201.6000000003,104857.6,524288.0,1048576,1990823.3596800007,3439170.5596800013,486.0399100001758,839.6396100007618,1.6399243162536628
main,mixed,100,4,1,1,slow,500,0.5,lower_voltage_gated,True,0.8,2112.0080000000016,3968.0080000000016,139.63106250000124,1989.1293333333342,12.481553649902317,0.511999000001953,4096.008000000002,100,1064960,0.5,0.5,0.0,4030.47199998665,0.0,2097152,4,96,11.262798441566197,11.997999999999593,11.762798441566197,21.264666666669655,0.512,2048003,4096.006000000001,0.9999995117197036,1386743.7913600004,167772.16000000003,20971.520000000004,415335.2112000002,819201.6000000003,104857.6,524288.0,1048576,1990822.6825600006,3439169.882560001,486.0397446879986,839.6394446885846,1.6399239933776861
main,mixed,100,16,1,1,fast,1000,0,same_voltage_always_on,False,1.0,341.9956666669809,643.4616666667716,20.36398958338873,326.36016666672026,1.9694859822606159,3.2488312852505232,645.5096666671889,100,1081344,0.5,0.5,0.0,579.9736666538374,0.0,2097152,1,1,0.00033231589823345953,0.00033333333340124227,0.00033231589823345953,9.25899999993635,3.2498264405434987,645510,645.5096666671889,1.0,698441.8200000001,262144.0,32768.0,66229.29180005357,129101.93333343777,104857.6,524288.0,1048576,1059583.1118000536,1817830.6451334916,1641.4674582191071,2816.1168437942642,0.8668091989200075
main,mixed,100,16,1,1,fast,1000,0,same_voltage_gated,True,1.0,341.9956666669809,643.4616666667716,20.36398958338873,326.36016666672026,1.9694859822606159,3.2488312852505232,645.5096666671889,100,1081344,0.5,0.5,0.0,579.9736666538374,0.0,2097152,1,1,0.00033231589823345953,0.00033333333340124227,0.00033231589823345953,9.25899999993635,3.2498264405434987,32768,32.76800000667572,0.05076298884238121,35454.976,262144.0,32768.0,66229.29180005357,129101.93333343777,104857.6,524288.0,1048576,396596.2678000536,1154843.8011334913,614.3924534046215,1789.0418389797785,0.5506724363009888
main,mixed,100,16,1,1,slow,500,0.5,same_voltage_always_on,False,1.0,742.156000000005,1394.6760000000068,47.495687500001395,702.2173333333367,4.349303161621079,1.4699567386007686,1426.6760000000068,100,1081344,0.5,0.5,0.0,1361.1399999866553,0.0,2097152,16,84,2.3454571329681912,2.973999999994703,2.8454571329681912,12.264666666666017,1.470472087596475,713338,1426.6760000000068,1.0,771831.716,262144.0,32768.0,146376.9576000007,285335.20000000135,104857.6,524288.0,1048576,1213120.6736000008,2127601.473600002,850.3126663657306,1491.299687945961,1.014519440460206
main,mixed,100,16,1,1,slow,500,0.5,same_voltage_gated,True,1.0,742.156000000005,1394.6760000000068,47.495687500001395,702.2173333333367,4.349303161621079,1.4699567386007686,1426.6760000000068,100,1081344,0.5,0.5,0.0,1361.1399999866553,0.0,2097152,16,84,2.3454571329681912,2.973999999994703,2.8454571329681912,12.264666666666017,1.470472087596475,513209,1026.4180000000088,0.7194471624952014,555292.138,262144.0,32768.0,146376.9576000007,285335.20000000135,104857.6,524288.0,1048576,996581.0956000007,1911061.8956000023,698.5335812756337,1339.5206028558644,0.9112653234481822
main,mixed,100,16,1,1,slow,500,0.5,lower_voltage_always_on,False,0.8,742.156000000005,1394.6760000000068,47.495687500001395,702.2173333333367,4.349303161621079,1.4699567386007686,1426.6760000000068,100,1081344,0.5,0.5,0.0,1361.1399999866553,0.0,2097152,16,84,2.3454571329681912,2.973999999994703,2.8454571329681912,12.264666666666017,1.470472087596475,713338,1426.6760000000068,1.0,493972.2982400001,167772.16000000003,20971.520000000004,146376.9576000007,285335.20000000135,104857.6,524288.0,1048576,829092.9358400007,1743573.735840002,581.1361064740676,1222.1231280542981,0.8314007453155527
main,mixed,100,16,1,1,slow,500,0.5,lower_voltage_gated,True,0.8,742.156000000005,1394.6760000000068,47.495687500001395,702.2173333333367,4.349303161621079,1.4699567386007686,1426.6760000000068,100,1081344,0.5,0.5,0.0,1361.1399999866553,0.0,2097152,16,84,2.3454571329681912,2.973999999994703,2.8454571329681912,12.264666666666017,1.470472087596475,513209,1026.4180000000088,0.7194471624952014,355386.9683200001,167772.16000000003,20971.520000000004,146376.9576000007,285335.20000000135,104857.6,524288.0,1048576,690507.6059200008,1604988.4059200021,483.99749201640566,1124.9845135966361,0.7653181104278575
main,mixed,100,64,1,1,fast,1000,0,same_voltage_always_on,False,1.0,341.9956666669809,643.4616666667716,20.36398958338873,326.36016666672026,1.9694859822606159,3.2488312852505232,645.5096666671889,100,1081344,0.5,0.5,0.0,579.9736666538374,0.0,2097152,1,1,0.00033231589823345953,0.00033333333340124227,0.00033231589823345953,9.25899999993635,3.2498264405434987,645510,645.5096666671889,1.0,760410.7800000001,262144.0,32768.0,69327.73820005609,129101.93333343777,104857.6,524288.0,1048576,1124650.5182000564,1882898.0515334941,1742.267507792261,2916.916893367418,0.8978357560794326
main,mixed,100,64,1,1,fast,1000,0,same_voltage_gated,True,1.0,341.9956666669809,643.4616666667716,20.36398958338873,326.36016666672026,1.9694859822606159,3.2488312852505232,645.5096666671889,100,1081344,0.5,0.5,0.0,579.9736666538374,0.0,2097152,1,1,0.00033231589823345953,0.00033333333340124227,0.00033231589823345953,9.25899999993635,3.2498264405434987,32768,32.76800000667572,0.05076298884238121,38600.704000000005,262144.0,32768.0,69327.73820005609,129101.93333343777,104857.6,524288.0,1048576,402840.4422000561,1161087.9755334938,624.0657003324973,1798.7150859076542,0.5536498906772107
main,mixed,100,64,1,1,slow,500,0.5,same_voltage_always_on,False,1.0,432.2440000000113,812.7240000000129,26.560187499988956,411.24133333333987,2.5032894897461047,2.5552463434723087,820.7240000000129,100,1081344,0.5,0.5,0.0,755.1879999866615,0.0,2097152,64,50,0.2395289103045568,0.47099999997954,0.7395289103045568,10.200666666645702,2.556803995006236,410362,820.7240000000129,1.0,483406.43600000005,262144.0,32768.0,88145.7576000014,164144.80000000258,104857.6,524288.0,1048576,866464.1936000014,1659754.593600004,1055.731517050784,2022.3054200924769,0.7914326637268085
main,mixed,100,64,1,1,slow,500,0.5,same_voltage_gated,True,1.0,432.2440000000113,812.7240000000129,26.560187499988956,411.24133333333987,2.5032894897461047,2.5552463434723087,820.7240000000129,100,1081344,0.5,0.5,0.0,755.1879999866615,0.0,2097152,64,50,0.2395289103045568,0.47099999997954,0.7395289103045568,10.200666666645702,2.556803995006236,132281,264.56200000000536,0.32235197216116646,155827.018,262144.0,32768.0,88145.7576000014,164144.80000000258,104857.6,524288.0,1048576,538884.7756000014,1332175.175600004,656.5968286537167,1623.1707316954091,0.6352306249618549
main,mixed,100,64,1,1,slow,500,0.5,lower_voltage_always_on,False,0.8,432.2440000000113,812.7240000000129,26.560187499988956,411.24133333333987,2.5032894897461047,2.5552463434723087,820.7240000000129,100,1081344,0.5,0.5,0.0,755.1879999866615,0.0,2097152,64,50,0.2395289103045568,0.47099999997954,0.7395289103045568,10.200666666645702,2.556803995006236,410362,820.7240000000129,1.0,309380.1190400001,167772.16000000003,20971.520000000004,88145.7576000014,164144.80000000258,104857.6,524288.0,1048576,586269.5566400015,1379559.9566400042,714.332170912502,1680.9060739541947,0.6578254492950459
main,mixed,100,64,1,1,slow,500,0.5,lower_voltage_gated,True,0.8,432.2440000000113,812.7240000000129,26.560187499988956,411.24133333333987,2.5032894897461047,2.5552463434723087,820.7240000000129,100,1081344,0.5,0.5,0.0,755.1879999866615,0.0,2097152,64,50,0.2395289103045568,0.47099999997954,0.7395289103045568,10.200666666645702,2.556803995006236,132281,264.56200000000536,0.32235197216116646,99729.29152000003,167772.16000000003,20971.520000000004,88145.7576000014,164144.80000000258,104857.6,524288.0,1048576,376618.7291200015,1169909.129120004,458.88597033837874,1425.4598733800713,0.5578561444854755
main,mixed,100,128,1,1,fast,1000,0,same_voltage_always_on,False,1.0,341.9956666669809,643.4616666667716,20.36398958338873,326.36016666672026,1.9694859822606159,3.2488312852505232,645.5096666671889,100,1081344,0.5,0.5,0.0,579.9736666538374,0.0,2097152,1,1,0.00033231589823345953,0.00033333333340124227,0.00033231589823345953,9.25899999993635,3.2498264405434987,645510,645.5096666671889,1.0,843036.06,262144.0,32768.0,73459.00006672609,129101.93333343777,104857.6,524288.0,1048576,1211407.060066726,1969654.593400164,1876.6675738897989,3051.316959464956,0.9392044989586659
main,mixed,100,128,1,1,fast,1000,0,same_voltage_gated,True,1.0,341.9956666669809,643.4616666667716,20.36398958338873,326.36016666672026,1.9694859822606159,3.2488312852505232,645.5096666671889,100,1081344,0.5,0.5,0.0,579.9736666538374,0.0,2097152,1,1,0.00033231589823345953,0.00033333333340124227,0.00033231589823345953,9.25899999993635,3.2498264405434987,32768,32.76800000667572,0.05076298884238121,42795.008,262144.0,32768.0,73459.00006672609,129101.93333343777,104857.6,524288.0,1048576,411166.00806672615,1169413.541400164,636.9633629029984,1811.6127484781553,0.5576198298455066
main,mixed,100,128,1,1,slow,500,0.5,same_voltage_always_on,False,1.0,393.76000000003023,740.4560000000238,23.782000000001176,375.1073333333633,2.274521179199266,2.8129905945347087,745.5240000000376,100,1081344,0.5,0.5,0.0,679.9879999866862,0.0,2097152,100,50,0.00041147866896384944,0.09899999998015119,0.5004114786689638,9.758666666668432,2.8148784468688346,372762,745.5240000000376,1.0,486827.172,262144.0,32768.0,84840.63120000428,149104.80000000753,104857.6,524288.0,1048576,866579.8032000043,1644830.2032000117,1162.3768023564105,2206.273980716823,0.7843161598205622
main,mixed,100,128,1,1,slow,500,0.5,same_voltage_gated,True,1.0,393.76000000003023,740.4560000000238,23.782000000001176,375.1073333333633,2.274521179199266,2.8129905945347087,745.5240000000376,100,1081344,0.5,0.5,0.0,679.9879999866862,0.0,2097152,100,50,0.00041147866896384944,0.09899999998015119,0.5004114786689638,9.758666666668432,2.8148784468688346,92290,184.57999999999083,0.24758424946746385,120530.74,262144.0,32768.0,84840.63120000428,149104.80000000753,104857.6,524288.0,1048576,500283.37120000424,1278533.7712000117,671.0493172587053,1714.9464956191177,0.609652410125738
main,mixed,100,128,1,1,slow,500,0.5,lower_voltage_always_on,False,0.8,393.76000000003023,740.4560000000238,23.782000000001176,375.1073333333633,2.274521179199266,2.8129905945347087,745.5240000000376,100,1081344,0.5,0.5,0.0,679.9879999866862,0.0,2097152,100,50,0.00041147866896384944,0.09899999998015119,0.5004114786689638,9.758666666668432,2.8148784468688346,372762,745.5240000000376,1.0,311569.3900800001,167772.16000000003,20971.520000000004,84840.63120000428,149104.80000000753,104857.6,524288.0,1048576,585153.7012800045,1363404.101280012,784.8891535081029,1828.7863318685154,0.6501217371368465
main,mixed,100,128,1,1,slow,500,0.5,lower_voltage_gated,True,0.8,393.76000000003023,740.4560000000238,23.782000000001176,375.1073333333633,2.274521179199266,2.8129905945347087,745.5240000000376,100,1081344,0.5,0.5,0.0,679.9879999866862,0.0,2097152,100,50,0.00041147866896384944,0.09899999998015119,0.5004114786689638,9.758666666668432,2.8148784468688346,92290,184.57999999999083,0.24758424946746385,77139.67360000002,167772.16000000003,20971.520000000004,84840.63120000428,149104.80000000753,104857.6,524288.0,1048576,350723.9848000044,1128974.3848000118,470.43956304557156,1514.336741405984,0.5383369373321589
main,mixed,100,200,1,1,fast,1000,0,same_voltage_always_on,False,1.0,341.9956666669809,643.4616666667716,20.36398958338873,326.36016666672026,1.9694859822606159,3.2488312852505232,645.5096666671889,100,1081344,0.5,0.5,0.0,579.9736666538374,0.0,2097152,1,1,0.00033231589823345953,0.00033333333340124227,0.00033231589823345953,9.25899999993635,3.2498264405434987,645510,645.5096666671889,1.0,935989.5,262144.0,32768.0,78106.66966672985,129101.93333343777,104857.6,524288.0,1048576,1309008.1696667299,2067255.7030001679,2027.8676482495293,3202.5170338246867,0.9857443346978034
main,mixed,100,200,1,1,fast,1000,0,same_voltage_gated,True,1.0,341.9956666669809,643.4616666667716,20.36398958338873,326.36016666672026,1.9694859822606159,3.2488312852505232,645.5096666671889,100,1081344,0.5,0.5,0.0,579.9736666538374,0.0,2097152,1,1,0.00033231589823345953,0.00033333333340124227,0.00033231589823345953,9.25899999993635,3.2498264405434987,32768,32.76800000667572,0.05076298884238121,47513.6,262144.0,32768.0,78106.66966672985,129101.93333343777,104857.6,524288.0,1048576,420532.26966672984,1178779.8030001675,651.473233294812,1826.1226188699686,0.5620860114098394
main,mixed,100,200,1,1,slow,500,0.5,same_voltage_always_on,False,1.0,393.76000000003023,740.4560000000238,23.782000000001176,375.1073333333633,2.274521179199266,2.8129905945347087,745.5240000000376,100,1081344,0.5,0.5,0.0,679.9879999866862,0.0,2097152,100,50,0.00041147866896384944,0.09899999998015119,0.5004114786689638,9.758666666668432,2.8148784468688346,372762,745.5240000000376,1.0,540504.9,262144.0,32768.0,90208.40400000455,149104.80000000753,104857.6,524288.0,1048576,925625.3040000045,1703875.7040000123,1241.5768023564067,2285.47398071682,0.8124712486267148
main,mixed,100,200,1,1,slow,500,0.5,same_voltage_gated,True,1.0,393.76000000003023,740.4560000000238,23.782000000001176,375.1073333333633,2.274521179199266,2.8129905945347087,745.5240000000376,100,1081344,0.5,0.5,0.0,679.9879999866862,0.0,2097152,100,50,0.00041147866896384944,0.09899999998015119,0.5004114786689638,9.758666666668432,2.8148784468688346,92290,184.57999999999083,0.24758424946746385,133820.5,262144.0,32768.0,90208.40400000455,149104.80000000753,104857.6,524288.0,1048576,518940.9040000045,1297191.304000012,696.0753832203636,1739.9725615807763,0.6185490150451718
main,mixed,100,200,1,1,slow,500,0.5,lower_voltage_always_on,False,0.8,393.76000000003023,740.4560000000238,23.782000000001176,375.1073333333633,2.274521179199266,2.8129905945347087,745.5240000000376,100,1081344,0.5,0.5,0.0,679.9879999866862,0.0,2097152,100,50,0.00041147866896384944,0.09899999998015119,0.5004114786689638,9.758666666668432,2.8148784468688346,372762,745.5240000000376,1.0,345923.13600000006,167772.16000000003,20971.520000000004,90208.40400000455,149104.80000000753,104857.6,524288.0,1048576,624875.2200000046,1403125.6200000122,838.1691535081004,1882.066331868513,0.6690624332428037
main,mixed,100,200,1,1,slow,500,0.5,lower_voltage_gated,True,0.8,393.76000000003023,740.4560000000238,23.782000000001176,375.1073333333633,2.274521179199266,2.8129905945347087,745.5240000000376,100,1081344,0.5,0.5,0.0,679.9879999866862,0.0,2097152,100,50,0.00041147866896384944,0.09899999998015119,0.5004114786689638,9.758666666668432,2.8148784468688346,92290,184.57999999999083,0.24758424946746385,85645.12000000001,167772.16000000003,20971.520000000004,90208.40400000455,149104.80000000753,104857.6,524288.0,1048576,364597.20400000457,1142847.604000012,489.0482452610327,1532.9454236214451,0.544952203750616
main,mixed,100,250,1,1,fast,1000,0,same_voltage_always_on,False,1.0,341.9956666669809,643.4616666667716,20.36398958338873,326.36016666672026,1.9694859822606159,3.2488312852505232,645.5096666671889,100,1081344,0.5,0.5,0.0,579.9736666538374,0.0,2097152,1,1,0.00033231589823345953,0.00033333333340124227,0.00033231589823345953,9.25899999993635,3.2498264405434987,645510,645.5096666671889,1.0,1000540.5,262144.0,32768.0,81334.2180000658,129101.93333343777,104857.6,524288.0,1048576,1376786.7180000658,2135034.2513335035,2132.867699888231,3307.517085463388,1.0180636650722044
main,mixed,100,250,1,1,fast,1000,0,same_voltage_gated,True,1.0,341.9956666669809,643.4616666667716,20.36398958338873,326.36016666672026,1.9694859822606159,3.2488312852505232,645.5096666671889,100,1081344,0.5,0.5,0.0,579.9736666538374,0.0,2097152,1,1,0.00033231589823345953,0.00033333333340124227,0.00033231589823345953,9.25899999993635,3.2498264405434987,32768,32.76800000667572,0.05076298884238121,50790.4,262144.0,32768.0,81334.2180000658,129101.93333343777,104857.6,524288.0,1048576,427036.6180000658,1185284.1513335034,661.549532178016,1836.1989177531727,0.5651875263850705
main,mixed,100,250,1,1,slow,500,0.5,same_voltage_always_on,False,1.0,393.76000000003023,740.4560000000238,23.782000000001176,375.1073333333633,2.274521179199266,2.8129905945347087,745.5240000000376,100,1081344,0.5,0.5,0.0,679.9879999866862,0.0,2097152,100,50,0.00041147866896384944,0.09899999998015119,0.5004114786689638,9.758666666668432,2.8148784468688346,372762,745.5240000000376,1.0,577781.1,262144.0,32768.0,93936.02400000475,149104.80000000753,104857.6,524288.0,1048576,966629.1240000047,1744879.5240000123,1296.5768023564042,2340.473980716817,0.8320233936309873
main,mixed,100,250,1,1,slow,500,0.5,same_voltage_gated,True,1.0,393.76000000003023,740.4560000000238,23.782000000001176,375.1073333333633,2.274521179199266,2.8129905945347087,745.5240000000376,100,1081344,0.5,0.5,0.0,679.9879999866862,0.0,2097152,100,50,0.00041147866896384944,0.09899999998015119,0.5004114786689638,9.758666666668432,2.8148784468688346,92290,184.57999999999083,0.24758424946746385,143049.5,262144.0,32768.0,93936.02400000475,149104.80000000753,104857.6,524288.0,1048576,531897.5240000047,1310147.9240000122,713.4545956937375,1757.35177405415,0.6247272129058896
main,mixed,100,250,1,1,slow,500,0.5,lower_voltage_always_on,False,0.8,393.76000000003023,740.4560000000238,23.782000000001176,375.1073333333633,2.274521179199266,2.8129905945347087,745.5240000000376,100,1081344,0.5,0.5,0.0,679.9879999866862,0.0,2097152,100,50,0.00041147866896384944,0.09899999998015119,0.5004114786689638,9.758666666668432,2.8148784468688346,372762,745.5240000000376,1.0,369779.90400000004,167772.16000000003,20971.520000000004,93936.02400000475,149104.80000000753,104857.6,524288.0,1048576,652459.6080000048,1430710.0080000123,875.1691535080988,1919.0663318685113,0.6822156944274961
main,mixed,100,250,1,1,slow,500,0.5,lower_voltage_gated,True,0.8,393.76000000003023,740.4560000000238,23.782000000001176,375.1073333333633,2.274521179199266,2.8129905945347087,745.5240000000376,100,1081344,0.5,0.5,0.0,679.9879999866862,0.0,2097152,100,50,0.00041147866896384944,0.09899999998015119,0.5004114786689638,9.758666666668432,2.8148784468688346,92290,184.57999999999083,0.24758424946746385,91551.68000000002,167772.16000000003,20971.520000000004,93936.02400000475,149104.80000000753,104857.6,524288.0,1048576,374231.3840000048,1152481.7840000123,501.970941243992,1545.8681196044047,0.5495461387634336
main,mixed,100,500,1,1,fast,1000,0,same_voltage_always_on,False,1.0,341.9956666669809,643.4616666667716,20.36398958338873,326.36016666672026,1.9694859822606159,3.2488312852505232,645.5096666671889,100,1081344,0.5,0.5,0.0,579.9736666538374,0.0,2097152,1,1,0.00033231589823345953,0.00033333333340124227,0.00033231589823345953,9.25899999993635,3.2498264405434987,645510,645.5096666671889,1.0,1323295.5,262144.0,32768.0,97471.95966674552,129101.93333343777,104857.6,524288.0,1048576,1715679.4596667455,2473926.9930001833,2657.8679580817393,3832.517343656896,1.1796603169442097
main,mixed,100,500,1,1,fast,1000,0,same_voltage_gated,True,1.0,341.9956666669809,643.4616666667716,20.36398958338873,326.36016666672026,1.9694859822606159,3.2488312852505232,645.5096666671889,100,1081344,0.5,0.5,0.0,579.9736666538374,0.0,2097152,1,1,0.00033231589823345953,0.00033333333340124227,0.00033231589823345953,9.25899999993635,3.2498264405434987,32768,32.76800000667572,0.05076298884238121,67174.4,262144.0,32768.0,97471.95966674552,129101.93333343777,104857.6,524288.0,1048576,459558.3596667455,1217805.8930001832,711.9310265940356,1886.5804121691924,0.5806951012612263
main,mixed,100,500,1,1,slow,500,0.5,same_voltage_always_on,False,1.0,393.76000000003023,740.4560000000238,23.782000000001176,375.1073333333633,2.274521179199266,2.8129905945347087,745.5240000000376,100,1081344,0.5,0.5,0.0,679.9879999866862,0.0,2097152,100,50,0.00041147866896384944,0.09899999998015119,0.5004114786689638,9.758666666668432,2.8148784468688346,372762,745.5240000000376,1.0,764162.1,262144.0,32768.0,112574.12400000569,149104.80000000753,104857.6,524288.0,1048576,1171648.2240000057,1949898.6240000133,1571.5768023563917,2615.4739807168044,0.9297841186523501
main,mixed,100,500,1,1,slow,500,0.5,same_voltage_gated,True,1.0,393.76000000003023,740.4560000000238,23.782000000001176,375.1073333333633,2.274521179199266,2.8129905945347087,745.5240000000376,100,1081344,0.5,0.5,0.0,679.9879999866862,0.0,2097152,100,50,0.00041147866896384944,0.09899999998015119,0.5004114786689638,9.758666666668432,2.8148784468688346,92290,184.57999999999083,0.24758424946746385,189194.49999999997,262144.0,32768.0,112574.12400000569,149104.80000000753,104857.6,524288.0,1048576,596680.6240000057,1374931.0240000132,800.3506580606064,1844.2478364210192,0.655618202209479
main,mixed,100,500,1,1,slow,500,0.5,lower_voltage_always_on,False,0.8,393.76000000003023,740.4560000000238,23.782000000001176,375.1073333333633,2.274521179199266,2.8129905945347087,745.5240000000376,100,1081344,0.5,0.5,0.0,679.9879999866862,0.0,2097152,100,50,0.00041147866896384944,0.09899999998015119,0.5004114786689638,9.758666666668432,2.8148784468688346,372762,745.5240000000376,1.0,489063.74400000006,167772.16000000003,20971.520000000004,112574.12400000569,149104.80000000753,104857.6,524288.0,1048576,790381.5480000058,1568631.9480000134,1060.1691535080909,2104.0663318685033,0.7479820003509585
main,mixed,100,500,1,1,slow,500,0.5,lower_voltage_gated,True,0.8,393.76000000003023,740.4560000000238,23.782000000001176,375.1073333333633,2.274521179199266,2.8129905945347087,745.5240000000376,100,1081344,0.5,0.5,0.0,679.9879999866862,0.0,2097152,100,50,0.00041147866896384944,0.09899999998015119,0.5004114786689638,9.758666666668432,2.8148784468688346,92290,184.57999999999083,0.24758424946746385,121084.48000000001,167772.16000000003,20971.520000000004,112574.12400000569,149104.80000000753,104857.6,524288.0,1048576,422402.2840000057,1200652.6840000132,566.5844211587881,1610.4815995192007,0.5725158138275209
main,mixed,251,1,1,1,fast,1000,0,same_voltage_always_on,False,1.0,332.0296666669808,624.4356666667736,20.061989583448394,316.84716666672034,4.795937357588065,3.3474966891899474,626.4836666671908,251,1081344,0.5,0.5,0.0,560.9476666538394,0.0,2097152,1,1,0.00033077984894402945,0.00033333333340124227,0.00033077984894402945,9.258999999998196,3.350168694407503,626484,626.4836666671908,1.0,659061.1680000001,262144.0,32768.0,63337.498700052995,125296.73333343817,104857.6,524288.0,1048576,1017310.666700053,1771753.0000334913,1623.8422816543796,2828.091288411364,0.8448376655738312
main,mixed,251,1,1,1,fast,1000,0,same_voltage_gated,True,1.0,332.0296666669808,624.4356666667736,20.061989583448394,316.84716666672034,4.795937357588065,3.3474966891899474,626.4836666671908,251,1081344,0.5,0.5,0.0,560.9476666538394,0.0,2097152,1,1,0.00033077984894402945,0.00033333333340124227,0.00033077984894402945,9.258999999998196,3.350168694407503,32768,32.76800000667572,0.052304635779248786,34471.936,262144.0,32768.0,63337.498700052995,125296.73333343817,104857.6,524288.0,1048576,392721.43470005295,1147163.768033491,626.8661987458961,1831.1152055028801,0.5470103111426787
main,mixed,251,1,1,1,slow,500,0.5,same_voltage_always_on,False,1.0,8448.002,15872.002,629.710479166665,7941.129333333333,125.02031332397442,0.1279999843750019,16384.002,251,1064960,0.5,0.5,0.0,16318.465999986649,0.0,2097152,1,250,124.3411284281405,124.99799999999959,124.8411284281405,127.98999999999796,0.128,8192001,16384.002,1.0,8617985.052000001,262144.0,32768.0,1656422.6021999998,3276800.4,104857.6,524288.0,1048576,10569319.6542,14475265.6542,645.0999978027347,883.4999931152353,6.902344538784027
main,mixed,251,1,1,1,slow,500,0.5,same_voltage_gated,True,1.0,8448.002,15872.002,629.710479166665,7941.129333333333,125.02031332397442,0.1279999843750019,16384.002,251,1064960,0.5,0.5,0.0,16318.465999986649,0.0,2097152,1,250,124.3411284281405,124.99799999999959,124.8411284281405,127.98999999999796,0.128,8192000,16384.0,0.9999998779297024,8617984.0,262144.0,32768.0,1656422.6021999998,3276800.4,104857.6,524288.0,1048576,10569318.6022,14475264.6022,645.099933593758,883.4999289062587,6.9023440371513365
main,mixed,251,1,1,1,slow,500,0.5,lower_voltage_always_on,False,0.8,8448.002,15872.002,629.710479166665,7941.129333333333,125.02031332397442,0.1279999843750019,16384.002,251,1064960,0.5,0.5,0.0,16318.465999986649,0.0,2097152,1,250,124.3411284281405,124.99799999999959,124.8411284281405,127.98999999999796,0.128,8192001,16384.002,1.0,5515510.433280001,167772.16000000003,20971.520000000004,1656422.6021999998,3276800.4,104857.6,524288.0,1048576,7360676.715480001,11266622.71548,449.2599985937502,687.6599939062507,5.372344358196258
main,mixed,251,1,1,1,slow,500,0.5,lower_voltage_gated,True,0.8,8448.002,15872.002,629.710479166665,7941.129333333333,125.02031332397442,0.1279999843750019,16384.002,251,1064960,0.5,0.5,0.0,16318.465999986649,0.0,2097152,1,250,124.3411284281405,124.99799999999959,124.8411284281405,127.98999999999796,0.128,8192000,16384.0,0.9999998779297024,5515509.760000001,167772.16000000003,20971.520000000004,1656422.6021999998,3276800.4,104857.6,524288.0,1048576,7360676.0422,11266622.0422,449.25995750000516,687.6599528125057,5.372344037151336
main,mixed,251,4,1,1,fast,1000,0,same_voltage_always_on,False,1.0,332.0296666669808,624.4356666667736,20.061989583448394,316.84716666672034,4.795937357588065,3.3474966891899474,626.4836666671908,251,1081344,0.5,0.5,0.0,560.9476666538394,0.0,2097152,1,1,0.00033077984894402945,0.00033333333340124227,0.00033077984894402945,9.258999999998196,3.350168694407503,626484,626.4836666671908,1.0,662820.072,262144.0,32768.0,63525.44380005315,125296.73333343817,104857.6,524288.0,1048576,1021257.5158000533,1775699.8491334915,1630.1422848467964,2834.3912916037807,0.8467196698825319
main,mixed,251,4,1,1,fast,1000,0,same_voltage_gated,True,1.0,332.0296666669808,624.4356666667736,20.061989583448394,316.84716666672034,4.795937357588065,3.3474966891899474,626.4836666671908,251,1081344,0.5,0.5,0.0,560.9476666538394,0.0,2097152,1,1,0.00033077984894402945,0.00033333333340124227,0.00033077984894402945,9.258999999998196,3.350168694407503,32768,32.76800000667572,0.052304635779248786,34668.544,262144.0,32768.0,63525.44380005315,125296.73333343817,104857.6,524288.0,1048576,393105.98780005315,1147548.3211334914,627.4800265605077,1831.729033317492,0.5471936803500611
main,mixed,251,4,1,1,slow,500,0.5,same_voltage_always_on,False,1.0,2112.0080000000016,3968.0080000000016,153.653041666666,1989.1293333333342,31.255825286865047,0.511999000001953,4096.008000000002,251,1064960,0.5,0.5,0.0,4030.47199998665,0.0,2097152,4,247,30.037070078528927,30.995999999999185,30.537070078528927,38.29466666667577,0.512,2048004,4096.008000000002,1.0,2166788.2320000003,262144.0,32768.0,415335.2112000002,819201.6000000003,104857.6,524288.0,1048576,2877035.4432000006,4325382.643200001,702.3998593752746,1055.9995593758604,2.0625031677246097
main,mixed,251,4,1,1,slow,500,0.5,same_voltage_gated,True,1.0,2112.0080000000016,3968.0080000000016,153.653041666666,1989.1293333333342,31.255825286865047,0.511999000001953,4096.008000000002,251,1064960,0.5,0.5,0.0,4030.47199998665,0.0,2097152,4,247,30.037070078528927,30.995999999999185,30.537070078528927,38.29466666667577,0.512,2048003,4096.006000000001,0.9999995117197036,2166787.174,262144.0,32768.0,415335.2112000002,819201.6000000003,104857.6,524288.0,1048576,2877034.3852000004,4325381.585200001,702.3996010749977,1055.9993010755836,2.0625026632308963
main,mixed,251,4,1,1,slow,500,0.5,lower_voltage_always_on,False,0.8,2112.0080000000016,3968.0080000000016,153.653041666666,1989.1293333333342,31.255825286865047,0.511999000001953,4096.008000000002,251,1064960,0.5,0.5,0.0,4030.47199998665,0.0,2097152,4,247,30.037070078528927,30.995999999999185,30.537070078528927,38.29466666667577,0.512,2048004,4096.008000000002,1.0,1386744.4684800005,167772.16000000003,20971.520000000004,415335.2112000002,819201.6000000003,104857.6,524288.0,1048576,1990823.3596800007,3439170.5596800013,486.0399100001758,839.6396100007618,1.6399243162536628
main,mixed,251,4,1,1,slow,500,0.5,lower_voltage_gated,True,0.8,2112.0080000000016,3968.0080000000016,153.653041666666,1989.1293333333342,31.255825286865047,0.511999000001953,4096.008000000002,251,1064960,0.5,0.5,0.0,4030.47199998665,0.0,2097152,4,247,30.037070078528927,30.995999999999185,30.537070078528927,38.29466666667577,0.512,2048003,4096.006000000001,0.9999995117197036,1386743.7913600004,167772.16000000003,20971.520000000004,415335.2112000002,819201.6000000003,104857.6,524288.0,1048576,1990822.6825600006,3439169.882560001,486.0397446879986,839.6394446885846,1.6399239933776861
main,mixed,251,16,1,1,fast,1000,0,same_voltage_always_on,False,1.0,332.0296666669808,624.4356666667736,20.061989583448394,316.84716666672034,4.795937357588065,3.3474966891899474,626.4836666671908,251,1081344,0.5,0.5,0.0,560.9476666538394,0.0,2097152,1,1,0.00033077984894402945,0.00033333333340124227,0.00033077984894402945,9.258999999998196,3.350168694407503,626484,626.4836666671908,1.0,677855.6880000001,262144.0,32768.0,64277.22420005378,125296.73333343817,104857.6,524288.0,1048576,1037044.9122000539,1791487.2455334922,1655.342297616463,2859.591304373447,0.8542476871173345
main,mixed,251,16,1,1,fast,1000,0,same_voltage_gated,True,1.0,332.0296666669808,624.4356666667736,20.061989583448394,316.84716666672034,4.795937357588065,3.3474966891899474,626.4836666671908,251,1081344,0.5,0.5,0.0,560.9476666538394,0.0,2097152,1,1,0.00033077984894402945,0.00033333333340124227,0.00033077984894402945,9.258999999998196,3.350168694407503,32768,32.76800000667572,0.052304635779248786,35454.976,262144.0,32768.0,64277.22420005378,125296.73333343817,104857.6,524288.0,1048576,394644.2002000538,1149086.5335334921,629.9353378189539,1834.1843445759384,0.5479271571795903
main,mixed,251,16,1,1,slow,500,0.5,same_voltage_always_on,False,1.0,588.6800000000021,1105.7800000000025,39.550666666664824,557.7693333333355,8.683629364013507,1.8431964000070273,1137.7800000000025,251,1081344,0.5,0.5,0.0,1072.243999986651,0.0,2097152,16,235,5.397621999077035,7.487999999997555,5.897621999077035,16.77866666666887,1.8440067529544195,568890,1137.7800000000025,1.0,615538.9800000001,262144.0,32768.0,116736.22800000025,227556.0000000005,104857.6,524288.0,1048576,1027187.2080000003,1883888.808000001,902.7994937509872,1655.7584137530953,0.898308185577393
main,mixed,251,16,1,1,slow,500,0.5,same_voltage_gated,True,1.0,588.6800000000021,1105.7800000000025,39.550666666664824,557.7693333333355,8.683629364013507,1.8431964000070273,1137.7800000000025,251,1081344,0.5,0.5,0.0,1072.243999986651,0.0,2097152,16,235,5.397621999077035,7.487999999997555,5.897621999077035,16.77866666666887,1.8440067529544195,513209,1026.4180000000051,0.9021234333526718,555292.138,262144.0,32768.0,116736.22800000025,227556.0000000005,104857.6,524288.0,1048576,966940.3660000003,1823641.966000001,849.8482711947812,1602.8071911968896,0.8695802526474004
main,mixed,251,16,1,1,slow,500,0.5,lower_voltage_always_on,False,0.8,588.6800000000021,1105.7800000000025,39.550666666664824,557.7693333333355,8.683629364013507,1.8431964000070273,1137.7800000000025,251,1081344,0.5,0.5,0.0,1072.243999986651,0.0,2097152,16,235,5.397621999077035,7.487999999997555,5.897621999077035,16.77866666666887,1.8440067529544195,568890,1137.7800000000025,1.0,393944.9472000001,167772.16000000003,20971.520000000004,116736.22800000025,227556.0000000005,104857.6,524288.0,1048576,699424.8552000005,1556126.455200001,614.7276760006318,1367.68659600274,0.7420189167022709
main,mixed,251,16,1,1,slow,500,0.5,lower_voltage_gated,True,0.8,588.6800000000021,1105.7800000000025,39.550666666664824,557.7693333333355,8.683629364013507,1.8431964000070273,1137.7800000000025,251,1081344,0.5,0.5,0.0,1072.243999986651,0.0,2097152,16,235,5.397621999077035,7.487999999997555,5.897621999077035,16.77866666666887,1.8440067529544195,513209,1026.4180000000051,0.9021234333526718,355386.9683200001,167772.16000000003,20971.520000000004,116736.22800000025,227556.0000000005,104857.6,524288.0,1048576,660866.8763200004,1517568.4763200008,580.8388935646601,1333.7978135667681,0.7236330396270756
main,mixed,251,64,1,1,fast,1000,0,same_voltage_always_on,False,1.0,332.0296666669808,624.4356666667736,20.061989583448394,316.84716666672034,4.795937357588065,3.3474966891899474,626.4836666671908,251,1081344,0.5,0.5,0.0,560.9476666538394,0.0,2097152,1,1,0.00033077984894402945,0.00033333333340124227,0.00033077984894402945,9.258999999998196,3.350168694407503,626484,626.4836666671908,1.0,737998.1520000001,262144.0,32768.0,67284.3458000563,125296.73333343817,104857.6,524288.0,1048576,1100194.4978000564,1854636.8311334946,1756.1423486951282,2960.3913554521127,0.8843597560565446
main,mixed,251,64,1,1,fast,1000,0,same_voltage_gated,True,1.0,332.0296666669808,624.4356666667736,20.061989583448394,316.84716666672034,4.795937357588065,3.3474966891899474,626.4836666671908,251,1081344,0.5,0.5,0.0,560.9476666538394,0.0,2097152,1,1,0.00033077984894402945,0.00033333333340124227,0.00033077984894402945,9.258999999998196,3.350168694407503,32768,32.76800000667572,0.052304635779248786,38600.704000000005,262144.0,32768.0,67284.3458000563,125296.73333343817,104857.6,524288.0,1048576,400797.0498000563,1155239.3831334943,639.7565828527389,1844.0055896097228,0.5508610644977066
main,mixed,251,64,1,1,slow,500,0.5,same_voltage_always_on,False,1.0,396.6800000000021,745.7800000000025,24.738166666664824,377.76933333333545,5.7642045593260836,2.782180477062264,753.7800000000025,251,1081344,0.5,0.5,0.0,688.243999986651,0.0,2097152,64,187,1.0030980732909511,1.4879999999975553,1.5030980732909511,11.246666666665988,2.78402718776551,376890,753.7800000000025,1.0,443976.42000000004,262144.0,32768.0,80955.97200000027,150756.0000000005,104857.6,524288.0,1048576,819844.3920000003,1599745.9920000008,1087.644129586879,2122.2982727055582,0.7628183326721195
main,mixed,251,64,1,1,slow,500,0.5,same_voltage_gated,True,1.0,396.6800000000021,745.7800000000025,24.738166666664824,377.76933333333545,5.7642045593260836,2.782180477062264,753.7800000000025,251,1081344,0.5,0.5,0.0,688.243999986651,0.0,2097152,64,187,1.0030980732909511,1.4879999999975553,1.5030980732909511,11.246666666665988,2.78402718776551,132281,264.56200000000536,0.3509803921568687,155827.018,262144.0,32768.0,80955.97200000027,150756.0000000005,104857.6,524288.0,1048576,531694.9900000003,1311596.5900000008,705.3715805672724,1740.0257236859513,0.6254179906845097
main,mixed,251,64,1,1,slow,500,0.5,lower_voltage_always_on,False,0.8,396.6800000000021,745.7800000000025,24.738166666664824,377.76933333333545,5.7642045593260836,2.782180477062264,753.7800000000025,251,1081344,0.5,0.5,0.0,688.243999986651,0.0,2097152,64,187,1.0030980732909511,1.4879999999975553,1.5030980732909511,11.246666666665988,2.78402718776551,376890,753.7800000000025,1.0,284144.9088000001,167772.16000000003,20971.520000000004,80955.97200000027,150756.0000000005,104857.6,524288.0,1048576,553844.5608000004,1333746.160800001,734.7562429356027,1769.4103860542818,0.6359797290802006
main,mixed,251,64,1,1,slow,500,0.5,lower_voltage_gated,True,0.8,396.6800000000021,745.7800000000025,24.738166666664824,377.76933333333545,5.7642045593260836,2.782180477062264,753.7800000000025,251,1081344,0.5,0.5,0.0,688.243999986651,0.0,2097152,64,187,1.0030980732909511,1.4879999999975553,1.5030980732909511,11.246666666665988,2.78402718776551,132281,264.56200000000536,0.3509803921568687,99729.29152000003,167772.16000000003,20971.520000000004,80955.97200000027,150756.0000000005,104857.6,524288.0,1048576,369428.9435200003,1149330.5435200008,490.10181156305435,1524.7559546817333,0.5480435102081302
main,mixed,251,128,1,1,fast,1000,0,same_voltage_always_on,False,1.0,332.0296666669808,624.4356666667736,20.061989583448394,316.84716666672034,4.795937357588065,3.3474966891899474,626.4836666671908,251,1081344,0.5,0.5,0.0,560.9476666538394,0.0,2097152,1,1,0.00033077984894402945,0.00033333333340124227,0.00033077984894402945,9.258999999998196,3.350168694407503,626484,626.4836666671908,1.0,818188.104,262144.0,32768.0,71293.84126672632,125296.73333343817,104857.6,524288.0,1048576,1184393.9452667264,1938836.2786001647,1890.5424168000156,3094.791423557,0.9245091813088249
main,mixed,251,128,1,1,fast,1000,0,same_voltage_gated,True,1.0,332.0296666669808,624.4356666667736,20.061989583448394,316.84716666672034,4.795937357588065,3.3474966891899474,626.4836666671908,251,1081344,0.5,0.5,0.0,560.9476666538394,0.0,2097152,1,1,0.00033077984894402945,0.00033333333340124227,0.00033077984894402945,9.258999999998196,3.350168694407503,32768,32.76800000667572,0.052304635779248786,42795.008,262144.0,32768.0,71293.84126672632,125296.73333343817,104857.6,524288.0,1048576,409000.84926672635,1163443.1826001643,652.8515762311188,1857.1005829881026,0.5547729409218618
main,mixed,251,128,1,1,slow,500,0.5,same_voltage_always_on,False,1.0,364.6800000000021,685.7800000000025,22.269416666664824,347.76933333333545,5.278071258544935,3.040320102061516,689.7800000000025,251,1081344,0.5,0.5,0.0,624.243999986651,0.0,2097152,128,125,0.2990978291439088,0.49399999994784594,0.7990978291439088,10.246666666665988,3.0425255338904416,344890,689.7800000000025,1.0,450426.34,262144.0,32768.0,78496.96400000028,137956.0000000005,104857.6,524288.0,1048576,823835.3040000004,1590936.9040000008,1194.3450143523985,2306.441044970853,0.7586178321838383
main,mixed,251,128,1,1,slow,500,0.5,same_voltage_gated,True,1.0,364.6800000000021,685.7800000000025,22.269416666664824,347.76933333333545,5.278071258544935,3.040320102061516,689.7800000000025,251,1081344,0.5,0.5,0.0,624.243999986651,0.0,2097152,128,125,0.2990978291439088,0.49399999994784594,0.7990978291439088,10.246666666665988,3.0425255338904416,72377,144.75399999999718,0.20985531618776518,94524.36200000001,262144.0,32768.0,78496.96400000028,137956.0000000005,104857.6,524288.0,1048576,467933.3260000003,1235034.926000001,678.380535823014,1790.476566441469,0.5889105443954472
main,mixed,251,128,1,1,slow,500,0.5,lower_voltage_always_on,False,0.8,364.6800000000021,685.7800000000025,22.269416666664824,347.76933333333545,5.278071258544935,3.040320102061516,689.7800000000025,251,1081344,0.5,0.5,0.0,624.243999986651,0.0,2097152,128,125,0.2990978291439088,0.49399999994784594,0.7990978291439088,10.246666666665988,3.0425255338904416,344890,689.7800000000025,1.0,288272.85760000005,167772.16000000003,20971.520000000004,78496.96400000028,137956.0000000005,104857.6,524288.0,1048576,555513.5016000004,1322615.1016000009,805.3488091855352,1917.44483980399,0.6306720264434819
main,mixed,251,128,1,1,slow,500,0.5,lower_voltage_gated,True,0.8,364.6800000000021,685.7800000000025,22.269416666664824,347.76933333333545,5.278071258544935,3.040320102061516,689.7800000000025,251,1081344,0.5,0.5,0.0,624.243999986651,0.0,2097152,128,125,0.2990978291439088,0.49399999994784594,0.7990978291439088,10.246666666665988,3.0425255338904416,72377,144.75399999999718,0.20985531618776518,60495.59168000002,167772.16000000003,20971.520000000004,78496.96400000028,137956.0000000005,104857.6,524288.0,1048576,327736.23568000033,1094837.835680001,475.131542926729,1587.227573545184,0.5220593622589116
main,mixed,251,200,1,1,fast,1000,0,same_voltage_always_on,False,1.0,332.0296666669808,624.4356666667736,20.061989583448394,316.84716666672034,4.795937357588065,3.3474966891899474,626.4836666671908,251,1081344,0.5,0.5,0.0,560.9476666538394,0.0,2097152,1,1,0.00033077984894402945,0.00033333333340124227,0.00033077984894402945,9.258999999998196,3.350168694407503,626484,626.4836666671908,1.0,908401.7999999999,262144.0,32768.0,75804.52366673009,125296.73333343817,104857.6,524288.0,1048576,1279118.32366673,2033560.6570001682,2041.7424934180137,3245.9915001749982,0.96967728471764
main,mixed,251,200,1,1,fast,1000,0,same_voltage_gated,True,1.0,332.0296666669808,624.4356666667736,20.061989583448394,316.84716666672034,4.795937357588065,3.3474966891899474,626.4836666671908,251,1081344,0.5,0.5,0.0,560.9476666538394,0.0,2097152,1,1,0.00033077984894402945,0.00033333333340124227,0.00033077984894402945,9.258999999998196,3.350168694407503,32768,32.76800000667572,0.052304635779248786,47513.6,262144.0,32768.0,75804.52366673009,125296.73333343817,104857.6,524288.0,1048576,418230.12366673007,1172672.457000168,667.5834437817961,1871.83245053878,0.5591738018990364
main,mixed,251,200,1,1,slow,500,0.5,same_voltage_always_on,False,1.0,353.0640000000071,664.0000000000036,21.408416666637777,336.87933333333524,5.102082000732546,3.146288039270927,666.5480000000134,251,1081344,0.5,0.5,0.0,601.011999986662,0.0,2097152,200,125,0.07416667679332023,0.3499999999476131,0.5741666767933202,9.958666666592762,3.148649947150944,333274,666.5480000000134,1.0,483247.3,262144.0,32768.0,80652.30800000162,133309.60000000268,104857.6,524288.0,1048576,858811.6080000016,1621266.8080000044,1288.4467555224596,2432.333167303738,0.7730802574157736
main,mixed,251,200,1,1,slow,500,0.5,same_voltage_gated,True,1.0,353.0640000000071,664.0000000000036,21.408416666637777,336.87933333333524,5.102082000732546,3.146288039270927,666.5480000000134,251,1081344,0.5,0.5,0.0,601.011999986662,0.0,2097152,200,125,0.07416667679332023,0.3499999999476131,0.5741666767933202,9.958666666592762,3.148649947150944,56153,112.3060000000005,0.16848899104040255,81421.84999999999,262144.0,32768.0,80652.30800000162,133309.60000000268,104857.6,524288.0,1048576,456986.15800000157,1219441.3580000042,685.6012740267653,1829.4876858080434,0.5814749517440816
main,mixed,251,200,1,1,slow,500,0.5,lower_voltage_always_on,False,0.8,353.0640000000071,664.0000000000036,21.408416666637777,336.87933333333524,5.102082000732546,3.146288039270927,666.5480000000134,251,1081344,0.5,0.5,0.0,601.011999986662,0.0,2097152,200,125,0.07416667679332023,0.3499999999476131,0.5741666767933202,9.958666666592762,3.148649947150944,333274,666.5480000000134,1.0,309278.27200000006,167772.16000000003,20971.520000000004,80652.30800000162,133309.60000000268,104857.6,524288.0,1048576,578674.2600000018,1341129.4600000044,868.1659235343743,2012.0523353156523,0.6395003604888937
main,mixed,251,200,1,1,slow,500,0.5,lower_voltage_gated,True,0.8,353.0640000000071,664.0000000000036,21.408416666637777,336.87933333333524,5.102082000732546,3.146288039270927,666.5480000000134,251,1081344,0.5,0.5,0.0,601.011999986662,0.0,2097152,200,125,0.07416667679332023,0.3499999999476131,0.5741666767933202,9.958666666592762,3.148649947150944,56153,112.3060000000005,0.16848899104040255,52109.984000000004,167772.16000000003,20971.520000000004,80652.30800000162,133309.60000000268,104857.6,524288.0,1048576,321505.9720000017,1083961.1720000044,482.34481537713,1626.231227158408,0.5168729648590109
main,mixed,251,250,1,1,fast,1000,0,same_voltage_always_on,False,1.0,332.0296666669808,624.4356666667736,20.061989583448394,316.84716666672034,4.795937357588065,3.3474966891899474,626.4836666671908,251,1081344,0.5,0.5,0.0,560.9476666538394,0.0,2097152,1,1,0.00033077984894402945,0.00033333333340124227,0.00033077984894402945,9.258999999998196,3.350168694407503,626484,626.4836666671908,1.0,971050.2000000001,262144.0,32768.0,78936.94200006605,125296.73333343817,104857.6,524288.0,1048576,1344899.1420000661,2099341.4753335044,2146.7425466249574,3350.9915533819417,1.001044023195984
main,mixed,251,250,1,1,fast,1000,0,same_voltage_gated,True,1.0,332.0296666669808,624.4356666667736,20.061989583448394,316.84716666672034,4.795937357588065,3.3474966891899474,626.4836666671908,251,1081344,0.5,0.5,0.0,560.9476666538394,0.0,2097152,1,1,0.00033077984894402945,0.00033333333340124227,0.00033077984894402945,9.258999999998196,3.350168694407503,32768,32.76800000667572,0.052304635779248786,50790.4,262144.0,32768.0,78936.94200006605,125296.73333343817,104857.6,524288.0,1048576,424639.34200006607,1179081.675333504,677.8139073586555,1882.0629141156394,0.5622299553554078
main,mixed,251,250,1,1,slow,500,0.5,same_voltage_always_on,False,1.0,349.06400000021085,656.5000000000036,21.064666666726907,333.12933333348417,5.04154733276631,3.1845089499909793,658.5480000004209,251,1081344,0.5,0.5,0.0,593.0119999870694,0.0,2097152,250,125,0.0016111347844942614,0.2499999999490683,0.5016111347844943,9.7599999999984,3.1869286131102776,329274,658.5480000004209,1.0,510374.7,262144.0,32768.0,82977.04800005304,131709.60000008417,104857.6,524288.0,1048576,888263.748000053,1649118.9480001372,1348.8215710919862,2504.1742560892803,0.7863611927033125
main,mixed,251,250,1,1,slow,500,0.5,same_voltage_gated,True,1.0,349.06400000021085,656.5000000000036,21.064666666726907,333.12933333348417,5.04154733276631,3.1845089499909793,658.5480000004209,251,1081344,0.5,0.5,0.0,593.0119999870694,0.0,2097152,250,125,0.0016111347844942614,0.2499999999490683,0.5016111347844943,9.7599999999984,3.1869286131102776,48953,97.9059999999954,0.1486694971360217,75877.15000000001,262144.0,32768.0,82977.04800005304,131709.60000008417,104857.6,524288.0,1048576,453766.19800005306,1214621.3980001372,689.0404313729039,1844.3931163701977,0.5791766157150923
main,mixed,251,250,1,1,slow,500,0.5,lower_voltage_always_on,False,0.8,349.06400000021085,656.5000000000036,21.064666666726907,333.12933333348417,5.04154733276631,3.1845089499909793,658.5480000004209,251,1081344,0.5,0.5,0.0,593.0119999870694,0.0,2097152,250,125,0.0016111347844942614,0.2499999999490683,0.5016111347844943,9.7599999999984,3.1869286131102776,329274,658.5480000004209,1.0,326639.8080000001,167772.16000000003,20971.520000000004,82977.04800005304,131709.60000008417,104857.6,524288.0,1048576,598360.5360000532,1359215.7360001374,908.6058054988714,2063.9584904961653,0.6481245689392745
main,mixed,251,250,1,1,slow,500,0.5,lower_voltage_gated,True,0.8,349.06400000021085,656.5000000000036,21.064666666726907,333.12933333348417,5.04154733276631,3.1845089499909793,658.5480000004209,251,1081344,0.5,0.5,0.0,593.0119999870694,0.0,2097152,250,125,0.0016111347844942614,0.2499999999490683,0.5016111347844943,9.7599999999984,3.1869286131102776,48953,97.9059999999954,0.1486694971360217,48561.37600000002,167772.16000000003,20971.520000000004,82977.04800005304,131709.60000008417,104857.6,524288.0,1048576,320282.1040000531,1081137.3040001374,486.3458760786585,1641.6985610759525,0.5155264396668136
main,mixed,251,500,1,1,fast,1000,0,same_voltage_always_on,False,1.0,332.0296666669808,624.4356666667736,20.061989583448394,316.84716666672034,4.795937357588065,3.3474966891899474,626.4836666671908,251,1081344,0.5,0.5,0.0,560.9476666538394,0.0,2097152,1,1,0.00033077984894402945,0.00033333333340124227,0.00033077984894402945,9.258999999998196,3.350168694407503,626484,626.4836666671908,1.0,1284292.2,262144.0,32768.0,94599.03366674582,125296.73333343817,104857.6,524288.0,1048576,1673803.2336667457,2428245.567000184,2671.7428126596733,3875.991819416658,1.1578777155877038
main,mixed,251,500,1,1,fast,1000,0,same_voltage_gated,True,1.0,332.0296666669808,624.4356666667736,20.061989583448394,316.84716666672034,4.795937357588065,3.3474966891899474,626.4836666671908,251,1081344,0.5,0.5,0.0,560.9476666538394,0.0,2097152,1,1,0.00033077984894402945,0.00033333333340124227,0.00033077984894402945,9.258999999998196,3.350168694407503,32768,32.76800000667572,0.052304635779248786,67174.4,262144.0,32768.0,94599.03366674582,125296.73333343817,104857.6,524288.0,1048576,456685.43366674584,1211127.767000184,728.9662252429519,1933.215231999936,0.5775107226372642
main,mixed,251,500,1,1,slow,500,0.5,same_voltage_always_on,False,1.0,349.06400000021085,656.5000000000036,21.064666666726907,333.12933333348417,5.04154733276631,3.1845089499909793,658.5480000004209,251,1081344,0.5,0.5,0.0,593.0119999870694,0.0,2097152,250,125,0.0016111347844942614,0.2499999999490683,0.5016111347844943,9.7599999999984,3.1869286131102776,329274,658.5480000004209,1.0,675011.7,262144.0,32768.0,99440.74800006356,131709.60000008417,104857.6,524288.0,1048576,1069364.4480000634,1830219.6480001477,1623.8215710918262,2779.1742560891203,0.8727167358399142
main,mixed,251,500,1,1,slow,500,0.5,same_voltage_gated,True,1.0,349.06400000021085,656.5000000000036,21.064666666726907,333.12933333348417,5.04154733276631,3.1845089499909793,658.5480000004209,251,1081344,0.5,0.5,0.0,593.0119999870694,0.0,2097152,250,125,0.0016111347844942614,0.2499999999490683,0.5016111347844943,9.7599999999984,3.1869286131102776,48953,97.9059999999954,0.1486694971360217,100353.65,262144.0,32768.0,99440.74800006356,131709.60000008417,104857.6,524288.0,1048576,494706.3980000636,1255561.5980001478,751.207805656911,1906.560490654205,0.5986984243393649
main,mixed,251,500,1,1,slow,500,0.5,lower_voltage_always_on,False,0.8,349.06400000021085,656.5000000000036,21.064666666726907,333.12933333348417,5.04154733276631,3.1845089499909793,658.5480000004209,251,1081344,0.5,0.5,0.0,593.0119999870694,0.0,2097152,250,125,0.0016111347844942614,0.2499999999490683,0.5016111347844943,9.7599999999984,3.1869286131102776,329274,658.5480000004209,1.0,432007.48800000007,167772.16000000003,20971.520000000004,99440.74800006356,131709.60000008417,104857.6,524288.0,1048576,720191.9160000636,1481047.1160001478,1093.605805498769,2248.958490496063,0.7062182979584445
main,mixed,251,500,1,1,slow,500,0.5,lower_voltage_gated,True,0.8,349.06400000021085,656.5000000000036,21.064666666726907,333.12933333348417,5.04154733276631,3.1845089499909793,658.5480000004209,251,1081344,0.5,0.5,0.0,593.0119999870694,0.0,2097152,250,125,0.0016111347844942614,0.2499999999490683,0.5016111347844943,9.7599999999984,3.1869286131102776,48953,97.9059999999954,0.1486694971360217,64226.33600000001,167772.16000000003,20971.520000000004,99440.74800006356,131709.60000008417,104857.6,524288.0,1048576,352410.76400006365,1113265.9640001478,535.1329956204231,1690.485680617717,0.5308465785980929
main,mixed,500,1,1,1,fast,1000,0,same_voltage_always_on,False,1.0,175.19266666708518,328.7736666668752,11.304989583549855,169.0161666667725,5.036516825365295,6.339222038044766,330.82166666729245,500,1097728,0.5,0.5,0.0,265.285666653941,0.0,2097152,1,1,0.000328246816033273,0.00033333333340124227,0.000328246816033273,9.430666666703473,6.358397205782468,330822,330.82166666729245,1.0,348024.744,262144.0,32768.0,33446.070500063266,66164.33333345849,104857.6,524288.0,1048576,676382.8145000632,1371692.7478335216,2044.554159085057,4146.320770498487,0.6540740718047722
main,mixed,500,1,1,1,fast,1000,0,same_voltage_gated,True,1.0,175.19266666708518,328.7736666668752,11.304989583549855,169.0161666667725,5.036516825365295,6.339222038044766,330.82166666729245,500,1097728,0.5,0.5,0.0,265.285666653941,0.0,2097152,1,1,0.000328246816033273,0.00033333333340124227,0.000328246816033273,9.430666666703473,6.358397205782468,32768,32.76800000667572,0.09905034436462869,34471.936,262144.0,32768.0,33446.070500063266,66164.33333345849,104857.6,524288.0,1048576,362830.00650006323,1058139.9398335218,1096.7540613504061,3198.5206727638365,0.5045604418914422
main,mixed,500,1,1,1,slow,500,0.5,same_voltage_always_on,False,1.0,8448.002,15872.002,752.0628541666636,7941.129333333333,248.0926895141594,0.1279999843750019,16384.002,500,1064960,0.5,0.5,0.0,16318.465999986649,0.0,2097152,1,499,247.41350461832545,249.4979999999996,247.91350461832545,255.9759999999951,0.128,8192001,16384.002,1.0,8617985.052000001,262144.0,32768.0,1656422.6021999998,3276800.4,104857.6,524288.0,1048576,10569319.6542,14475265.6542,645.0999978027347,883.4999931152353,6.902344538784027
main,mixed,500,1,1,1,slow,500,0.5,same_voltage_gated,True,1.0,8448.002,15872.002,752.0628541666636,7941.129333333333,248.0926895141594,0.1279999843750019,16384.002,500,1064960,0.5,0.5,0.0,16318.465999986649,0.0,2097152,1,499,247.41350461832545,249.4979999999996,247.91350461832545,255.9759999999951,0.128,8192000,16384.0,0.9999998779297024,8617984.0,262144.0,32768.0,1656422.6021999998,3276800.4,104857.6,524288.0,1048576,10569318.6022,14475264.6022,645.099933593758,883.4999289062587,6.9023440371513365
main,mixed,500,1,1,1,slow,500,0.5,lower_voltage_always_on,False,0.8,8448.002,15872.002,752.0628541666636,7941.129333333333,248.0926895141594,0.1279999843750019,16384.002,500,1064960,0.5,0.5,0.0,16318.465999986649,0.0,2097152,1,499,247.41350461832545,249.4979999999996,247.91350461832545,255.9759999999951,0.128,8192001,16384.002,1.0,5515510.433280001,167772.16000000003,20971.520000000004,1656422.6021999998,3276800.4,104857.6,524288.0,1048576,7360676.715480001,11266622.71548,449.2599985937502,687.6599939062507,5.372344358196258
main,mixed,500,1,1,1,slow,500,0.5,lower_voltage_gated,True,0.8,8448.002,15872.002,752.0628541666636,7941.129333333333,248.0926895141594,0.1279999843750019,16384.002,500,1064960,0.5,0.5,0.0,16318.465999986649,0.0,2097152,1,499,247.41350461832545,249.4979999999996,247.91350461832545,255.9759999999951,0.128,8192000,16384.0,0.9999998779297024,5515509.760000001,167772.16000000003,20971.520000000004,1656422.6021999998,3276800.4,104857.6,524288.0,1048576,7360676.0422,11266622.0422,449.25995750000516,687.6599528125057,5.372344037151336
main,mixed,500,4,1,1,fast,1000,0,same_voltage_always_on,False,1.0,175.19266666708518,328.7736666668752,11.304989583549855,169.0161666667725,5.036516825365295,6.339222038044766,330.82166666729245,500,1097728,0.5,0.5,0.0,265.285666653941,0.0,2097152,1,1,0.000328246816033273,0.00033333333340124227,0.000328246816033273,9.430666666703473,6.358397205782468,330822,330.82166666729245,1.0,350009.67600000004,262144.0,32768.0,33545.31700006346,66164.33333345849,104857.6,524288.0,1048576,678466.9930000635,1373776.926333522,2050.854165130599,4152.6207765440295,0.6550678855579004
main,mixed,500,4,1,1,fast,1000,0,same_voltage_gated,True,1.0,175.19266666708518,328.7736666668752,11.304989583549855,169.0161666667725,5.036516825365295,6.339222038044766,330.82166666729245,500,1097728,0.5,0.5,0.0,265.285666653941,0.0,2097152,1,1,0.000328246816033273,0.00033333333340124227,0.000328246816033273,9.430666666703473,6.358397205782468,32768,32.76800000667572,0.09905034436462869,34668.544,262144.0,32768.0,33545.31700006346,66164.33333345849,104857.6,524288.0,1048576,363125.8610000635,1058435.794333522,1097.6483634164729,3199.414974829903,0.5047015163104639
main,mixed,500,4,1,1,slow,500,0.5,same_voltage_always_on,False,1.0,2112.0080000000016,3968.0080000000016,184.17822916666478,1989.1293333333342,62.02324676513596,0.511999000001953,4096.008000000002,500,1064960,0.5,0.5,0.0,4030.47199998665,0.0,2097152,4,496,60.80449155679984,61.99799999999959,61.30449155679984,70.77266666667128,0.512,2048004,4096.008000000002,1.0,2166788.2320000003,262144.0,32768.0,415335.2112000002,819201.6000000003,104857.6,524288.0,1048576,2877035.4432000006,4325382.643200001,702.3998593752746,1055.9995593758604,2.0625031677246097
main,mixed,500,4,1,1,slow,500,0.5,same_voltage_gated,True,1.0,2112.0080000000016,3968.0080000000016,184.17822916666478,1989.1293333333342,62.02324676513596,0.511999000001953,4096.008000000002,500,1064960,0.5,0.5,0.0,4030.47199998665,0.0,2097152,4,496,60.80449155679984,61.99799999999959,61.30449155679984,70.77266666667128,0.512,2048003,4096.006000000001,0.9999995117197036,2166787.174,262144.0,32768.0,415335.2112000002,819201.6000000003,104857.6,524288.0,1048576,2877034.3852000004,4325381.585200001,702.3996010749977,1055.9993010755836,2.0625026632308963
main,mixed,500,4,1,1,slow,500,0.5,lower_voltage_always_on,False,0.8,2112.0080000000016,3968.0080000000016,184.17822916666478,1989.1293333333342,62.02324676513596,0.511999000001953,4096.008000000002,500,1064960,0.5,0.5,0.0,4030.47199998665,0.0,2097152,4,496,60.80449155679984,61.99799999999959,61.30449155679984,70.77266666667128,0.512,2048004,4096.008000000002,1.0,1386744.4684800005,167772.16000000003,20971.520000000004,415335.2112000002,819201.6000000003,104857.6,524288.0,1048576,1990823.3596800007,3439170.5596800013,486.0399100001758,839.6396100007618,1.6399243162536628
main,mixed,500,4,1,1,slow,500,0.5,lower_voltage_gated,True,0.8,2112.0080000000016,3968.0080000000016,184.17822916666478,1989.1293333333342,62.02324676513596,0.511999000001953,4096.008000000002,500,1064960,0.5,0.5,0.0,4030.47199998665,0.0,2097152,4,496,60.80449155679984,61.99799999999959,61.30449155679984,70.77266666667128,0.512,2048003,4096.006000000001,0.9999995117197036,1386743.7913600004,167772.16000000003,20971.520000000004,415335.2112000002,819201.6000000003,104857.6,524288.0,1048576,1990822.6825600006,3439169.882560001,486.0397446879986,839.6394446885846,1.6399239933776861
main,mixed,500,16,1,1,fast,1000,0,same_voltage_always_on,False,1.0,175.19266666708518,328.7736666668752,11.304989583549855,169.0161666667725,5.036516825365295,6.339222038044766,330.82166666729245,500,1097728,0.5,0.5,0.0,265.285666653941,0.0,2097152,1,1,0.000328246816033273,0.00033333333340124227,0.000328246816033273,9.430666666703473,6.358397205782468,330822,330.82166666729245,1.0,357949.40400000004,262144.0,32768.0,33942.3030000642,66164.33333345849,104857.6,524288.0,1048576,686803.7070000643,1382113.6403335228,2076.054189312767,4177.820800726197,0.659043140570413
main,mixed,500,16,1,1,fast,1000,0,same_voltage_gated,True,1.0,175.19266666708518,328.7736666668752,11.304989583549855,169.0161666667725,5.036516825365295,6.339222038044766,330.82166666729245,500,1097728,0.5,0.5,0.0,265.285666653941,0.0,2097152,1,1,0.000328246816033273,0.00033333333340124227,0.000328246816033273,9.430666666703473,6.358397205782468,32768,32.76800000667572,0.09905034436462869,35454.976,262144.0,32768.0,33942.3030000642,66164.33333345849,104857.6,524288.0,1048576,364309.27900006424,1059619.2123335227,1101.2255716807397,3202.99218309417,0.5052658139865507
main,mixed,500,16,1,1,slow,500,0.5,same_voltage_always_on,False,1.0,529.1503333333894,994.2686666667723,43.51243750005028,502.0136666667204,15.506036315917246,2.0479360019999246,1024.0320000000065,500,1081344,0.5,0.5,0.0,958.4959999866551,20.106666666688398,2097152,16,484,12.097369649218482,15.473999999994703,12.597369649218482,24.764666666669655,2.048,512016,1024.0320000000065,1.0,554001.312,262144.0,32768.0,105065.68320000067,204806.4000000013,104857.6,524288.0,1048576,953978.9952000007,1787930.995200002,931.591000281236,1745.9718008812133,0.8525519348144541
main,mixed,500,16,1,1,slow,500,0.5,same_voltage_gated,True,1.0,529.1503333333894,994.2686666667723,43.51243750005028,502.0136666667204,15.506036315917246,2.0479360019999246,1024.0320000000065,500,1081344,0.5,0.5,0.0,958.4959999866551,20.106666666688398,2097152,16,484,12.097369649218482,15.473999999994703,12.597369649218482,24.764666666669655,2.048,512015,1024.0299999999988,0.9999980469360258,554000.23,262144.0,32768.0,105065.68320000067,204806.4000000013,104857.6,524288.0,1048576,953977.9132000007,1787929.9132000022,931.5899436736299,1745.9707442736074,0.852551418876649
main,mixed,500,16,1,1,slow,500,0.5,lower_voltage_always_on,False,0.8,529.1503333333894,994.2686666667723,43.51243750005028,502.0136666667204,15.506036315917246,2.0479360019999246,1024.0320000000065,500,1081344,0.5,0.5,0.0,958.4959999866551,20.106666666688398,2097152,16,484,12.097369649218482,15.473999999994703,12.597369649218482,24.764666666669655,2.048,512016,1024.0320000000065,1.0,354560.8396800001,167772.16000000003,20971.520000000004,105065.68320000067,204806.4000000013,104857.6,524288.0,1048576,648370.2028800008,1482322.202880002,633.1542401799911,1447.5350407799685,0.7068263067626963
main,mixed,500,16,1,1,slow,500,0.5,lower_voltage_gated,True,0.8,529.1503333333894,994.2686666667723,43.51243750005028,502.0136666667204,15.506036315917246,2.0479360019999246,1024.0320000000065,500,1081344,0.5,0.5,0.0,958.4959999866551,20.106666666688398,2097152,16,484,12.097369649218482,15.473999999994703,12.597369649218482,24.764666666669655,2.048,512015,1024.0299999999988,0.9999980469360258,354560.14720000006,167772.16000000003,20971.520000000004,105065.68320000067,204806.4000000013,104857.6,524288.0,1048576,648369.5104000007,1482321.510400002,633.1535639511233,1447.5343645511005,0.7068259765625009
main,mixed,500,64,1,1,fast,1000,0,same_voltage_always_on,False,1.0,175.19266666708518,328.7736666668752,11.304989583549855,169.0161666667725,5.036516825365295,6.339222038044766,330.82166666729245,500,1097728,0.5,0.5,0.0,265.285666653941,0.0,2097152,1,1,0.000328246816033273,0.00033333333340124227,0.000328246816033273,9.430666666703473,6.358397205782468,330822,330.82166666729245,1.0,389708.31600000005,262144.0,32768.0,35530.24700006721,66164.33333345849,104857.6,524288.0,1048576,720150.5630000674,1415460.496333526,2176.8542860414377,4278.620897454868,0.6749441606204634
main,mixed,500,64,1,1,fast,1000,0,same_voltage_gated,True,1.0,175.19266666708518,328.7736666668752,11.304989583549855,169.0161666667725,5.036516825365295,6.339222038044766,330.82166666729245,500,1097728,0.5,0.5,0.0,265.285666653941,0.0,2097152,1,1,0.000328246816033273,0.00033333333340124227,0.000328246816033273,9.430666666703473,6.358397205782468,32768,32.76800000667572,0.09905034436462869,38600.704000000005,262144.0,32768.0,35530.24700006721,66164.33333345849,104857.6,524288.0,1048576,369042.95100006723,1064352.8843335258,1115.5344047378069,3217.301016151237,0.5075230046908978
main,mixed,500,64,1,1,slow,500,0.5,same_voltage_always_on,False,1.0,231.82033333338848,435.5726666667724,16.905437500047128,222.6656666667203,6.702700378417374,4.7491145592724076,441.5880000000034,500,1081344,0.5,0.5,0.0,376.05199998665194,23.56266666668671,2097152,64,436,1.7669485879888898,3.473999999994703,2.2669485879888898,13.232666666659497,4.754497968659357,220794,441.5880000000034,1.0,260095.33200000002,262144.0,32768.0,47426.551200000365,88317.60000000068,104857.6,524288.0,1048576,602433.8832000004,1319897.0832000012,1364.2442348976779,2988.9786026794004,0.6293759742736822
main,mixed,500,64,1,1,slow,500,0.5,same_voltage_gated,True,1.0,231.82033333338848,435.5726666667724,16.905437500047128,222.6656666667203,6.702700378417374,4.7491145592724076,441.5880000000034,500,1081344,0.5,0.5,0.0,376.05199998665194,23.56266666668671,2097152,64,436,1.7669485879888898,3.473999999994703,2.2669485879888898,13.232666666659497,4.754497968659357,130265,260.52999999999884,0.5899843292843031,153452.17,262144.0,32768.0,47426.551200000365,88317.60000000068,104857.6,524288.0,1048576,495790.7212000004,1213253.9212000011,1122.7450048461385,2747.479372627861,0.5785245519638067
main,mixed,500,64,1,1,slow,500,0.5,lower_voltage_always_on,False,0.8,231.82033333338848,435.5726666667724,16.905437500047128,222.6656666667203,6.702700378417374,4.7491145592724076,441.5880000000034,500,1081344,0.5,0.5,0.0,376.05199998665194,23.56266666668671,2097152,64,436,1.7669485879888898,3.473999999994703,2.2669485879888898,13.232666666659497,4.754497968659357,220794,441.5880000000034,1.0,166461.01248000003,167772.16000000003,20971.520000000004,47426.551200000365,88317.60000000068,104857.6,524288.0,1048576,402631.2436800004,1120094.443680001,911.780310334514,2536.514678116236,0.5341026514434819
main,mixed,500,64,1,1,slow,500,0.5,lower_voltage_gated,True,0.8,231.82033333338848,435.5726666667724,16.905437500047128,222.6656666667203,6.702700378417374,4.7491145592724076,441.5880000000034,500,1081344,0.5,0.5,0.0,376.05199998665194,23.56266666668671,2097152,64,436,1.7669485879888898,3.473999999994703,2.2669485879888898,13.232666666659497,4.754497968659357,130265,260.52999999999884,0.5899843292843031,98209.38880000003,167772.16000000003,20971.520000000004,47426.551200000365,88317.60000000068,104857.6,524288.0,1048576,334379.62000000046,1051842.8200000012,757.2208031015288,2381.9551708832514,0.5015577411651617
main,mixed,500,128,1,1,fast,1000,0,same_voltage_always_on,False,1.0,175.19266666708518,328.7736666668752,11.304989583549855,169.0161666667725,5.036516825365295,6.339222038044766,330.82166666729245,500,1097728,0.5,0.5,0.0,265.285666653941,0.0,2097152,1,1,0.000328246816033273,0.00033333333340124227,0.000328246816033273,9.430666666703473,6.358397205782468,330822,330.82166666729245,1.0,432053.532,262144.0,32768.0,37647.50566673788,66164.33333345849,104857.6,524288.0,1048576,764613.0376667379,1459922.9710001964,2311.2544150129975,4413.021026426428,0.6961455206871969
main,mixed,500,128,1,1,fast,1000,0,same_voltage_gated,True,1.0,175.19266666708518,328.7736666668752,11.304989583549855,169.0161666667725,5.036516825365295,6.339222038044766,330.82166666729245,500,1097728,0.5,0.5,0.0,265.285666653941,0.0,2097152,1,1,0.000328246816033273,0.00033333333340124227,0.000328246816033273,9.430666666703473,6.358397205782468,32768,32.76800000667572,0.09905034436462869,42795.008,262144.0,32768.0,37647.50566673788,66164.33333345849,104857.6,524288.0,1048576,375354.51366673794,1070664.4470001964,1134.6128488138966,3236.3794602273265,0.510532592296694
main,mixed,500,128,1,1,slow,500,0.5,same_voltage_always_on,False,1.0,199.32033333338848,374.5726666667724,13.463874999902146,192.1656666667203,5.741325541178981,5.554074811699475,377.5880000000034,500,1081344,0.5,0.5,0.0,312.05199998665194,7.5626666666867095,2097152,128,372,0.6249415892526702,1.473999999994703,1.1249415892526702,11.232666666659497,5.5614392396470365,188794,377.5880000000034,1.0,246564.964,262144.0,32768.0,42969.514400000386,75517.60000000068,104857.6,524288.0,1048576,584446.4784000004,1289109.678400001,1547.8417703952327,3414.064213905075,0.6146953956604009
main,mixed,500,128,1,1,slow,500,0.5,same_voltage_gated,True,1.0,199.32033333338848,374.5726666667724,13.463874999902146,192.1656666667203,5.741325541178981,5.554074811699475,377.5880000000034,500,1081344,0.5,0.5,0.0,312.05199998665194,7.5626666666867095,2097152,128,372,0.6249415892526702,1.473999999994703,1.1249415892526702,11.232666666659497,5.5614392396470365,68313,136.62600000000384,0.36183882962382974,89216.778,262144.0,32768.0,42969.514400000386,75517.60000000068,104857.6,524288.0,1048576,427098.2924000004,1131761.492400001,1131.1225261395928,2997.3449696494354,0.5396659337997441
main,mixed,500,128,1,1,slow,500,0.5,lower_voltage_always_on,False,0.8,199.32033333338848,374.5726666667724,13.463874999902146,192.1656666667203,5.741325541178981,5.554074811699475,377.5880000000034,500,1081344,0.5,0.5,0.0,312.05199998665194,7.5626666666867095,2097152,128,372,0.6249415892526702,1.473999999994703,1.1249415892526702,11.232666666659497,5.5614392396470365,188794,377.5880000000034,1.0,157801.57696000003,167772.16000000003,20971.520000000004,42969.514400000386,75517.60000000068,104857.6,524288.0,1048576,389514.7713600005,1094177.9713600012,1031.5867330529493,2897.809176562792,0.5217447144317633
main,mixed,500,128,1,1,slow,500,0.5,lower_voltage_gated,True,0.8,199.32033333338848,374.5726666667724,13.463874999902146,192.1656666667203,5.741325541178981,5.554074811699475,377.5880000000034,500,1081344,0.5,0.5,0.0,312.05199998665194,7.5626666666867095,2097152,128,372,0.6249415892526702,1.473999999994703,1.1249415892526702,11.232666666659497,5.5614392396470365,68313,136.62600000000384,0.36183882962382974,57098.737920000014,167772.16000000003,20971.520000000004,42969.514400000386,75517.60000000068,104857.6,524288.0,1048576,288811.93232000043,993475.1323200011,764.8864167293395,2631.108860239182,0.4737258588409429
main,mixed,500,200,1,1,fast,1000,0,same_voltage_always_on,False,1.0,175.19266666708518,328.7736666668752,11.304989583549855,169.0161666667725,5.036516825365295,6.339222038044766,330.82166666729245,500,1097728,0.5,0.5,0.0,265.285666653941,0.0,2097152,1,1,0.000328246816033273,0.00033333333340124227,0.000328246816033273,9.430666666703473,6.358397205782468,330822,330.82166666729245,1.0,479691.89999999997,262144.0,32768.0,40029.42166674239,66164.33333345849,104857.6,524288.0,1048576,814633.3216667423,1509943.2550002008,2462.4545601060026,4564.221171519433,0.7199970507622723
main,mixed,500,200,1,1,fast,1000,0,same_voltage_gated,True,1.0,175.19266666708518,328.7736666668752,11.304989583549855,169.0161666667725,5.036516825365295,6.339222038044766,330.82166666729245,500,1097728,0.5,0.5,0.0,265.285666653941,0.0,2097152,1,1,0.000328246816033273,0.00033333333340124227,0.000328246816033273,9.430666666703473,6.358397205782468,32768,32.76800000667572,0.09905034436462869,47513.6,262144.0,32768.0,40029.42166674239,66164.33333345849,104857.6,524288.0,1048576,382455.0216667424,1077764.9550002008,1156.0760983994971,3257.842709812927,0.5139183783532146
main,mixed,500,200,1,1,slow,500,0.5,same_voltage_always_on,False,1.0,187.55866666698057,352.40466666677094,12.093458333494027,181.0816666667206,5.397097269699641,5.916592530446701,354.45266666718817,500,1081344,0.5,0.5,0.0,288.9166666538367,1.3546666666807141,2097152,200,300,0.1960624387864558,0.6989999998986605,0.6960624387864558,10.259999999580032,5.926568999819139,177227,354.45266666718817,1.0,256979.15,262144.0,32768.0,42888.77266672977,70890.53333343763,104857.6,524288.0,1048576,594779.9226667298,1294816.0560001675,1678.0235518024635,3653.001310936474,0.6174164085388982
main,mixed,500,200,1,1,slow,500,0.5,same_voltage_gated,True,1.0,187.55866666698057,352.40466666677094,12.093458333494027,181.0816666667206,5.397097269699641,5.916592530446701,354.45266666718817,500,1081344,0.5,0.5,0.0,288.9166666538367,1.3546666666807141,2097152,200,300,0.1960624387864558,0.6989999998986605,0.6960624387864558,10.259999999580032,5.926568999819139,48185,96.37000000000262,0.27188397510488704,69868.25,262144.0,32768.0,42888.77266672977,70890.53333343763,104857.6,524288.0,1048576,407669.02266672975,1107705.1560001674,1150.1367065451052,3125.1144656791153,0.5281949787140691
main,mixed,500,200,1,1,slow,500,0.5,lower_voltage_always_on,False,0.8,187.55866666698057,352.40466666677094,12.093458333494027,181.0816666667206,5.397097269699641,5.916592530446701,354.45266666718817,500,1081344,0.5,0.5,0.0,288.9166666538367,1.3546666666807141,2097152,200,300,0.1960624387864558,0.6989999998986605,0.6960624387864558,10.259999999580032,5.926568999819139,177227,354.45266666718817,1.0,164466.65600000002,167772.16000000003,20971.520000000004,42888.77266672977,70890.53333343763,104857.6,524288.0,1048576,396099.1086667298,1096135.2420001675,1117.4950731535769,3092.472832287587,0.5226780138016546
main,mixed,500,200,1,1,slow,500,0.5,lower_voltage_gated,True,0.8,187.55866666698057,352.40466666677094,12.093458333494027,181.0816666667206,5.397097269699641,5.916592530446701,354.45266666718817,500,1081344,0.5,0.5,0.0,288.9166666538367,1.3546666666807141,2097152,200,300,0.1960624387864558,0.6989999998986605,0.6960624387864558,10.259999999580032,5.926568999819139,48185,96.37000000000262,0.27188397510488704,44715.68000000001,167772.16000000003,20971.520000000004,42888.77266672977,70890.53333343763,104857.6,524288.0,1048576,276348.1326667298,976384.2660001675,779.6474921888673,2754.625251322878,0.46557629871376394
main,mixed,500,250,1,1,fast,1000,0,same_voltage_always_on,False,1.0,175.19266666708518,328.7736666668752,11.304989583549855,169.0161666667725,5.036516825365295,6.339222038044766,330.82166666729245,500,1097728,0.5,0.5,0.0,265.285666653941,0.0,2097152,1,1,0.000328246816033273,0.00033333333340124227,0.000328246816033273,9.430666666703473,6.358397205782468,330822,330.82166666729245,1.0,512774.10000000003,262144.0,32768.0,41683.53000007885,66164.33333345849,104857.6,524288.0,1048576,849369.6300000789,1544679.5633335374,2567.454660865035,4669.221272278465,0.736560613314408
main,mixed,500,250,1,1,fast,1000,0,same_voltage_gated,True,1.0,175.19266666708518,328.7736666668752,11.304989583549855,169.0161666667725,5.036516825365295,6.339222038044766,330.82166666729245,500,1097728,0.5,0.5,0.0,265.285666653941,0.0,2097152,1,1,0.000328246816033273,0.00033333333340124227,0.000328246816033273,9.430666666703473,6.358397205782468,32768,32.76800000667572,0.09905034436462869,50790.4,262144.0,32768.0,41683.53000007885,66164.33333345849,104857.6,524288.0,1048576,387385.93000007886,1082695.8633335372,1170.981132833942,3272.7477442473714,0.5162696186702429
main,mixed,500,250,1,1,slow,500,0.5,same_voltage_always_on,False,1.0,183.7086666670857,344.8046666668779,11.805958333549938,177.28166666677316,5.281130472826273,6.046232886574896,346.8526666672951,500,1081344,0.5,0.5,0.0,281.3166666539437,0.0,2097152,250,250,0.005120055896735365,0.49899999989793287,0.5051200558967354,9.930666666703473,6.063656550703187,173427,346.8526666672951,1.0,268811.85000000003,262144.0,32768.0,43703.436000079186,69370.53333345903,104857.6,524288.0,1048576,607427.2860000792,1305943.4193335383,1751.2544788439818,3765.1243448164505,0.6227223488490764
main,mixed,500,250,1,1,slow,500,0.5,same_voltage_gated,True,1.0,183.7086666670857,344.8046666668779,11.805958333549938,177.28166666677316,5.281130472826273,6.046232886574896,346.8526666672951,500,1081344,0.5,0.5,0.0,281.3166666539437,0.0,2097152,250,250,0.005120055896735365,0.49899999989793287,0.5051200558967354,9.930666666703473,6.063656550703187,40985,81.97000000000844,0.23632512555722965,63526.75,262144.0,32768.0,43703.436000079186,69370.53333345903,104857.6,524288.0,1048576,402142.1860000792,1100658.3193335382,1159.403471981429,3173.2733379538977,0.524834785143632
main,mixed,500,250,1,1,slow,500,0.5,lower_voltage_always_on,False,0.8,183.7086666670857,344.8046666668779,11.805958333549938,177.28166666677316,5.281130472826273,6.046232886574896,346.8526666672951,500,1081344,0.5,0.5,0.0,281.3166666539437,0.0,2097152,250,250,0.005120055896735365,0.49899999989793287,0.5051200558967354,9.930666666703473,6.063656550703187,173427,346.8526666672951,1.0,172039.58400000006,167772.16000000003,20971.520000000004,43703.436000079186,69370.53333345903,104857.6,524288.0,1048576,404486.7000000793,1103002.8333335384,1166.1628664601485,3180.0327324326176,0.5259527365367596
main,mixed,500,250,1,1,slow,500,0.5,lower_voltage_gated,True,0.8,183.7086666670857,344.8046666668779,11.805958333549938,177.28166666677316,5.281130472826273,6.046232886574896,346.8526666672951,500,1081344,0.5,0.5,0.0,281.3166666539437,0.0,2097152,250,250,0.005120055896735365,0.49899999989793287,0.5051200558967354,9.930666666703473,6.063656550703187,40985,81.97000000000844,0.23632512555722965,40657.12000000001,167772.16000000003,20971.520000000004,43703.436000079186,69370.53333345903,104857.6,524288.0,1048576,273104.23600007925,971620.3693335382,787.3782220681146,2801.2480880405833,0.4633046957652751
main,mixed,500,500,1,1,fast,1000,0,same_voltage_always_on,False,1.0,175.19266666708518,328.7736666668752,11.304989583549855,169.0161666667725,5.036516825365295,6.339222038044766,330.82166666729245,500,1097728,0.5,0.5,0.0,265.285666653941,0.0,2097152,1,1,0.000328246816033273,0.00033333333340124227,0.000328246816033273,9.430666666703473,6.358397205782468,330822,330.82166666729245,1.0,678185.1,262144.0,32768.0,49954.071666761156,66164.33333345849,104857.6,524288.0,1048576,1023051.1716667612,1718361.1050002198,3092.4551646601926,5194.221776073623,0.8193784260750865
main,mixed,500,500,1,1,fast,1000,0,same_voltage_gated,True,1.0,175.19266666708518,328.7736666668752,11.304989583549855,169.0161666667725,5.036516825365295,6.339222038044766,330.82166666729245,500,1097728,0.5,0.5,0.0,265.285666653941,0.0,2097152,1,1,0.000328246816033273,0.00033333333340124227,0.000328246816033273,9.430666666703473,6.358397205782468,32768,32.76800000667572,0.09905034436462869,67174.4,262144.0,32768.0,49954.071666761156,66164.33333345849,104857.6,524288.0,1048576,412040.4716667612,1107350.4050002196,1245.506305006167,3347.2729164195966,0.5280258202553842
main,mixed,500,500,1,1,slow,500,0.5,same_voltage_always_on,False,1.0,183.7086666670857,344.8046666668779,11.805958333549938,177.28166666677316,5.281130472826273,6.046232886574896,346.8526666672951,500,1081344,0.5,0.5,0.0,281.3166666539437,0.0,2097152,250,250,0.005120055896735365,0.49899999989793287,0.5051200558967354,9.930666666703473,6.063656550703187,173427,346.8526666672951,1.0,355525.35,262144.0,32768.0,52374.75266676156,69370.53333345903,104857.6,524288.0,1048576,702812.1026667615,1401328.2360002205,2026.2554398663642,4040.125305838833,0.6682053737641432
main,mixed,500,500,1,1,slow,500,0.5,same_voltage_gated,True,1.0,183.7086666670857,344.8046666668779,11.805958333549938,177.28166666677316,5.281130472826273,6.046232886574896,346.8526666672951,500,1081344,0.5,0.5,0.0,281.3166666539437,0.0,2097152,250,250,0.005120055896735365,0.49899999989793287,0.5051200558967354,9.930666666703473,6.063656550703187,40985,81.97000000000844,0.23632512555722965,84019.24999999999,262144.0,32768.0,52374.75266676156,69370.53333345903,104857.6,524288.0,1048576,431306.0026667616,1129822.1360002207,1243.4847533707302,3257.3546193431994,0.5387411766053298
main,mixed,500,500,1,1,slow,500,0.5,lower_voltage_always_on,False,0.8,183.7086666670857,344.8046666668779,11.805958333549938,177.28166666677316,5.281130472826273,6.046232886574896,346.8526666672951,500,1081344,0.5,0.5,0.0,281.3166666539437,0.0,2097152,250,250,0.005120055896735365,0.49899999989793287,0.5051200558967354,9.930666666703473,6.063656550703187,173427,346.8526666672951,1.0,227536.22400000002,167772.16000000003,20971.520000000004,52374.75266676156,69370.53333345903,104857.6,524288.0,1048576,468654.6566667617,1167170.7900002208,1351.1634815144735,3365.0333474869426,0.5565504026414017
main,mixed,500,500,1,1,slow,500,0.5,lower_voltage_gated,True,0.8,183.7086666670857,344.8046666668779,11.805958333549938,177.28166666677316,5.281130472826273,6.046232886574896,346.8526666672951,500,1081344,0.5,0.5,0.0,281.3166666539437,0.0,2097152,250,250,0.005120055896735365,0.49899999989793287,0.5051200558967354,9.930666666703473,6.063656550703187,40985,81.97000000000844,0.23632512555722965,53772.32,167772.16000000003,20971.520000000004,52374.75266676156,69370.53333345903,104857.6,524288.0,1048576,294890.75266676163,993406.8860002207,850.1902421572676,2864.0601081297364,0.473693316459761
admission,ready,500,64,1,2,fast,1000,0,same_voltage_always_on,False,1.0,33.79200000688434,63.48800001293421,3.014812500614198,31.745000006467308,0.9847869569877369,31.999999993480742,65.53600001335144,500,2097152,1.0,1.0,0.0,0.0,0.0,2097152,1,499,0.982786950311813,0.9979999997958657,0.982786950311813,1.0000000002037268,31.999999993480742,65536,65.53600001335144,1.0,77201.40800000001,262144.0,32768.0,7038.566401433945,13107.200002670288,104857.6,0.0,0,379151.97440143395,497116.7744041042,5785.39999884324,7585.399998517276,0.23704375000195704
admission,ready,500,64,1,2,fast,1000,0,same_voltage_gated,True,1.0,33.79200000688434,63.48800001293421,3.014812500614198,31.745000006467308,0.9847869569877369,31.999999993480742,65.53600001335144,500,2097152,1.0,1.0,0.0,0.0,0.0,2097152,1,499,0.982786950311813,0.9979999997958657,0.982786950311813,1.0000000002037268,31.999999993480742,65536,65.53600000000006,0.9999999997962741,77201.40800000001,262144.0,32768.0,7038.566401433945,13107.200002670288,104857.6,0.0,0,379151.97440143395,497116.7744041042,5785.39999884324,7585.399998517276,0.23704375000195704
admission,ready,500,64,1,2,slow,500,0.5,same_voltage_always_on,False,1.0,132.25400000000081,248.25400000000081,11.59618750000152,124.5010000000002,3.8783721313468873,8.183880056506409,256.2540000000008,500,2097152,1.0,1.0,0.0,190.71799998664937,0.0,2097152,64,436,3.37637213134648,3.4500000000007276,3.87637213134648,3.952000000001135,8.192,128127,256.2540000000008,1.0,150933.60600000003,262144.0,32768.0,27521.67960000009,51250.80000000016,104857.6,0.0,0,473367.2856000001,629475.6856000003,1847.258132946212,2456.4521357715325,0.3001573970794679
admission,ready,500,64,1,2,slow,500,0.5,same_voltage_gated,True,1.0,132.25400000000081,248.25400000000081,11.59618750000152,124.5010000000002,3.8783721313468873,8.183880056506409,256.2540000000008,500,2097152,1.0,1.0,0.0,190.71799998664937,0.0,2097152,64,436,3.37637213134648,3.4500000000007276,3.87637213134648,3.952000000001135,8.192,128126,256.2520000000004,0.99999219524378,150932.428,262144.0,32768.0,27521.67960000009,51250.80000000016,104857.6,0.0,0,473366.1076000001,629474.5076000002,1847.2535359447993,2456.4475387701195,0.3001568353652955
admission,ready,500,64,1,2,slow,500,0.5,lower_voltage_always_on,False,0.8,132.25400000000081,248.25400000000081,11.59618750000152,124.5010000000002,3.8783721313468873,8.183880056506409,256.2540000000008,500,2097152,1.0,1.0,0.0,190.71799998664937,0.0,2097152,64,436,3.37637213134648,3.4500000000007276,3.87637213134648,3.952000000001135,8.192,128127,256.2540000000008,1.0,96597.50784000003,167772.16000000003,20971.520000000004,27521.67960000009,51250.80000000016,104857.6,0.0,0,312862.8674400002,468971.2674400003,1220.9092050855759,1830.1032079108963,0.22362292644500747
admission,ready,500,64,1,2,slow,500,0.5,lower_voltage_gated,True,0.8,132.25400000000081,248.25400000000081,11.59618750000152,124.5010000000002,3.8783721313468873,8.183880056506409,256.2540000000008,500,2097152,1.0,1.0,0.0,190.71799998664937,0.0,2097152,64,436,3.37637213134648,3.4500000000007276,3.87637213134648,3.952000000001135,8.192,128126,256.2520000000004,0.99999219524378,96596.75392000003,167772.16000000003,20971.520000000004,27521.67960000009,51250.80000000016,104857.6,0.0,0,312862.1135200002,468970.5135200004,1220.906263004672,1830.1002658299924,0.2236225669479372
admission,ready,500,64,1,4,fast,1000,0,same_voltage_always_on,False,1.0,67.58200000000033,126.97400000000198,6.029562500000111,63.48900000000003,1.9796651306138617,16.000244144350383,131.0699999999997,500,2097152,1.0,1.0,0.0,65.53399998664827,0.0,2097152,1,500,1.9776651306134543,1.9979999999995925,1.9776651306134543,2.0,15.999999999999986,131070,131.0699999999997,1.0,154400.46000000002,262144.0,32768.0,14076.917999999969,26213.99999999994,104857.6,0.0,0,463389.37799999997,594460.9779999999,3535.434332799275,4535.446540016794,0.28346108341217036
admission,ready,500,64,1,4,fast,1000,0,same_voltage_gated,True,1.0,67.58200000000033,126.97400000000198,6.029562500000111,63.48900000000003,1.9796651306138617,16.000244144350383,131.0699999999997,500,2097152,1.0,1.0,0.0,65.53399998664827,0.0,2097152,1,500,1.9776651306134543,1.9979999999995925,1.9776651306134543,2.0,15.999999999999986,131070,131.0699999999997,1.0,154400.46000000002,262144.0,32768.0,14076.917999999969,26213.99999999994,104857.6,0.0,0,463389.37799999997,594460.9779999999,3535.434332799275,4535.446540016794,0.28346108341217036
admission,ready,500,64,1,4,slow,500,0.5,same_voltage_always_on,False,1.0,135.66200000000026,254.4459999999999,12.07468750000021,127.47699999999986,3.973274230956262,7.98495267249982,262.637999999999,500,2097152,1.0,1.0,0.0,197.10199998664757,0.0,2097152,63,438,3.4712742309558546,3.4979999999995925,3.9712742309558546,4.0,7.999999999999993,131319,262.637999999999,1.0,154693.782,262144.0,32768.0,28207.321199999897,52527.5999999998,104857.6,0.0,0,477813.1031999999,635198.3031999996,1819.2839695702894,2418.5316031952802,0.3028861537933348
admission,ready,500,64,1,4,slow,500,0.5,same_voltage_gated,True,1.0,135.66200000000026,254.4459999999999,12.07468750000021,127.47699999999986,3.973274230956262,7.98495267249982,262.637999999999,500,2097152,1.0,1.0,0.0,197.10199998664757,0.0,2097152,63,438,3.4712742309558546,3.4979999999995925,3.9712742309558546,4.0,7.999999999999993,131318,262.6359999999986,0.999992384955717,154692.60400000002,262144.0,32768.0,28207.321199999897,52527.5999999998,104857.6,0.0,0,477811.92519999994,635197.1251999998,1819.2794843092079,2418.527117934199,0.3028855920791625
admission,ready,500,64,1,4,slow,500,0.5,lower_voltage_always_on,False,0.8,135.66200000000026,254.4459999999999,12.07468750000021,127.47699999999986,3.973274230956262,7.98495267249982,262.637999999999,500,2097152,1.0,1.0,0.0,197.10199998664757,0.0,2097152,63,438,3.4712742309558546,3.4979999999995925,3.9712742309558546,4.0,7.999999999999993,131319,262.637999999999,1.0,99004.02048000002,167772.16000000003,20971.520000000004,28207.321199999897,52527.5999999998,104857.6,0.0,0,315955.02167999995,473340.2216799997,1203.0057405249854,1802.2533741499765,0.2257062061691283
admission,ready,500,64,1,4,slow,500,0.5,lower_voltage_gated,True,0.8,135.66200000000026,254.4459999999999,12.07468750000021,127.47699999999986,3.973274230956262,7.98495267249982,262.637999999999,500,2097152,1.0,1.0,0.0,197.10199998664757,0.0,2097152,63,438,3.4712742309558546,3.4979999999995925,3.9712742309558546,4.0,7.999999999999993,131318,262.6359999999986,0.999992384955717,99003.26656000003,167772.16000000003,20971.520000000004,28207.321199999897,52527.5999999998,104857.6,0.0,0,315954.26775999996,473339.4677599998,1203.0028699578932,1802.2505035828844,0.225705846672058
admission,ready,500,64,2,2,fast,1000,0,same_voltage_always_on,False,1.0,33.79200000688434,63.48800001293421,3.014812500614198,31.745000006467308,0.9847869569877369,31.999999993480742,65.53600001335144,500,2097152,1.0,1.0,0.0,0.0,0.0,2097152,1,0,0.0,0.0,0.0,1.0000000002037268,31.999999993480742,65536,65.53600001335144,1.0,80478.20800000001,262144.0,32768.0,7104.102401447297,13107.200002670288,104857.6,0.0,0,382494.3104014473,500459.1104041176,5836.399998833052,7636.3999985070905,0.23863750000196343
admission,ready,500,64,2,2,fast,1000,0,same_voltage_gated,True,1.0,33.79200000688434,63.48800001293421,3.014812500614198,31.745000006467308,0.9847869569877369,31.999999993480742,65.53600001335144,500,2097152,1.0,1.0,0.0,0.0,0.0,2097152,1,0,0.0,0.0,0.0,1.0000000002037268,31.999999993480742,64538,64.53800001314812,0.984771728515625,79252.66400000002,262144.0,32768.0,7104.102401447297,13107.200002670288,104857.6,0.0,0,381268.7664014473,499233.5664041176,5817.69968145405,7617.699681128088,0.23805311508375054
admission,ready,500,64,2,2,slow,500,0.5,same_voltage_always_on,False,1.0,132.12800000002608,248.12800000002608,11.493437500020946,124.5010000000002,3.877391784667399,8.187906046975678,256.1280000000261,500,2097152,1.0,1.0,0.0,190.59199998667464,0.0,2097152,64,436,3.3753917846542585,3.473999999994703,3.8753917846542585,3.9759999999951106,8.192,128064,256.1280000000261,1.0,157262.59200000003,262144.0,32768.0,27764.275200002827,51225.600000005215,104857.6,0.0,0,479938.8672000029,636022.0672000081,1873.8242878558924,2483.2195902046765,0.30327895507812885
admission,ready,500,64,2,2,slow,500,0.5,same_voltage_gated,True,1.0,132.12800000002608,248.12800000002608,11.493437500020946,124.5010000000002,3.877391784667399,8.187906046975678,256.1280000000261,500,2097152,1.0,1.0,0.0,190.59199998667464,0.0,2097152,64,436,3.3753917846542585,3.473999999994703,3.8753917846542585,3.9759999999951106,8.192,128063,256.1260000000002,0.9999921914041968,157261.36400000003,262144.0,32768.0,27764.275200002827,51225.600000005215,104857.6,0.0,0,479937.6392000029,636020.8392000081,1873.8194933781313,2483.2147957269153,0.3032783695220986
admission,ready,500,64,2,2,slow,500,0.5,lower_voltage_always_on,False,0.8,132.12800000002608,248.12800000002608,11.493437500020946,124.5010000000002,3.877391784667399,8.187906046975678,256.1280000000261,500,2097152,1.0,1.0,0.0,190.59199998667464,0.0,2097152,64,436,3.3753917846542585,3.473999999994703,3.8753917846542585,3.9759999999951106,8.192,128064,256.1280000000261,1.0,100648.05888000004,167772.16000000003,20971.520000000004,27764.275200002827,51225.600000005215,104857.6,0.0,0,317156.0140800029,473239.2140800081,1238.2715442277713,1847.6668465765551,0.22565804199219136
admission,ready,500,64,2,2,slow,500,0.5,lower_voltage_gated,True,0.8,132.12800000002608,248.12800000002608,11.493437500020946,124.5010000000002,3.877391784667399,8.187906046975678,256.1280000000261,500,2097152,1.0,1.0,0.0,190.59199998667464,0.0,2097152,64,436,3.3753917846542585,3.473999999994703,3.8753917846542585,3.9759999999951106,8.192,128063,256.1260000000002,0.9999921914041968,100647.27296000005,167772.16000000003,20971.520000000004,27764.275200002827,51225.600000005215,104857.6,0.0,0,317155.2281600029,473238.42816000816,1238.2684757620043,1847.6637781107884,0.22565766723633202
admission,ready,500,64,2,4,fast,1000,0,same_voltage_always_on,False,1.0,33.79200000688434,63.48800001293421,3.014812500614198,31.745000006467308,0.9847869569877369,31.999999993480742,65.53600001335144,500,2097152,1.0,1.0,0.0,0.0,0.0,2097152,1,499,0.9822869503118129,0.9979999997958657,0.9822869503118129,1.0000000002037268,31.999999993480742,65536,65.53600001335144,1.0,80478.20800000001,262144.0,32768.0,7104.102401447297,13107.200002670288,104857.6,0.0,0,382494.3104014473,500459.1104041176,5836.399998833052,7636.3999985070905,0.23863750000196343
admission,ready,500,64,2,4,fast,1000,0,same_voltage_gated,True,1.0,33.79200000688434,63.48800001293421,3.014812500614198,31.745000006467308,0.9847869569877369,31.999999993480742,65.53600001335144,500,2097152,1.0,1.0,0.0,0.0,0.0,2097152,1,499,0.9822869503118129,0.9979999997958657,0.9822869503118129,1.0000000002037268,31.999999993480742,65536,65.53600001335144,1.0,80478.20800000001,262144.0,32768.0,7104.102401447297,13107.200002670288,104857.6,0.0,0,382494.3104014473,500459.1104041176,5836.399998833052,7636.3999985070905,0.23863750000196343
admission,ready,500,64,2,4,slow,500,0.5,same_voltage_always_on,False,1.0,132.2520000000004,248.2520000000004,11.594187500001112,124.5010000000002,3.878356872557828,8.183943930193703,256.2520000000004,500,2097152,1.0,1.0,0.0,190.71599998664897,0.0,2097152,64,436,3.376356872557193,3.4500000000007276,3.876356872557193,3.952000000001135,8.192,128126,256.2520000000004,1.0,157338.72800000003,262144.0,32768.0,27777.716800000046,51250.40000000008,104857.6,0.0,0,480028.44480000006,636136.4448,1873.2671151834884,2482.4643116931734,0.3033334945678711
admission,ready,500,64,2,4,slow,500,0.5,same_voltage_gated,True,1.0,132.2520000000004,248.2520000000004,11.594187500001112,124.5010000000002,3.878356872557828,8.183943930193703,256.2520000000004,500,2097152,1.0,1.0,0.0,190.71599998664897,0.0,2097152,64,436,3.376356872557193,3.4500000000007276,3.876356872557193,3.952000000001135,8.192,128125,256.25,0.9999921951828653,157337.50000000003,262144.0,32768.0,27777.716800000046,51250.40000000008,104857.6,0.0,0,480027.21680000005,636135.2168000002,1873.2623230257686,2482.459519535454,0.3033329090118409
admission,ready,500,64,2,4,slow,500,0.5,lower_voltage_always_on,False,0.8,132.2520000000004,248.2520000000004,11.594187500001112,124.5010000000002,3.878356872557828,8.183943930193703,256.2520000000004,500,2097152,1.0,1.0,0.0,190.71599998664897,0.0,2097152,64,436,3.376356872557193,3.4500000000007276,3.876356872557193,3.952000000001135,8.192,128126,256.2520000000004,1.0,100696.78592000004,167772.16000000003,20971.520000000004,27777.716800000046,51250.40000000008,104857.6,0.0,0,317218.18272000016,473326.1827200003,1237.914953717433,1847.1121502271183,0.22569951187133802
admission,ready,500,64,2,4,slow,500,0.5,lower_voltage_gated,True,0.8,132.2520000000004,248.2520000000004,11.594187500001112,124.5010000000002,3.878356872557828,8.183943930193703,256.2520000000004,500,2097152,1.0,1.0,0.0,190.71599998664897,0.0,2097152,64,436,3.376356872557193,3.4500000000007276,3.876356872557193,3.952000000001135,8.192,128125,256.25,0.9999921951828653,100696.00000000004,167772.16000000003,20971.520000000004,27777.716800000046,51250.40000000008,104857.6,0.0,0,317217.39680000016,473325.3968000002,1237.9118867364925,1847.1090832461775,0.22569913711547862
admission,ready,500,250,1,2,fast,1000,0,same_voltage_always_on,False,1.0,33.79200000688434,63.48800001293421,3.014812500614198,31.745000006467308,0.9847869569877369,31.999999993480742,65.53600001335144,500,2097152,1.0,1.0,0.0,0.0,0.0,2097152,1,499,0.982786950311813,0.9979999997958657,0.982786950311813,1.0000000002037268,31.999999993480742,65536,65.53600001335144,1.0,101580.8,262144.0,32768.0,8257.536001682281,13107.200002670288,104857.6,0.0,0,404750.33600168227,522715.1360043526,6175.999998767453,7975.99999844149,0.24925000000207548
admission,ready,500,250,1,2,fast,1000,0,same_voltage_gated,True,1.0,33.79200000688434,63.48800001293421,3.014812500614198,31.745000006467308,0.9847869569877369,31.999999993480742,65.53600001335144,500,2097152,1.0,1.0,0.0,0.0,0.0,2097152,1,499,0.982786950311813,0.9979999997958657,0.982786950311813,1.0000000002037268,31.999999993480742,65536,65.53600000000006,0.9999999997962741,101580.8,262144.0,32768.0,8257.536001682281,13107.200002670288,104857.6,0.0,0,404750.33600168227,522715.1360043526,6175.999998767453,7975.99999844149,0.24925000000207548
admission,ready,500,250,1,2,slow,500,0.5,same_voltage_always_on,False,1.0,68.08200000000033,127.47400000000198,6.045187500000111,63.98900000000003,1.9885635375968869,15.939439081857602,131.5699999999997,500,2097152,1.0,1.0,0.0,66.03399998664827,0.0,2097152,125,375,1.4865635375964794,1.4979999999995925,1.9865635375964794,2.0,15.999999999999986,65785,131.5699999999997,1.0,101966.75,262144.0,32768.0,16577.819999999963,26313.99999999994,104857.6,0.0,0,413456.56999999995,544628.1699999999,3142.4836208862266,4139.455574979107,0.2596989488601684
admission,ready,500,250,1,2,slow,500,0.5,same_voltage_gated,True,1.0,68.08200000000033,127.47400000000198,6.045187500000111,63.98900000000003,1.9885635375968869,15.939439081857602,131.5699999999997,500,2097152,1.0,1.0,0.0,66.03399998664827,0.0,2097152,125,375,1.4865635375964794,1.4979999999995925,1.9865635375964794,2.0,15.999999999999986,65784,131.5679999999993,0.9999847989663266,101965.2,262144.0,32768.0,16577.819999999963,26313.99999999994,104857.6,0.0,0,413455.01999999996,544626.6199999999,3142.4718400851325,4139.4437941780125,0.2596982097625732
admission,ready,500,250,1,2,slow,500,0.5,lower_voltage_always_on,False,0.8,68.08200000000033,127.47400000000198,6.045187500000111,63.98900000000003,1.9885635375968869,15.939439081857602,131.5699999999997,500,2097152,1.0,1.0,0.0,66.03399998664827,0.0,2097152,125,375,1.4865635375964794,1.4979999999995925,1.9865635375964794,2.0,15.999999999999986,65785,131.5699999999997,1.0,65258.720000000016,167772.16000000003,20971.520000000004,16577.819999999963,26313.99999999994,104857.6,0.0,0,270580.22000000003,401751.81999999995,2056.5495173671857,3053.5214714600656,0.19157019615173337
admission,ready,500,250,1,2,slow,500,0.5,lower_voltage_gated,True,0.8,68.08200000000033,127.47400000000198,6.045187500000111,63.98900000000003,1.9885635375968869,15.939439081857602,131.5699999999997,500,2097152,1.0,1.0,0.0,66.03399998664827,0.0,2097152,125,375,1.4865635375964794,1.4979999999995925,1.9865635375964794,2.0,15.999999999999986,65784,131.5679999999993,0.9999847989663266,65257.72800000001,167772.16000000003,20971.520000000004,16577.819999999963,26313.99999999994,104857.6,0.0,0,270579.228,401750.828,2056.541977654485,3053.5139317473654,0.19156972312927245
admission,ready,500,250,1,4,fast,1000,0,same_voltage_always_on,False,1.0,67.58200000000033,126.97400000000198,6.029562500000111,63.48900000000003,1.9796651306138617,16.000244144350383,131.0699999999997,500,2097152,1.0,1.0,0.0,65.53399998664827,0.0,2097152,1,500,1.9776651306134543,1.9979999999995925,1.9776651306134543,2.0,15.999999999999986,131070,131.0699999999997,1.0,203158.5,262144.0,32768.0,16514.819999999963,26213.99999999994,104857.6,0.0,0,514585.31999999995,645656.9199999998,3926.034332799276,4926.046540016794,0.30787321090698233
admission,ready,500,250,1,4,fast,1000,0,same_voltage_gated,True,1.0,67.58200000000033,126.97400000000198,6.029562500000111,63.48900000000003,1.9796651306138617,16.000244144350383,131.0699999999997,500,2097152,1.0,1.0,0.0,65.53399998664827,0.0,2097152,1,500,1.9776651306134543,1.9979999999995925,1.9776651306134543,2.0,15.999999999999986,131070,131.0699999999997,1.0,203158.5,262144.0,32768.0,16514.819999999963,26213.99999999994,104857.6,0.0,0,514585.31999999995,645656.9199999998,3926.034332799276,4926.046540016794,0.30787321090698233
admission,ready,500,250,1,4,slow,500,0.5,same_voltage_always_on,False,1.0,135.66200000000026,254.4459999999999,12.07468750000021,127.47699999999986,3.973274230956262,7.98495267249982,262.637999999999,500,2097152,1.0,1.0,0.0,197.10199998664757,0.0,2097152,63,438,3.4712742309558546,3.4979999999995925,3.9712742309558546,4.0,7.999999999999993,131319,262.637999999999,1.0,203544.45,262144.0,32768.0,33092.387999999875,52527.5999999998,104857.6,0.0,0,531548.8379999999,688934.0379999996,2023.8839695702902,2623.131603195281,0.32850934886932354
admission,ready,500,250,1,4,slow,500,0.5,same_voltage_gated,True,1.0,135.66200000000026,254.4459999999999,12.07468750000021,127.47699999999986,3.973274230956262,7.98495267249982,262.637999999999,500,2097152,1.0,1.0,0.0,197.10199998664757,0.0,2097152,63,438,3.4712742309558546,3.4979999999995925,3.9712742309558546,4.0,7.999999999999993,131318,262.6359999999986,0.999992384955717,203542.9,262144.0,32768.0,33092.387999999875,52527.5999999998,104857.6,0.0,0,531547.288,688932.4879999998,2023.8780679109723,2623.1257015359633,0.3285086097717284
admission,ready,500,250,1,4,slow,500,0.5,lower_voltage_always_on,False,0.8,135.66200000000026,254.4459999999999,12.07468750000021,127.47699999999986,3.973274230956262,7.98495267249982,262.637999999999,500,2097152,1.0,1.0,0.0,197.10199998664757,0.0,2097152,63,438,3.4712742309558546,3.4979999999995925,3.9712742309558546,4.0,7.999999999999993,131319,262.637999999999,1.0,130268.44800000003,167772.16000000003,20971.520000000004,33092.387999999875,52527.5999999998,104857.6,0.0,0,352104.51599999995,509489.7159999998,1340.645740524986,1939.8933741499773,0.24294362831115712
admission,ready,500,250,1,4,slow,500,0.5,lower_voltage_gated,True,0.8,135.66200000000026,254.4459999999999,12.07468750000021,127.47699999999986,3.973274230956262,7.98495267249982,262.637999999999,500,2097152,1.0,1.0,0.0,197.10199998664757,0.0,2097152,63,438,3.4712742309558546,3.4979999999995925,3.9712742309558546,4.0,7.999999999999993,131318,262.6359999999986,0.999992384955717,130267.45600000002,167772.16000000003,20971.520000000004,33092.387999999875,52527.5999999998,104857.6,0.0,0,352103.5239999999,509488.7239999997,1340.6419634630222,1939.8895970880133,0.24294315528869614
admission,ready,500,250,2,2,fast,1000,0,same_voltage_always_on,False,1.0,33.79200000688434,63.48800001293421,3.014812500614198,31.745000006467308,0.9847869569877369,31.999999993480742,65.53600001335144,500,2097152,1.0,1.0,0.0,0.0,0.0,2097152,1,0,0.0,0.0,0.0,1.0000000002037268,31.999999993480742,65536,65.53600001335144,1.0,104857.6,262144.0,32768.0,8323.072001695633,13107.200002670288,104857.6,0.0,0,408092.6720016956,526057.4720043659,6226.999998757266,8026.999998431303,0.2508437500020818
admission,ready,500,250,2,2,fast,1000,0,same_voltage_gated,True,1.0,33.79200000688434,63.48800001293421,3.014812500614198,31.745000006467308,0.9847869569877369,31.999999993480742,65.53600001335144,500,2097152,1.0,1.0,0.0,0.0,0.0,2097152,1,0,0.0,0.0,0.0,1.0000000002037268,31.999999993480742,64538,64.53800001314812,0.984771728515625,103260.8,262144.0,32768.0,8323.072001695633,13107.200002670288,104857.6,0.0,0,406495.8720016956,524460.672004366,6202.6347643872305,8002.634764061268,0.2500823364278631
admission,ready,500,250,2,2,slow,500,0.5,same_voltage_always_on,False,1.0,34.29200000688434,63.98800001293421,3.030437500614198,32.24500000646731,0.9962081911193688,31.757707910472906,66.03600001335144,500,2097152,1.0,1.0,0.0,0.5,0.0,2097152,250,250,0.49420818444344483,0.49899999989793287,0.9942081844434448,1.0000000002037268,31.999999993480742,33018,66.03600001335144,1.0,52828.8,262144.0,32768.0,8386.572001695633,13207.200002670288,104857.6,0.0,0,356127.3720016956,474192.17200436594,5392.927674748505,7180.813070272151,0.2261124477407293
admission,ready,500,250,2,2,slow,500,0.5,same_voltage_gated,True,1.0,34.29200000688434,63.98800001293421,3.030437500614198,32.24500000646731,0.9962081911193688,31.757707910472906,66.03600001335144,500,2097152,1.0,1.0,0.0,0.5,0.0,2097152,250,250,0.49420818444344483,0.49899999989793287,0.9942081844434448,1.0000000002037268,31.999999993480742,33017,66.03399999999965,0.9999697132874283,52827.200000000004,262144.0,32768.0,8386.572001695633,13207.200002670288,104857.6,0.0,0,356125.77200169564,474190.57200436597,5392.9034455402,7180.788841063845,0.2261116848012762
admission,ready,500,250,2,2,slow,500,0.5,lower_voltage_always_on,False,0.8,34.29200000688434,63.98800001293421,3.030437500614198,32.24500000646731,0.9962081911193688,31.757707910472906,66.03600001335144,500,2097152,1.0,1.0,0.0,0.5,0.0,2097152,250,250,0.49420818444344483,0.49899999989793287,0.9942081844434448,1.0000000002037268,31.999999993480742,33018,66.03600001335144,1.0,33810.43200000001,167772.16000000003,20971.520000000004,8386.572001695633,13207.200002670288,104857.6,0.0,0,230940.68400169566,349005.484004366,3497.1937118390438,5285.07910736269,0.16641878318994807
admission,ready,500,250,2,2,slow,500,0.5,lower_voltage_gated,True,0.8,34.29200000688434,63.98800001293421,3.030437500614198,32.24500000646731,0.9962081911193688,31.757707910472906,66.03600001335144,500,2097152,1.0,1.0,0.0,0.5,0.0,2097152,250,250,0.49420818444344483,0.49899999989793287,0.9942081844434448,1.0000000002037268,31.999999993480742,33017,66.03399999999965,0.9999697132874283,33809.40800000001,167772.16000000003,20971.520000000004,8386.572001695633,13207.200002670288,104857.6,0.0,0,230939.66000169568,349004.460004366,3497.1782051457285,5285.063600669374,0.16641829490869808
admission,ready,500,250,2,4,fast,1000,0,same_voltage_always_on,False,1.0,33.79200000688434,63.48800001293421,3.014812500614198,31.745000006467308,0.9847869569877369,31.999999993480742,65.53600001335144,500,2097152,1.0,1.0,0.0,0.0,0.0,2097152,1,499,0.9822869503118129,0.9979999997958657,0.9822869503118129,1.0000000002037268,31.999999993480742,65536,65.53600001335144,1.0,104857.6,262144.0,32768.0,8323.072001695633,13107.200002670288,104857.6,0.0,0,408092.6720016956,526057.4720043659,6226.999998757266,8026.999998431303,0.2508437500020818
admission,ready,500,250,2,4,fast,1000,0,same_voltage_gated,True,1.0,33.79200000688434,63.48800001293421,3.014812500614198,31.745000006467308,0.9847869569877369,31.999999993480742,65.53600001335144,500,2097152,1.0,1.0,0.0,0.0,0.0,2097152,1,499,0.9822869503118129,0.9979999997958657,0.9822869503118129,1.0000000002037268,31.999999993480742,65536,65.53600001335144,1.0,104857.6,262144.0,32768.0,8323.072001695633,13107.200002670288,104857.6,0.0,0,408092.6720016956,526057.4720043659,6226.999998757266,8026.999998431303,0.2508437500020818
admission,ready,500,250,2,4,slow,500,0.5,same_voltage_always_on,False,1.0,68.08000000000084,127.47200000000157,6.043187500000613,63.98900000000003,1.9885482788078275,15.939681381491024,131.5679999999993,500,2097152,1.0,1.0,0.0,66.03199998664786,0.0,2097152,126,375,1.4865482788072164,1.4979999999995925,1.9865482788072164,2.0,15.999999999999986,65784,131.5679999999993,1.0,105254.40000000001,262144.0,32768.0,16709.13599999991,26313.59999999986,104857.6,0.0,0,416875.53599999996,548046.7359999998,3168.51769427218,4165.501763346731,0.2613290481567382
admission,ready,500,250,2,4,slow,500,0.5,same_voltage_gated,True,1.0,68.08000000000084,127.47200000000157,6.043187500000613,63.98900000000003,1.9885482788078275,15.939681381491024,131.5679999999993,500,2097152,1.0,1.0,0.0,66.03199998664786,0.0,2097152,126,375,1.4865482788072164,1.4979999999995925,1.9865482788072164,2.0,15.999999999999986,65783,131.5659999999989,0.9999847987352517,105252.8,262144.0,32768.0,16709.13599999991,26313.59999999986,104857.6,0.0,0,416873.93599999987,548045.1359999997,3168.505533260383,4165.489602334934,0.261328285217285
admission,ready,500,250,2,4,slow,500,0.5,lower_voltage_always_on,False,0.8,68.08000000000084,127.47200000000157,6.043187500000613,63.98900000000003,1.9885482788078275,15.939681381491024,131.5679999999993,500,2097152,1.0,1.0,0.0,66.03199998664786,0.0,2097152,126,375,1.4865482788072164,1.4979999999995925,1.9865482788072164,2.0,15.999999999999986,65784,131.5679999999993,1.0,67362.81600000002,167772.16000000003,20971.520000000004,16709.13599999991,26313.59999999986,104857.6,0.0,0,272815.632,403986.8319999998,2073.5713243341957,3070.5553934087466,0.1926359329223632
admission,ready,500,250,2,4,slow,500,0.5,lower_voltage_gated,True,0.8,68.08000000000084,127.47200000000157,6.043187500000613,63.98900000000003,1.9885482788078275,15.939681381491024,131.5679999999993,500,2097152,1.0,1.0,0.0,66.03199998664786,0.0,2097152,126,375,1.4865482788072164,1.4979999999995925,1.9865482788072164,2.0,15.999999999999986,65783,131.5659999999989,0.9999847987352517,67361.79200000002,167772.16000000003,20971.520000000004,16709.13599999991,26313.59999999986,104857.6,0.0,0,272814.608,403985.80799999984,2073.563541286646,3070.5476103611973,0.1926354446411132
admission,ready,500,500,1,2,fast,1000,0,same_voltage_always_on,False,1.0,33.79200000688434,63.48800001293421,3.014812500614198,31.745000006467308,0.9847869569877369,31.999999993480742,65.53600001335144,500,2097152,1.0,1.0,0.0,0.0,0.0,2097152,1,499,0.982786950311813,0.9979999997958657,0.982786950311813,1.0000000002037268,31.999999993480742,65536,65.53600001335144,1.0,134348.8,262144.0,32768.0,9895.936002016068,13107.200002670288,104857.6,0.0,0,439156.73600201606,557121.5360046864,6700.999998665589,8500.999998339626,0.26565625000223464
admission,ready,500,500,1,2,fast,1000,0,same_voltage_gated,True,1.0,33.79200000688434,63.48800001293421,3.014812500614198,31.745000006467308,0.9847869569877369,31.999999993480742,65.53600001335144,500,2097152,1.0,1.0,0.0,0.0,0.0,2097152,1,499,0.982786950311813,0.9979999997958657,0.982786950311813,1.0000000002037268,31.999999993480742,65536,65.53600000000006,0.9999999997962741,134348.8,262144.0,32768.0,9895.936002016068,13107.200002670288,104857.6,0.0,0,439156.73600201606,557121.5360046864,6700.999998665589,8500.999998339626,0.26565625000223464
admission,ready,500,500,1,2,slow,500,0.5,same_voltage_always_on,False,1.0,68.08200000000033,127.47400000000198,6.045187500000111,63.98900000000003,1.9885635375968869,15.939439081857602,131.5699999999997,500,2097152,1.0,1.0,0.0,66.03399998664827,0.0,2097152,125,375,1.4865635375964794,1.4979999999995925,1.9865635375964794,2.0,15.999999999999986,65785,131.5699999999997,1.0,134859.25,262144.0,32768.0,19867.069999999956,26313.99999999994,104857.6,0.0,0,449638.31999999995,580809.9199999999,3417.4836208862275,4414.455574979108,0.27695175170898434
admission,ready,500,500,1,2,slow,500,0.5,same_voltage_gated,True,1.0,68.08200000000033,127.47400000000198,6.045187500000111,63.98900000000003,1.9885635375968869,15.939439081857602,131.5699999999997,500,2097152,1.0,1.0,0.0,66.03399998664827,0.0,2097152,125,375,1.4865635375964794,1.4979999999995925,1.9865635375964794,2.0,15.999999999999986,65784,131.5679999999993,0.9999847989663266,134857.19999999998,262144.0,32768.0,19867.069999999956,26313.99999999994,104857.6,0.0,0,449636.2699999999,580807.8699999999,3417.468039826715,4414.4399939195955,0.27695077419281
admission,ready,500,500,1,2,slow,500,0.5,lower_voltage_always_on,False,0.8,68.08200000000033,127.47400000000198,6.045187500000111,63.98900000000003,1.9885635375968869,15.939439081857602,131.5699999999997,500,2097152,1.0,1.0,0.0,66.03399998664827,0.0,2097152,125,375,1.4865635375964794,1.4979999999995925,1.9865635375964794,2.0,15.999999999999986,65785,131.5699999999997,1.0,86309.92000000001,167772.16000000003,20971.520000000004,19867.069999999956,26313.99999999994,104857.6,0.0,0,294920.67,426092.2699999999,2241.5495173671857,3238.5214714600656,0.2031766271591186
admission,ready,500,500,1,2,slow,500,0.5,lower_voltage_gated,True,0.8,68.08200000000033,127.47400000000198,6.045187500000111,63.98900000000003,1.9885635375968869,15.939439081857602,131.5699999999997,500,2097152,1.0,1.0,0.0,66.03399998664827,0.0,2097152,125,375,1.4865635375964794,1.4979999999995925,1.9865635375964794,2.0,15.999999999999986,65784,131.5679999999993,0.9999847989663266,86308.60800000001,167772.16000000003,20971.520000000004,19867.069999999956,26313.99999999994,104857.6,0.0,0,294919.358,426090.958,2241.539545489098,3238.5114995819786,0.20317600154876708
admission,ready,500,500,1,4,fast,1000,0,same_voltage_always_on,False,1.0,67.58200000000033,126.97400000000198,6.029562500000111,63.48900000000003,1.9796651306138617,16.000244144350383,131.0699999999997,500,2097152,1.0,1.0,0.0,65.53399998664827,0.0,2097152,1,500,1.9776651306134543,1.9979999999995925,1.9776651306134543,2.0,15.999999999999986,131070,131.0699999999997,1.0,268693.5,262144.0,32768.0,19791.569999999956,26213.99999999994,104857.6,0.0,0,583397.07,714468.6699999998,4451.034332799277,5451.046540016796,0.3406852102279662
admission,ready,500,500,1,4,fast,1000,0,same_voltage_gated,True,1.0,67.58200000000033,126.97400000000198,6.029562500000111,63.48900000000003,1.9796651306138617,16.000244144350383,131.0699999999997,500,2097152,1.0,1.0,0.0,65.53399998664827,0.0,2097152,1,500,1.9776651306134543,1.9979999999995925,1.9776651306134543,2.0,15.999999999999986,131070,131.0699999999997,1.0,268693.5,262144.0,32768.0,19791.569999999956,26213.99999999994,104857.6,0.0,0,583397.07,714468.6699999998,4451.034332799277,5451.046540016796,0.3406852102279662
admission,ready,500,500,1,4,slow,500,0.5,same_voltage_always_on,False,1.0,135.66200000000026,254.4459999999999,12.07468750000021,127.47699999999986,3.973274230956262,7.98495267249982,262.637999999999,500,2097152,1.0,1.0,0.0,197.10199998664757,0.0,2097152,63,438,3.4712742309558546,3.4979999999995925,3.9712742309558546,4.0,7.999999999999993,131319,262.637999999999,1.0,269203.94999999995,262144.0,32768.0,39658.33799999985,52527.5999999998,104857.6,0.0,0,603774.2879999998,761159.4879999995,2298.883969570291,2898.131603195282,0.3629491271972654
admission,ready,500,500,1,4,slow,500,0.5,same_voltage_gated,True,1.0,135.66200000000026,254.4459999999999,12.07468750000021,127.47699999999986,3.973274230956262,7.98495267249982,262.637999999999,500,2097152,1.0,1.0,0.0,197.10199998664757,0.0,2097152,63,438,3.4712742309558546,3.4979999999995925,3.9712742309558546,4.0,7.999999999999993,131318,262.6359999999986,0.999992384955717,269201.89999999997,262144.0,32768.0,39658.33799999985,52527.5999999998,104857.6,0.0,0,603772.2379999998,761157.4379999995,2298.8761641499023,2898.123797774893,0.36294814968109107
admission,ready,500,500,1,4,slow,500,0.5,lower_voltage_always_on,False,0.8,135.66200000000026,254.4459999999999,12.07468750000021,127.47699999999986,3.973274230956262,7.98495267249982,262.637999999999,500,2097152,1.0,1.0,0.0,197.10199998664757,0.0,2097152,63,438,3.4712742309558546,3.4979999999995925,3.9712742309558546,4.0,7.999999999999993,131319,262.637999999999,1.0,172290.528,167772.16000000003,20971.520000000004,39658.33799999985,52527.5999999998,104857.6,0.0,0,400692.5459999999,558077.7459999997,1525.6457405249866,2124.8933741499777,0.26611220645904526
admission,ready,500,500,1,4,slow,500,0.5,lower_voltage_gated,True,0.8,135.66200000000026,254.4459999999999,12.07468750000021,127.47699999999986,3.973274230956262,7.98495267249982,262.637999999999,500,2097152,1.0,1.0,0.0,197.10199998664757,0.0,2097152,63,438,3.4712742309558546,3.4979999999995925,3.9712742309558546,4.0,7.999999999999993,131318,262.6359999999986,0.999992384955717,172289.21600000001,167772.16000000003,20971.520000000004,39658.33799999985,52527.5999999998,104857.6,0.0,0,400691.23399999994,558076.4339999998,1525.640745055938,2124.8883786809292,0.26611158084869374
admission,ready,500,500,2,2,fast,1000,0,same_voltage_always_on,False,1.0,33.79200000688434,63.48800001293421,3.014812500614198,31.745000006467308,0.9847869569877369,31.999999993480742,65.53600001335144,500,2097152,1.0,1.0,0.0,0.0,0.0,2097152,1,0,0.0,0.0,0.0,1.0000000002037268,31.999999993480742,65536,65.53600001335144,1.0,137625.6,262144.0,32768.0,9961.472002029419,13107.200002670288,104857.6,0.0,0,442499.0720020294,560463.8720046997,6751.999998655403,8551.99999832944,0.267250000002241
admission,ready,500,500,2,2,fast,1000,0,same_voltage_gated,True,1.0,33.79200000688434,63.48800001293421,3.014812500614198,31.745000006467308,0.9847869569877369,31.999999993480742,65.53600001335144,500,2097152,1.0,1.0,0.0,0.0,0.0,2097152,1,0,0.0,0.0,0.0,1.0000000002037268,31.999999993480742,64538,64.53800001314812,0.984771728515625,135529.80000000002,262144.0,32768.0,9961.472002029419,13107.200002670288,104857.6,0.0,0,440403.27200202947,558368.0720046997,6720.020628544731,8520.020628218768,0.2662506446860789
admission,ready,500,500,2,2,slow,500,0.5,same_voltage_always_on,False,1.0,34.29200000688434,63.98800001293421,3.030437500614198,32.24500000646731,0.9962081911193688,31.757707910472906,66.03600001335144,500,2097152,1.0,1.0,0.0,0.5,0.0,2097152,250,250,0.49420818444344483,0.49899999989793287,0.9942081844434448,1.0000000002037268,31.999999993480742,33018,66.03600001335144,1.0,69337.8,262144.0,32768.0,10037.472002029419,13207.200002670288,104857.6,0.0,0,374287.2720020294,492352.07200469973,5667.9276746979585,7455.813070221605,0.2347717628501414
admission,ready,500,500,2,2,slow,500,0.5,same_voltage_gated,True,1.0,34.29200000688434,63.98800001293421,3.030437500614198,32.24500000646731,0.9962081911193688,31.757707910472906,66.03600001335144,500,2097152,1.0,1.0,0.0,0.5,0.0,2097152,250,250,0.49420818444344483,0.49899999989793287,0.9942081844434448,1.0000000002037268,31.999999993480742,33017,66.03399999999965,0.9999697132874283,69335.7,262144.0,32768.0,10037.472002029419,13207.200002670288,104857.6,0.0,0,374285.17200202943,492349.97200469975,5667.895873862058,7455.781269385704,0.23477076149210918
admission,ready,500,500,2,2,slow,500,0.5,lower_voltage_always_on,False,0.8,34.29200000688434,63.98800001293421,3.030437500614198,32.24500000646731,0.9962081911193688,31.757707910472906,66.03600001335144,500,2097152,1.0,1.0,0.0,0.5,0.0,2097152,250,250,0.49420818444344483,0.49899999989793287,0.9942081844434448,1.0000000002037268,31.999999993480742,33018,66.03600001335144,1.0,44376.19200000001,167772.16000000003,20971.520000000004,10037.472002029419,13207.200002670288,104857.6,0.0,0,243157.34400202945,361222.1440046998,3682.1937118066944,5470.07910733034,0.17224414062724103
admission,ready,500,500,2,2,slow,500,0.5,lower_voltage_gated,True,0.8,34.29200000688434,63.98800001293421,3.030437500614198,32.24500000646731,0.9962081911193688,31.757707910472906,66.03600001335144,500,2097152,1.0,1.0,0.0,0.5,0.0,2097152,250,250,0.49420818444344483,0.49899999989793287,0.9942081844434448,1.0000000002037268,31.999999993480742,33017,66.03399999999965,0.9999697132874283,44374.848000000005,167772.16000000003,20971.520000000004,10037.472002029419,13207.200002670288,104857.6,0.0,0,243156.00000202947,361220.80000469973,3682.173359271718,5470.058754795363,0.17224349975810038
admission,ready,500,500,2,4,fast,1000,0,same_voltage_always_on,False,1.0,33.79200000688434,63.48800001293421,3.014812500614198,31.745000006467308,0.9847869569877369,31.999999993480742,65.53600001335144,500,2097152,1.0,1.0,0.0,0.0,0.0,2097152,1,499,0.9822869503118129,0.9979999997958657,0.9822869503118129,1.0000000002037268,31.999999993480742,65536,65.53600001335144,1.0,137625.6,262144.0,32768.0,9961.472002029419,13107.200002670288,104857.6,0.0,0,442499.0720020294,560463.8720046997,6751.999998655403,8551.99999832944,0.267250000002241
admission,ready,500,500,2,4,fast,1000,0,same_voltage_gated,True,1.0,33.79200000688434,63.48800001293421,3.014812500614198,31.745000006467308,0.9847869569877369,31.999999993480742,65.53600001335144,500,2097152,1.0,1.0,0.0,0.0,0.0,2097152,1,499,0.9822869503118129,0.9979999997958657,0.9822869503118129,1.0000000002037268,31.999999993480742,65536,65.53600001335144,1.0,137625.6,262144.0,32768.0,9961.472002029419,13107.200002670288,104857.6,0.0,0,442499.0720020294,560463.8720046997,6751.999998655403,8551.99999832944,0.267250000002241
admission,ready,500,500,2,4,slow,500,0.5,same_voltage_always_on,False,1.0,68.08000000000084,127.47200000000157,6.043187500000613,63.98900000000003,1.9885482788078275,15.939681381491024,131.5679999999993,500,2097152,1.0,1.0,0.0,66.03199998664786,0.0,2097152,126,375,1.4865482788072164,1.4979999999995925,1.9865482788072164,2.0,15.999999999999986,65784,131.5679999999993,1.0,138146.4,262144.0,32768.0,19998.335999999894,26313.59999999986,104857.6,0.0,0,453056.7359999999,584227.9359999998,3443.517694272181,4440.501763346732,0.27858158874511707
admission,ready,500,500,2,4,slow,500,0.5,same_voltage_gated,True,1.0,68.08000000000084,127.47200000000157,6.043187500000613,63.98900000000003,1.9885482788078275,15.939681381491024,131.5679999999993,500,2097152,1.0,1.0,0.0,66.03199998664786,0.0,2097152,126,375,1.4865482788072164,1.4979999999995925,1.9865482788072164,2.0,15.999999999999986,65783,131.5659999999989,0.9999847987352517,138144.30000000002,262144.0,32768.0,19998.335999999894,26313.59999999986,104857.6,0.0,0,453054.63599999994,584225.8359999998,3443.501732944199,4440.48580201875,0.27858058738708485
admission,ready,500,500,2,4,slow,500,0.5,lower_voltage_always_on,False,0.8,68.08000000000084,127.47200000000157,6.043187500000613,63.98900000000003,1.9885482788078275,15.939681381491024,131.5679999999993,500,2097152,1.0,1.0,0.0,66.03199998664786,0.0,2097152,126,375,1.4865482788072164,1.4979999999995925,1.9865482788072164,2.0,15.999999999999986,65784,131.5679999999993,1.0,88413.69600000001,167772.16000000003,20971.520000000004,19998.335999999894,26313.59999999986,104857.6,0.0,0,297155.71199999994,428326.9119999998,2258.571324334196,3255.555393408747,0.2042421874999999
admission,ready,500,500,2,4,slow,500,0.5,lower_voltage_gated,True,0.8,68.08000000000084,127.47200000000157,6.043187500000613,63.98900000000003,1.9885482788078275,15.939681381491024,131.5679999999993,500,2097152,1.0,1.0,0.0,66.03199998664786,0.0,2097152,126,375,1.4865482788072164,1.4979999999995925,1.9865482788072164,2.0,15.999999999999986,65783,131.5659999999989,0.9999847987352517,88412.35200000003,167772.16000000003,20971.520000000004,19998.335999999894,26313.59999999986,104857.6,0.0,0,297154.36799999996,428325.56799999985,2258.5611090842876,3255.545178158839,0.2042415466308593
